sid,cyclone_name,year,state,District,loss_usd_raw,HWE_weight_norm,loss_usd_hwe,dlna_total
2020136N10088,AMPHAN,2020,ANDHRA PRADESH,ALLURI SITHARAMA RAJU,0.0,0.0,0.0,3200000000
2020136N10088,AMPHAN,2020,ANDHRA PRADESH,ANAKAPALLI,0.0,0.0,0.0,3200000000
2020136N10088,AMPHAN,2020,ANDHRA PRADESH,ANANTHAPURAMU,0.0,0.0,0.0,3200000000
2020136N10088,AMPHAN,2020,ANDHRA PRADESH,ANNAMAYYA,0.0,0.0,0.0,3200000000
2020136N10088,AMPHAN,2020,ANDHRA PRADESH,BAPATLA,0.0,0.0,0.0,3200000000
2020136N10088,AMPHAN,2020,ANDHRA PRADESH,CHITTOOR,0.0,0.0,0.0,3200000000
2020136N10088,AMPHAN,2020,ANDHRA PRADESH,DR.B.R.AMBEDKAR KONASEEMA,0.0,0.0,0.0,3200000000
2020136N10088,AMPHAN,2020,ANDHRA PRADESH,EAST GODAVARI,0.0,0.0,0.0,3200000000
2020136N10088,AMPHAN,2020,ANDHRA PRADESH,ELURU,0.0,0.0,0.0,3200000000
2020136N10088,AMPHAN,2020,ANDHRA PRADESH,GUNTUR,0.0,0.0,0.0,3200000000
2020136N10088,AMPHAN,2020,ANDHRA PRADESH,KAKINADA,0.0,0.0,0.0,3200000000
2020136N10088,AMPHAN,2020,ANDHRA PRADESH,KRISHNA,0.0,0.0,0.0,3200000000
2020136N10088,AMPHAN,2020,ANDHRA PRADESH,KURNOOL,0.0,0.0,0.0,3200000000
2020136N10088,AMPHAN,2020,ANDHRA PRADESH,NANDYAL,0.0,0.0,0.0,3200000000
2020136N10088,AMPHAN,2020,ANDHRA PRADESH,NTR,0.0,0.0,0.0,3200000000
2020136N10088,AMPHAN,2020,ANDHRA PRADESH,PALNADU,0.0,0.0,0.0,3200000000
2020136N10088,AMPHAN,2020,ANDHRA PRADESH,PARVATHIPURAM MANYAM,0.0,0.0,0.0,3200000000
2020136N10088,AMPHAN,2020,ANDHRA PRADESH,PRAKASAM,0.0,0.0,0.0,3200000000
2020136N10088,AMPHAN,2020,ANDHRA PRADESH,SRI POTTI SRIRAMULU NELLORE,0.0,0.0,0.0,3200000000
2020136N10088,AMPHAN,2020,ANDHRA PRADESH,SRI SATHYA SAI,0.0,0.0,0.0,3200000000
2020136N10088,AMPHAN,2020,ANDHRA PRADESH,SRIKAKULAM,0.0,0.0,0.0,3200000000
2020136N10088,AMPHAN,2020,ANDHRA PRADESH,TIRUPATI,0.0,0.0,0.0,3200000000
2020136N10088,AMPHAN,2020,ANDHRA PRADESH,VISAKHAPATNAM,0.0,0.0,0.0,3200000000
2020136N10088,AMPHAN,2020,ANDHRA PRADESH,VIZIANAGARAM,0.0,0.0,0.0,3200000000
2020136N10088,AMPHAN,2020,ANDHRA PRADESH,WEST GODAVARI,0.0,0.0,0.0,3200000000
2020136N10088,AMPHAN,2020,PUDUCHERRY,YANAM,0.0,0.0,0.0,3200000000
2020136N10088,AMPHAN,2020,ANDHRA PRADESH,YSR KADAPA,0.0,0.0,0.0,3200000000
2020136N10088,AMPHAN,2020,ANDAMAN AND NICOBAR ISLANDS,NICOBARS,0.0,0.0,0.0,3200000000
2020136N10088,AMPHAN,2020,ANDAMAN AND NICOBAR ISLANDS,NORTH AND MIDDLE ANDAMAN,0.0,0.0,0.0,3200000000
2020136N10088,AMPHAN,2020,ANDAMAN AND NICOBAR ISLANDS,SOUTH ANDAMANS,0.0,0.0,0.0,3200000000
2020136N10088,AMPHAN,2020,ARUNACHAL PRADESH,>NJ>W,0.0,0.0,0.0,3200000000
2020136N10088,AMPHAN,2020,ARUNACHAL PRADESH,CH>NGL>NG,0.0,0.0,0.0,3200000000
2020136N10088,AMPHAN,2020,ARUNACHAL PRADESH,DIB>NG VALLEY,0.0,0.0,0.0,3200000000
2020136N10088,AMPHAN,2020,ARUNACHAL PRADESH,EAST KAMENG,0.0,0.0,0.0,3200000000
2020136N10088,AMPHAN,2020,ARUNACHAL PRADESH,EAST SIANG,0.0,0.0,0.0,3200000000
2020136N10088,AMPHAN,2020,ARUNACHAL PRADESH,KURUNG KUMEY,0.0,0.0,0.0,3200000000
2020136N10088,AMPHAN,2020,ARUNACHAL PRADESH,LOWER DIB>NG VALLEY,0.0,0.0,0.0,3200000000
2020136N10088,AMPHAN,2020,ARUNACHAL PRADESH,PAPUMPARE,0.0,0.0,0.0,3200000000
2020136N10088,AMPHAN,2020,ARUNACHAL PRADESH,TAWANG,0.0,0.0,0.0,3200000000
2020136N10088,AMPHAN,2020,ARUNACHAL PRADESH,TIR>P,0.0,0.0,0.0,3200000000
2020136N10088,AMPHAN,2020,ARUNACHAL PRADESH,UPPER SIANG,0.0,0.0,0.0,3200000000
2020136N10088,AMPHAN,2020,ARUNACHAL PRADESH,UPPER SUBANSIRI,0.0,0.0,0.0,3200000000
2020136N10088,AMPHAN,2020,ARUNACHAL PRADESH,WEST KAMENG,0.0,0.0,0.0,3200000000
2020136N10088,AMPHAN,2020,ARUNACHAL PRADESH,SHI YOMI,0.0,0.0,0.0,3200000000
2020136N10088,AMPHAN,2020,ARUNACHAL PRADESH,NAMSAI,0.0,0.0,0.0,3200000000
2020136N10088,AMPHAN,2020,ARUNACHAL PRADESH,WEST SIANG,0.0,0.0,0.0,3200000000
2020136N10088,AMPHAN,2020,ARUNACHAL PRADESH,SIANG,0.0,0.0,0.0,3200000000
2020136N10088,AMPHAN,2020,ARUNACHAL PRADESH,LONGDING,0.0,0.0,0.0,3200000000
2020136N10088,AMPHAN,2020,ARUNACHAL PRADESH,PAKKE KESSANG,0.0,0.0,0.0,3200000000
2020136N10088,AMPHAN,2020,ARUNACHAL PRADESH,LOWER SIANG,0.0,0.0,0.0,3200000000
2020136N10088,AMPHAN,2020,ARUNACHAL PRADESH,LEPA RADA,0.0,0.0,0.0,3200000000
2020136N10088,AMPHAN,2020,ARUNACHAL PRADESH,BICHOM,0.0,0.0,0.0,3200000000
2020136N10088,AMPHAN,2020,ARUNACHAL PRADESH,KRA DAADI,0.0,0.0,0.0,3200000000
2020136N10088,AMPHAN,2020,ARUNACHAL PRADESH,KAMLE,0.0,0.0,0.0,3200000000
2020136N10088,AMPHAN,2020,ARUNACHAL PRADESH,KEYI PANYOR,0.0,0.0,0.0,3200000000
2020136N10088,AMPHAN,2020,ARUNACHAL PRADESH,LOWER SUBANSIRI,0.0,0.0,0.0,3200000000
2020136N10088,AMPHAN,2020,ASSAM,KOKRAJHAR,0.0,0.0,0.0,3200000000
2020136N10088,AMPHAN,2020,ASSAM,CHIRANG,0.0,0.0,0.0,3200000000
2020136N10088,AMPHAN,2020,ASSAM,UDALGURI,0.0,0.0,0.0,3200000000
2020136N10088,AMPHAN,2020,ASSAM,BAKSA,0.0,0.0,0.0,3200000000
2020136N10088,AMPHAN,2020,ASSAM,DHUBRI,0.0,0.0,0.0,3200000000
2020136N10088,AMPHAN,2020,ASSAM,DARANG,0.0,0.0,0.0,3200000000
2020136N10088,AMPHAN,2020,ASSAM,KARBI ANGLONG,0.0,0.0,0.0,3200000000
2020136N10088,AMPHAN,2020,ASSAM,DIMA HASAO,0.0,0.0,0.0,3200000000
2020136N10088,AMPHAN,2020,ASSAM,CACHAR,0.0,0.0,0.0,3200000000
2020136N10088,AMPHAN,2020,ASSAM,KARIMGANJ,0.0,0.0,0.0,3200000000
2020136N10088,AMPHAN,2020,ASSAM,HAILAKANDI,0.0,0.0,0.0,3200000000
2020136N10088,AMPHAN,2020,ASSAM,WEST KARBI ANGLONG,0.0,0.0,0.0,3200000000
2020136N10088,AMPHAN,2020,ASSAM,JORHAT,0.0,0.0,0.0,3200000000
2020136N10088,AMPHAN,2020,ASSAM,GOLAGHAT,0.0,0.0,0.0,3200000000
2020136N10088,AMPHAN,2020,ASSAM,SONITPUR,0.0,0.0,0.0,3200000000
2020136N10088,AMPHAN,2020,ASSAM,DHEMAJI,0.0,0.0,0.0,3200000000
2020136N10088,AMPHAN,2020,ASSAM,CHARAIDEO,0.0,0.0,0.0,3200000000
2020136N10088,AMPHAN,2020,ASSAM,TINSUKIA,0.0,0.0,0.0,3200000000
2020136N10088,AMPHAN,2020,ASSAM,LAKHIMPUR,0.0,0.0,0.0,3200000000
2020136N10088,AMPHAN,2020,ASSAM,MAJULI,0.0,0.0,0.0,3200000000
2020136N10088,AMPHAN,2020,ASSAM,SIBSAGAR,0.0,0.0,0.0,3200000000
2020136N10088,AMPHAN,2020,ASSAM,NAGAON,0.0,0.0,0.0,3200000000
2020136N10088,AMPHAN,2020,ASSAM,MARIGAON,0.0,0.0,0.0,3200000000
2020136N10088,AMPHAN,2020,ASSAM,KAMRUP METRO,0.0,0.0,0.0,3200000000
2020136N10088,AMPHAN,2020,ASSAM,NALBARI,0.0,0.0,0.0,3200000000
2020136N10088,AMPHAN,2020,ASSAM,GOALPARA,0.0,0.0,0.0,3200000000
2020136N10088,AMPHAN,2020,ASSAM,BONGAIGAON,0.0,0.0,0.0,3200000000
2020136N10088,AMPHAN,2020,ASSAM,KAMRUP RURAL,0.0,0.0,0.0,3200000000
2020136N10088,AMPHAN,2020,ASSAM,DIBRUGARH,0.0,0.0,0.0,3200000000
2020136N10088,AMPHAN,2020,ASSAM,HOJAI,0.0,0.0,0.0,3200000000
2020136N10088,AMPHAN,2020,ASSAM,TAMULPUR,0.0,0.0,0.0,3200000000
2020136N10088,AMPHAN,2020,ASSAM,BISWANATH,0.0,0.0,0.0,3200000000
2020136N10088,AMPHAN,2020,ASSAM,BARPETA,0.0,0.0,0.0,3200000000
2020136N10088,AMPHAN,2020,ASSAM,BAJALI,0.0,0.0,0.0,3200000000
2020136N10088,AMPHAN,2020,ASSAM,SOUTH SALMARA MANCACHAR,0.0,0.0,0.0,3200000000
2020136N10088,AMPHAN,2020,BIHAR,ARARIA,0.0,0.0,0.0,3200000000
2020136N10088,AMPHAN,2020,BIHAR,ARWAL,0.0,0.0,0.0,3200000000
2020136N10088,AMPHAN,2020,BIHAR,AURANGABAD,0.0,0.0,0.0,3200000000
2020136N10088,AMPHAN,2020,BIHAR,BANKA,0.0,0.0,0.0,3200000000
2020136N10088,AMPHAN,2020,BIHAR,BEGUSARAI,0.0,0.0,0.0,3200000000
2020136N10088,AMPHAN,2020,BIHAR,BHAGALPUR,0.0,0.0,0.0,3200000000
2020136N10088,AMPHAN,2020,BIHAR,BHOJPUR,0.0,0.0,0.0,3200000000
2020136N10088,AMPHAN,2020,BIHAR,BUXAR,0.0,0.0,0.0,3200000000
2020136N10088,AMPHAN,2020,BIHAR,DARBHANGA,0.0,0.0,0.0,3200000000
2020136N10088,AMPHAN,2020,BIHAR,GAYA,0.0,0.0,0.0,3200000000
2020136N10088,AMPHAN,2020,BIHAR,GOPALGANJ,0.0,0.0,0.0,3200000000
2020136N10088,AMPHAN,2020,BIHAR,JAHANABAD,0.0,0.0,0.0,3200000000
2020136N10088,AMPHAN,2020,BIHAR,JAMUI,0.0,0.0,0.0,3200000000
2020136N10088,AMPHAN,2020,BIHAR,KAIMUR,0.0,0.0,0.0,3200000000
2020136N10088,AMPHAN,2020,BIHAR,KATIHAR,0.0,0.0,0.0,3200000000
2020136N10088,AMPHAN,2020,BIHAR,KHAGARIA,0.0,0.0,0.0,3200000000
2020136N10088,AMPHAN,2020,BIHAR,KISHANGANJ,0.0,0.0,0.0,3200000000
2020136N10088,AMPHAN,2020,BIHAR,LAKHISARAI,0.0,0.0,0.0,3200000000
2020136N10088,AMPHAN,2020,BIHAR,MADHEPURA,0.0,0.0,0.0,3200000000
2020136N10088,AMPHAN,2020,BIHAR,MADHUBANI,0.0,0.0,0.0,3200000000
2020136N10088,AMPHAN,2020,BIHAR,MUNGER,0.0,0.0,0.0,3200000000
2020136N10088,AMPHAN,2020,BIHAR,MUZAFFARPUR,0.0,0.0,0.0,3200000000
2020136N10088,AMPHAN,2020,BIHAR,NALANDA,0.0,0.0,0.0,3200000000
2020136N10088,AMPHAN,2020,BIHAR,NAWADA,0.0,0.0,0.0,3200000000
2020136N10088,AMPHAN,2020,BIHAR,PASHCHIMI CHAMPARAN,0.0,0.0,0.0,3200000000
2020136N10088,AMPHAN,2020,BIHAR,PATNA,0.0,0.0,0.0,3200000000
2020136N10088,AMPHAN,2020,BIHAR,PURBI CHAMPARAN,0.0,0.0,0.0,3200000000
2020136N10088,AMPHAN,2020,BIHAR,PURNIA,0.0,0.0,0.0,3200000000
2020136N10088,AMPHAN,2020,BIHAR,ROHTAS,0.0,0.0,0.0,3200000000
2020136N10088,AMPHAN,2020,BIHAR,SAHARSA,0.0,0.0,0.0,3200000000
2020136N10088,AMPHAN,2020,BIHAR,SAMASTIPUR,0.0,0.0,0.0,3200000000
2020136N10088,AMPHAN,2020,BIHAR,SARAN,0.0,0.0,0.0,3200000000
2020136N10088,AMPHAN,2020,BIHAR,SHEIKHPURA,0.0,0.0,0.0,3200000000
2020136N10088,AMPHAN,2020,BIHAR,SHEOHAR,0.0,0.0,0.0,3200000000
2020136N10088,AMPHAN,2020,BIHAR,SITAMARHI,0.0,0.0,0.0,3200000000
2020136N10088,AMPHAN,2020,BIHAR,SIWAN,0.0,0.0,0.0,3200000000
2020136N10088,AMPHAN,2020,BIHAR,SUPAUL,0.0,0.0,0.0,3200000000
2020136N10088,AMPHAN,2020,BIHAR,VAISHALI,0.0,0.0,0.0,3200000000
2020136N10088,AMPHAN,2020,CHHATTISGARH,KAWARDHA (KABIRDHAM),0.0,0.0,0.0,3200000000
2020136N10088,AMPHAN,2020,CHHATTISGARH,GAURELA-PENDRA-MARWAHI,0.0,0.0,0.0,3200000000
2020136N10088,AMPHAN,2020,CHHATTISGARH,SURAJPUR,0.0,0.0,0.0,3200000000
2020136N10088,AMPHAN,2020,CHHATTISGARH,BALRAMPUR,0.0,0.0,0.0,3200000000
2020136N10088,AMPHAN,2020,CHHATTISGARH,MUNGELI,0.0,0.0,0.0,3200000000
2020136N10088,AMPHAN,2020,CHHATTISGARH,DAKSHIN BASTAR DANTEWARA,0.0,0.0,0.0,3200000000
2020136N10088,AMPHAN,2020,CHHATTISGARH,BIJAPUR,0.0,0.0,0.0,3200000000
2020136N10088,AMPHAN,2020,CHHATTISGARH,BASTAR,0.0,0.0,0.0,3200000000
2020136N10088,AMPHAN,2020,CHHATTISGARH,SUKMA,0.0,0.0,0.0,3200000000
2020136N10088,AMPHAN,2020,CHHATTISGARH,KONDAGAON,0.0,0.0,0.0,3200000000
2020136N10088,AMPHAN,2020,CHHATTISGARH,NARAYANPUR,0.0,0.0,0.0,3200000000
2020136N10088,AMPHAN,2020,CHHATTISGARH,UTTAR BASTAR KANKER,0.0,0.0,0.0,3200000000
2020136N10088,AMPHAN,2020,CHHATTISGARH,GARIYABAND,0.0,0.0,0.0,3200000000
2020136N10088,AMPHAN,2020,CHHATTISGARH,DHAMTARI,0.0,0.0,0.0,3200000000
2020136N10088,AMPHAN,2020,CHHATTISGARH,BALOD,0.0,0.0,0.0,3200000000
2020136N10088,AMPHAN,2020,CHHATTISGARH,MAHASAMUND,0.0,0.0,0.0,3200000000
2020136N10088,AMPHAN,2020,CHHATTISGARH,DURG,0.0,0.0,0.0,3200000000
2020136N10088,AMPHAN,2020,CHHATTISGARH,RAIPUR,0.0,0.0,0.0,3200000000
2020136N10088,AMPHAN,2020,CHHATTISGARH,BEMETARA,0.0,0.0,0.0,3200000000
2020136N10088,AMPHAN,2020,CHHATTISGARH,BILASPUR,0.0,0.0,0.0,3200000000
2020136N10088,AMPHAN,2020,CHHATTISGARH,KORBA,0.0,0.0,0.0,3200000000
2020136N10088,AMPHAN,2020,CHHATTISGARH,JASHPUR,0.0,0.0,0.0,3200000000
2020136N10088,AMPHAN,2020,CHHATTISGARH,SURGUJA,0.0,0.0,0.0,3200000000
2020136N10088,AMPHAN,2020,CHHATTISGARH,KHAIRGARH-CHHUIKHADAN-GANDAI,0.0,0.0,0.0,3200000000
2020136N10088,AMPHAN,2020,CHHATTISGARH,RAJNANDGAON,0.0,0.0,0.0,3200000000
2020136N10088,AMPHAN,2020,CHHATTISGARH,MOHLA-MANPUR-AMBAGARH CHOWKI,0.0,0.0,0.0,3200000000
2020136N10088,AMPHAN,2020,CHHATTISGARH,JANJGIR - CHAMPA,0.0,0.0,0.0,3200000000
2020136N10088,AMPHAN,2020,CHHATTISGARH,SAKTI,0.0,0.0,0.0,3200000000
2020136N10088,AMPHAN,2020,CHHATTISGARH,RAIGARH,0.0,0.0,0.0,3200000000
2020136N10088,AMPHAN,2020,CHHATTISGARH,KOREA,0.0,0.0,0.0,3200000000
2020136N10088,AMPHAN,2020,CHHATTISGARH,MANENDRAGARH-CHIRMIRI-BHARATPUR,0.0,0.0,0.0,3200000000
2020136N10088,AMPHAN,2020,CHHATTISGARH,SARANGARH-BILAIGARH,0.0,0.0,0.0,3200000000
2020136N10088,AMPHAN,2020,CHHATTISGARH,BALODA BAZAR,0.0,0.0,0.0,3200000000
2020136N10088,AMPHAN,2020,DELHI,NAZUL,0.0,0.0,0.0,3200000000
2020136N10088,AMPHAN,2020,DELHI,SOUTH WEST,0.0,0.0,0.0,3200000000
2020136N10088,AMPHAN,2020,DELHI,WEST,0.0,0.0,0.0,3200000000
2020136N10088,AMPHAN,2020,DELHI,CENTRAL,0.0,0.0,0.0,3200000000
2020136N10088,AMPHAN,2020,DELHI,EAST,0.0,0.0,0.0,3200000000
2020136N10088,AMPHAN,2020,DELHI,NEW DELHI,0.0,0.0,0.0,3200000000
2020136N10088,AMPHAN,2020,DELHI,NORTH,0.0,0.0,0.0,3200000000
2020136N10088,AMPHAN,2020,DELHI,SHAHADARA,0.0,0.0,0.0,3200000000
2020136N10088,AMPHAN,2020,DELHI,NORTH EAST,0.0,0.0,0.0,3200000000
2020136N10088,AMPHAN,2020,DELHI,SOUTH EAST,0.0,0.0,0.0,3200000000
2020136N10088,AMPHAN,2020,DELHI,SOUTH,0.0,0.0,0.0,3200000000
2020136N10088,AMPHAN,2020,DELHI,NORTH WEST,0.0,0.0,0.0,3200000000
2020136N10088,AMPHAN,2020,GOA,NORTH GOA,0.0,0.0,0.0,3200000000
2020136N10088,AMPHAN,2020,GOA,SOUTH GOA,0.0,0.0,0.0,3200000000
2020136N10088,AMPHAN,2020,DADRA & NAGAR HAVELI & DAMAN & DIU,DADRA AND NAGAR HAVELI,0.0,0.0,0.0,3200000000
2020136N10088,AMPHAN,2020,DADRA & NAGAR HAVELI & DAMAN & DIU,DAMAN,0.0,0.0,0.0,3200000000
2020136N10088,AMPHAN,2020,DADRA & NAGAR HAVELI & DAMAN & DIU,DIU,0.0,0.0,0.0,3200000000
2020136N10088,AMPHAN,2020,GUJARAT,AHMADABAD,0.0,0.0,0.0,3200000000
2020136N10088,AMPHAN,2020,GUJARAT,AMRELI,0.0,0.0,0.0,3200000000
2020136N10088,AMPHAN,2020,GUJARAT,ANAND,0.0,0.0,0.0,3200000000
2020136N10088,AMPHAN,2020,GUJARAT,ARVALLI,0.0,0.0,0.0,3200000000
2020136N10088,AMPHAN,2020,GUJARAT,BANAS KANTHA,0.0,0.0,0.0,3200000000
2020136N10088,AMPHAN,2020,GUJARAT,BHARUCH,0.0,0.0,0.0,3200000000
2020136N10088,AMPHAN,2020,GUJARAT,BHAVNAGAR,0.0,0.0,0.0,3200000000
2020136N10088,AMPHAN,2020,GUJARAT,BOTAD,0.0,0.0,0.0,3200000000
2020136N10088,AMPHAN,2020,GUJARAT,CHHOTAUDEPUR,0.0,0.0,0.0,3200000000
2020136N10088,AMPHAN,2020,GUJARAT,DAHOD,0.0,0.0,0.0,3200000000
2020136N10088,AMPHAN,2020,GUJARAT,DANGS,0.0,0.0,0.0,3200000000
2020136N10088,AMPHAN,2020,GUJARAT,DEVBHUMI DWARKA,0.0,0.0,0.0,3200000000
2020136N10088,AMPHAN,2020,GUJARAT,GANDHINAGAR,0.0,0.0,0.0,3200000000
2020136N10088,AMPHAN,2020,GUJARAT,GIR SOMNATH,0.0,0.0,0.0,3200000000
2020136N10088,AMPHAN,2020,GUJARAT and DNH & DD ISLANDS,ISLAND,0.0,0.0,0.0,3200000000
2020136N10088,AMPHAN,2020,GUJARAT,JAMNAGAR,0.0,0.0,0.0,3200000000
2020136N10088,AMPHAN,2020,GUJARAT,JUNAGADH,0.0,0.0,0.0,3200000000
2020136N10088,AMPHAN,2020,GUJARAT,KACHCHH,0.0,0.0,0.0,3200000000
2020136N10088,AMPHAN,2020,GUJARAT,KHEDA,0.0,0.0,0.0,3200000000
2020136N10088,AMPHAN,2020,GUJARAT,MAHESANA,0.0,0.0,0.0,3200000000
2020136N10088,AMPHAN,2020,GUJARAT,MAHISAGAR,0.0,0.0,0.0,3200000000
2020136N10088,AMPHAN,2020,GUJARAT,MORBI,0.0,0.0,0.0,3200000000
2020136N10088,AMPHAN,2020,GUJARAT,NARMADA,0.0,0.0,0.0,3200000000
2020136N10088,AMPHAN,2020,GUJARAT,NAVSARI,0.0,0.0,0.0,3200000000
2020136N10088,AMPHAN,2020,GUJARAT,PANCH MAHALS,0.0,0.0,0.0,3200000000
2020136N10088,AMPHAN,2020,GUJARAT,PATAN,0.0,0.0,0.0,3200000000
2020136N10088,AMPHAN,2020,GUJARAT,PORBANDAR,0.0,0.0,0.0,3200000000
2020136N10088,AMPHAN,2020,GUJARAT,RAJKOT,0.0,0.0,0.0,3200000000
2020136N10088,AMPHAN,2020,GUJARAT,SABAR KANTHA,0.0,0.0,0.0,3200000000
2020136N10088,AMPHAN,2020,GUJARAT,SURAT,0.0,0.0,0.0,3200000000
2020136N10088,AMPHAN,2020,GUJARAT,SURENDRANAGAR,0.0,0.0,0.0,3200000000
2020136N10088,AMPHAN,2020,GUJARAT,TAPI,0.0,0.0,0.0,3200000000
2020136N10088,AMPHAN,2020,GUJARAT,VADODARA,0.0,0.0,0.0,3200000000
2020136N10088,AMPHAN,2020,GUJARAT,VALSAD,0.0,0.0,0.0,3200000000
2020136N10088,AMPHAN,2020,HARYANA,AMBALA,0.0,0.0,0.0,3200000000
2020136N10088,AMPHAN,2020,HARYANA,BHIWANI,0.0,0.0,0.0,3200000000
2020136N10088,AMPHAN,2020,HARYANA,CHARKI DADRI,0.0,0.0,0.0,3200000000
2020136N10088,AMPHAN,2020,HARYANA,FARIDABAD,0.0,0.0,0.0,3200000000
2020136N10088,AMPHAN,2020,HARYANA,FATEHABAD,0.0,0.0,0.0,3200000000
2020136N10088,AMPHAN,2020,HARYANA,GURUGRAM,0.0,0.0,0.0,3200000000
2020136N10088,AMPHAN,2020,HARYANA,HISAR,0.0,0.0,0.0,3200000000
2020136N10088,AMPHAN,2020,HARYANA,JHAJJAR,0.0,0.0,0.0,3200000000
2020136N10088,AMPHAN,2020,HARYANA,JIND,0.0,0.0,0.0,3200000000
2020136N10088,AMPHAN,2020,HARYANA,KAITHAL,0.0,0.0,0.0,3200000000
2020136N10088,AMPHAN,2020,HARYANA,KARNAL,0.0,0.0,0.0,3200000000
2020136N10088,AMPHAN,2020,HARYANA,KURUKSHETRA,0.0,0.0,0.0,3200000000
2020136N10088,AMPHAN,2020,HARYANA,MAHENDRAGARH,0.0,0.0,0.0,3200000000
2020136N10088,AMPHAN,2020,HARYANA,NUH,0.0,0.0,0.0,3200000000
2020136N10088,AMPHAN,2020,HARYANA,PALWAL,0.0,0.0,0.0,3200000000
2020136N10088,AMPHAN,2020,HARYANA,PANCHKULA,0.0,0.0,0.0,3200000000
2020136N10088,AMPHAN,2020,HARYANA,PANIPAT,0.0,0.0,0.0,3200000000
2020136N10088,AMPHAN,2020,HARYANA,REWARI,0.0,0.0,0.0,3200000000
2020136N10088,AMPHAN,2020,HARYANA,ROHTAK,0.0,0.0,0.0,3200000000
2020136N10088,AMPHAN,2020,HARYANA,SIRSA,0.0,0.0,0.0,3200000000
2020136N10088,AMPHAN,2020,HARYANA,SONIPAT,0.0,0.0,0.0,3200000000
2020136N10088,AMPHAN,2020,HARYANA,YAMUNANAGAR,0.0,0.0,0.0,3200000000
2020136N10088,AMPHAN,2020,HIMACHAL PRADESH,BIL>SPUR,0.0,0.0,0.0,3200000000
2020136N10088,AMPHAN,2020,HIMACHAL PRADESH,SHIMLA,0.0,0.0,0.0,3200000000
2020136N10088,AMPHAN,2020,HIMACHAL PRADESH,KINNAUR,0.0,0.0,0.0,3200000000
2020136N10088,AMPHAN,2020,HIMACHAL PRADESH,SOLAN,0.0,0.0,0.0,3200000000
2020136N10088,AMPHAN,2020,HIMACHAL PRADESH,SIRMAUR,0.0,0.0,0.0,3200000000
2020136N10088,AMPHAN,2020,HIMACHAL PRADESH,KULLU,0.0,0.0,0.0,3200000000
2020136N10088,AMPHAN,2020,HIMACHAL PRADESH,CHAMBA,0.0,0.0,0.0,3200000000
2020136N10088,AMPHAN,2020,HIMACHAL PRADESH,MANDI,0.0,0.0,0.0,3200000000
2020136N10088,AMPHAN,2020,HIMACHAL PRADESH,K>NGRA,0.0,0.0,0.0,3200000000
2020136N10088,AMPHAN,2020,HIMACHAL PRADESH,HAM|RPUR,0.0,0.0,0.0,3200000000
2020136N10088,AMPHAN,2020,HIMACHAL PRADESH,UNA,0.0,0.0,0.0,3200000000
2020136N10088,AMPHAN,2020,HIMACHAL PRADESH,LAHUL & SPITI,0.0,0.0,0.0,3200000000
2020136N10088,AMPHAN,2020,JAMMU AND KASHMIR,MIRPUR,0.0,0.0,0.0,3200000000
2020136N10088,AMPHAN,2020,JAMMU AND KASHMIR,MUZAFFARABAD,0.0,0.0,0.0,3200000000
2020136N10088,AMPHAN,2020,JAMMU AND KASHMIR,PUNCH,0.0,0.0,0.0,3200000000
2020136N10088,AMPHAN,2020,JAMMU AND KASHMIR,ANANTNAG,0.0,0.0,0.0,3200000000
2020136N10088,AMPHAN,2020,JAMMU AND KASHMIR,BARAMULA,0.0,0.0,0.0,3200000000
2020136N10088,AMPHAN,2020,JAMMU AND KASHMIR,KATHUA,0.0,0.0,0.0,3200000000
2020136N10088,AMPHAN,2020,JAMMU AND KASHMIR,UDHAMPUR,0.0,0.0,0.0,3200000000
2020136N10088,AMPHAN,2020,JAMMU AND KASHMIR,BADGAM,0.0,0.0,0.0,3200000000
2020136N10088,AMPHAN,2020,JAMMU AND KASHMIR,BANDIPURA,0.0,0.0,0.0,3200000000
2020136N10088,AMPHAN,2020,JAMMU AND KASHMIR,GANDERBAL,0.0,0.0,0.0,3200000000
2020136N10088,AMPHAN,2020,JAMMU AND KASHMIR,KULGAM,0.0,0.0,0.0,3200000000
2020136N10088,AMPHAN,2020,JAMMU AND KASHMIR,KUPWARA,0.0,0.0,0.0,3200000000
2020136N10088,AMPHAN,2020,JAMMU AND KASHMIR,PULWAMA,0.0,0.0,0.0,3200000000
2020136N10088,AMPHAN,2020,JAMMU AND KASHMIR,RAJAURI,0.0,0.0,0.0,3200000000
2020136N10088,AMPHAN,2020,JAMMU AND KASHMIR,RAMBAN,0.0,0.0,0.0,3200000000
2020136N10088,AMPHAN,2020,JAMMU AND KASHMIR,RIASI,0.0,0.0,0.0,3200000000
2020136N10088,AMPHAN,2020,JAMMU AND KASHMIR,SHUPIYAN,0.0,0.0,0.0,3200000000
2020136N10088,AMPHAN,2020,JAMMU AND KASHMIR,SRINAGAR,0.0,0.0,0.0,3200000000
2020136N10088,AMPHAN,2020,JAMMU AND KASHMIR,KISHTWAR,0.0,0.0,0.0,3200000000
2020136N10088,AMPHAN,2020,JAMMU AND KASHMIR,DODA,0.0,0.0,0.0,3200000000
2020136N10088,AMPHAN,2020,JAMMU AND KASHMIR,SAMBA,0.0,0.0,0.0,3200000000
2020136N10088,AMPHAN,2020,JAMMU AND KASHMIR,JAMMU,0.0,0.0,0.0,3200000000
2020136N10088,AMPHAN,2020,,NONE,0.0,0.0,0.0,3200000000
2020136N10088,AMPHAN,2020,JHARKHAND,GARHWA,0.0,0.0,0.0,3200000000
2020136N10088,AMPHAN,2020,JHARKHAND,CHATRA,0.0,0.0,0.0,3200000000
2020136N10088,AMPHAN,2020,JHARKHAND,KODERMA,0.0,0.0,0.0,3200000000
2020136N10088,AMPHAN,2020,JHARKHAND,GIRIDIH,0.0,0.0,0.0,3200000000
2020136N10088,AMPHAN,2020,JHARKHAND,DEOGHAR,0.0,0.0,0.0,3200000000
2020136N10088,AMPHAN,2020,JHARKHAND,GODDA,0.0,0.0,0.0,3200000000
2020136N10088,AMPHAN,2020,JHARKHAND,SAHIBGANJ,0.0,0.0,0.0,3200000000
2020136N10088,AMPHAN,2020,JHARKHAND,PAKUR,0.0,0.0,0.0,3200000000
2020136N10088,AMPHAN,2020,JHARKHAND,DHANBAD,0.0,0.0,0.0,3200000000
2020136N10088,AMPHAN,2020,JHARKHAND,BOKARO,0.0,0.0,0.0,3200000000
2020136N10088,AMPHAN,2020,JHARKHAND,LOHARDAGA,0.0,0.0,0.0,3200000000
2020136N10088,AMPHAN,2020,JHARKHAND,EAST SINGHBHUM,0.0,0.0,0.0,3200000000
2020136N10088,AMPHAN,2020,JHARKHAND,PALAMU,0.0,0.0,0.0,3200000000
2020136N10088,AMPHAN,2020,JHARKHAND,LATEHAR,0.0,0.0,0.0,3200000000
2020136N10088,AMPHAN,2020,JHARKHAND,HAZARIBAGH,0.0,0.0,0.0,3200000000
2020136N10088,AMPHAN,2020,JHARKHAND,RAMGARH,0.0,0.0,0.0,3200000000
2020136N10088,AMPHAN,2020,JHARKHAND,DUMKA,0.0,0.0,0.0,3200000000
2020136N10088,AMPHAN,2020,JHARKHAND,JAMTARA,0.0,0.0,0.0,3200000000
2020136N10088,AMPHAN,2020,JHARKHAND,RANCHI,0.0,0.0,0.0,3200000000
2020136N10088,AMPHAN,2020,JHARKHAND,KHUNTI,0.0,0.0,0.0,3200000000
2020136N10088,AMPHAN,2020,JHARKHAND,GUMLA,0.0,0.0,0.0,3200000000
2020136N10088,AMPHAN,2020,JHARKHAND,SIMDEGA,0.0,0.0,0.0,3200000000
2020136N10088,AMPHAN,2020,JHARKHAND,WEST SINGHBHUM,0.0,0.0,0.0,3200000000
2020136N10088,AMPHAN,2020,JHARKHAND,SARAIKELA-KHARSAWAN,0.0,0.0,0.0,3200000000
2020136N10088,AMPHAN,2020,KARNATAKA,B,0.0,0.0,0.0,3200000000
2020136N10088,AMPHAN,2020,KARNATAKA,BENGAL#RU (RURAL),0.0,0.0,0.0,3200000000
2020136N10088,AMPHAN,2020,KARNATAKA,BELAG,0.0,0.0,0.0,3200000000
2020136N10088,AMPHAN,2020,KARNATAKA,CHIKKAMAGAL#RU,0.0,0.0,0.0,3200000000
2020136N10088,AMPHAN,2020,KARNATAKA,BALL,0.0,0.0,0.0,3200000000
2020136N10088,AMPHAN,2020,KARNATAKA,CH,0.0,0.0,0.0,3200000000
2020136N10088,AMPHAN,2020,KARNATAKA,CHITRADURGA,0.0,0.0,0.0,3200000000
2020136N10088,AMPHAN,2020,KARNATAKA,KOPPAL,0.0,0.0,0.0,3200000000
2020136N10088,AMPHAN,2020,KARNATAKA,VIJAYANAGARA,0.0,0.0,0.0,3200000000
2020136N10088,AMPHAN,2020,KARNATAKA,RAICH#R,0.0,0.0,0.0,3200000000
2020136N10088,AMPHAN,2020,KARNATAKA,CHIKKABALL,0.0,0.0,0.0,3200000000
2020136N10088,AMPHAN,2020,KARNATAKA,D,0.0,0.0,0.0,3200000000
2020136N10088,AMPHAN,2020,KARNATAKA,DH,0.0,0.0,0.0,3200000000
2020136N10088,AMPHAN,2020,KARNATAKA,GADAG,0.0,0.0,0.0,3200000000
2020136N10088,AMPHAN,2020,KARNATAKA,H,0.0,0.0,0.0,3200000000
2020136N10088,AMPHAN,2020,KARNATAKA,KALABURAGI,0.0,0.0,0.0,3200000000
2020136N10088,AMPHAN,2020,KARNATAKA,BENGAL#RU (URBAN),0.0,0.0,0.0,3200000000
2020136N10088,AMPHAN,2020,KARNATAKA,KOL,0.0,0.0,0.0,3200000000
2020136N10088,AMPHAN,2020,KARNATAKA,MANDYA,0.0,0.0,0.0,3200000000
2020136N10088,AMPHAN,2020,KARNATAKA,MYS#RU,0.0,0.0,0.0,3200000000
2020136N10088,AMPHAN,2020,KARNATAKA,SHIVAMOGGA,0.0,0.0,0.0,3200000000
2020136N10088,AMPHAN,2020,KARNATAKA,DAKSHINA KANNADA,0.0,0.0,0.0,3200000000
2020136N10088,AMPHAN,2020,KARNATAKA,UTTARA KANNADA,0.0,0.0,0.0,3200000000
2020136N10088,AMPHAN,2020,KARNATAKA,VIJAYAPURA,0.0,0.0,0.0,3200000000
2020136N10088,AMPHAN,2020,KARNATAKA,Y,0.0,0.0,0.0,3200000000
2020136N10088,AMPHAN,2020,KARNATAKA,R,0.0,0.0,0.0,3200000000
2020136N10088,AMPHAN,2020,KERALA,PALAKKAD,0.0,0.0,0.0,3200000000
2020136N10088,AMPHAN,2020,KERALA,ALAPPUZHA,0.0,0.0,0.0,3200000000
2020136N10088,AMPHAN,2020,KERALA,KOTTAYAM,0.0,0.0,0.0,3200000000
2020136N10088,AMPHAN,2020,KERALA,KOLLAM,0.0,0.0,0.0,3200000000
2020136N10088,AMPHAN,2020,KERALA,KOZHIKODE,0.0,0.0,0.0,3200000000
2020136N10088,AMPHAN,2020,KERALA,KASARAGOD,0.0,0.0,0.0,3200000000
2020136N10088,AMPHAN,2020,KERALA,MALAPPURAM,0.0,0.0,0.0,3200000000
2020136N10088,AMPHAN,2020,KERALA,WAYANAD,0.0,0.0,0.0,3200000000
2020136N10088,AMPHAN,2020,KERALA,PATHANAMTHITTA,0.0,0.0,0.0,3200000000
2020136N10088,AMPHAN,2020,KERALA,IDUKKI,0.0,0.0,0.0,3200000000
2020136N10088,AMPHAN,2020,KERALA,THRISSUR,0.0,0.0,0.0,3200000000
2020136N10088,AMPHAN,2020,KERALA,ERNAKULAM,0.0,0.0,0.0,3200000000
2020136N10088,AMPHAN,2020,KERALA,THIRUVANANTHAPURAM,0.0,0.0,0.0,3200000000
2020136N10088,AMPHAN,2020,KERALA,KANNUR,0.0,0.0,0.0,3200000000
2020136N10088,AMPHAN,2020,LADAKH,LEH,0.0,0.0,0.0,3200000000
2020136N10088,AMPHAN,2020,LADAKH,KARGIL,0.0,0.0,0.0,3200000000
2020136N10088,AMPHAN,2020,MADHYA PRADESH,AGAR MALWA,0.0,0.0,0.0,3200000000
2020136N10088,AMPHAN,2020,MADHYA PRADESH,ALIRAJPUR,0.0,0.0,0.0,3200000000
2020136N10088,AMPHAN,2020,MADHYA PRADESH,ANUPPUR,0.0,0.0,0.0,3200000000
2020136N10088,AMPHAN,2020,MADHYA PRADESH,ASHOKNAGAR,0.0,0.0,0.0,3200000000
2020136N10088,AMPHAN,2020,MADHYA PRADESH,BALAGHAT,0.0,0.0,0.0,3200000000
2020136N10088,AMPHAN,2020,MADHYA PRADESH,BARWANI,0.0,0.0,0.0,3200000000
2020136N10088,AMPHAN,2020,MADHYA PRADESH,BETUL,0.0,0.0,0.0,3200000000
2020136N10088,AMPHAN,2020,MADHYA PRADESH,BHIND,0.0,0.0,0.0,3200000000
2020136N10088,AMPHAN,2020,MADHYA PRADESH,BHOPAL,0.0,0.0,0.0,3200000000
2020136N10088,AMPHAN,2020,MADHYA PRADESH,BURHANPUR,0.0,0.0,0.0,3200000000
2020136N10088,AMPHAN,2020,MADHYA PRADESH,CHHATARPUR,0.0,0.0,0.0,3200000000
2020136N10088,AMPHAN,2020,MADHYA PRADESH,CHHINDWARA,0.0,0.0,0.0,3200000000
2020136N10088,AMPHAN,2020,MADHYA PRADESH,DAMOH,0.0,0.0,0.0,3200000000
2020136N10088,AMPHAN,2020,MADHYA PRADESH,DEWAS,0.0,0.0,0.0,3200000000
2020136N10088,AMPHAN,2020,MADHYA PRADESH,DHAR,0.0,0.0,0.0,3200000000
2020136N10088,AMPHAN,2020,MADHYA PRADESH,DINDORI,0.0,0.0,0.0,3200000000
2020136N10088,AMPHAN,2020,MADHYA PRADESH,GUNA,0.0,0.0,0.0,3200000000
2020136N10088,AMPHAN,2020,MADHYA PRADESH,GWALIOR,0.0,0.0,0.0,3200000000
2020136N10088,AMPHAN,2020,MADHYA PRADESH,HARDA,0.0,0.0,0.0,3200000000
2020136N10088,AMPHAN,2020,MADHYA PRADESH,INDORE,0.0,0.0,0.0,3200000000
2020136N10088,AMPHAN,2020,MADHYA PRADESH,JABALPUR,0.0,0.0,0.0,3200000000
2020136N10088,AMPHAN,2020,MADHYA PRADESH,JHABUA,0.0,0.0,0.0,3200000000
2020136N10088,AMPHAN,2020,MADHYA PRADESH,KATNI,0.0,0.0,0.0,3200000000
2020136N10088,AMPHAN,2020,MADHYA PRADESH,KHANDWA,0.0,0.0,0.0,3200000000
2020136N10088,AMPHAN,2020,MADHYA PRADESH,KHARGONE,0.0,0.0,0.0,3200000000
2020136N10088,AMPHAN,2020,MADHYA PRADESH,MAIHAR,0.0,0.0,0.0,3200000000
2020136N10088,AMPHAN,2020,MADHYA PRADESH,MANDLA,0.0,0.0,0.0,3200000000
2020136N10088,AMPHAN,2020,MADHYA PRADESH,MANDSAUR,0.0,0.0,0.0,3200000000
2020136N10088,AMPHAN,2020,MADHYA PRADESH,MAUGANJ,0.0,0.0,0.0,3200000000
2020136N10088,AMPHAN,2020,MADHYA PRADESH,MORENA,0.0,0.0,0.0,3200000000
2020136N10088,AMPHAN,2020,MADHYA PRADESH,NARMADAPURAM,0.0,0.0,0.0,3200000000
2020136N10088,AMPHAN,2020,MADHYA PRADESH,NARSINGHPUR,0.0,0.0,0.0,3200000000
2020136N10088,AMPHAN,2020,MADHYA PRADESH,NEEMUCH,0.0,0.0,0.0,3200000000
2020136N10088,AMPHAN,2020,MADHYA PRADESH,NIWARI,0.0,0.0,0.0,3200000000
2020136N10088,AMPHAN,2020,MADHYA PRADESH,PANDHURNA,0.0,0.0,0.0,3200000000
2020136N10088,AMPHAN,2020,MADHYA PRADESH,PANNA,0.0,0.0,0.0,3200000000
2020136N10088,AMPHAN,2020,MADHYA PRADESH,RAISEN,0.0,0.0,0.0,3200000000
2020136N10088,AMPHAN,2020,MADHYA PRADESH,RAJGARH,0.0,0.0,0.0,3200000000
2020136N10088,AMPHAN,2020,MADHYA PRADESH,RATLAM,0.0,0.0,0.0,3200000000
2020136N10088,AMPHAN,2020,MADHYA PRADESH,REWA,0.0,0.0,0.0,3200000000
2020136N10088,AMPHAN,2020,MADHYA PRADESH,SAGAR,0.0,0.0,0.0,3200000000
2020136N10088,AMPHAN,2020,MADHYA PRADESH,SATNA,0.0,0.0,0.0,3200000000
2020136N10088,AMPHAN,2020,MADHYA PRADESH,SEHORE,0.0,0.0,0.0,3200000000
2020136N10088,AMPHAN,2020,MADHYA PRADESH,SEONI,0.0,0.0,0.0,3200000000
2020136N10088,AMPHAN,2020,MADHYA PRADESH,SHAHDOL,0.0,0.0,0.0,3200000000
2020136N10088,AMPHAN,2020,MADHYA PRADESH,SHAJAPUR,0.0,0.0,0.0,3200000000
2020136N10088,AMPHAN,2020,MADHYA PRADESH,SHEOPUR,0.0,0.0,0.0,3200000000
2020136N10088,AMPHAN,2020,MADHYA PRADESH,SHIVPURI,0.0,0.0,0.0,3200000000
2020136N10088,AMPHAN,2020,MADHYA PRADESH,SINGRAULI,0.0,0.0,0.0,3200000000
2020136N10088,AMPHAN,2020,MADHYA PRADESH,TIKAMGARH,0.0,0.0,0.0,3200000000
2020136N10088,AMPHAN,2020,MADHYA PRADESH,UJJAIN,0.0,0.0,0.0,3200000000
2020136N10088,AMPHAN,2020,MADHYA PRADESH,UMARIA,0.0,0.0,0.0,3200000000
2020136N10088,AMPHAN,2020,MADHYA PRADESH,VIDISHA,0.0,0.0,0.0,3200000000
2020136N10088,AMPHAN,2020,MAHARASHTRA,AHMEDNAGAR,0.0,0.0,0.0,3200000000
2020136N10088,AMPHAN,2020,MAHARASHTRA,BEED,0.0,0.0,0.0,3200000000
2020136N10088,AMPHAN,2020,MAHARASHTRA,BHANDARA,0.0,0.0,0.0,3200000000
2020136N10088,AMPHAN,2020,MAHARASHTRA,CHANDRAPUR,0.0,0.0,0.0,3200000000
2020136N10088,AMPHAN,2020,MAHARASHTRA,DHULE,0.0,0.0,0.0,3200000000
2020136N10088,AMPHAN,2020,MAHARASHTRA,GADCHIROLI,0.0,0.0,0.0,3200000000
2020136N10088,AMPHAN,2020,MAHARASHTRA,GONDIA,0.0,0.0,0.0,3200000000
2020136N10088,AMPHAN,2020,MAHARASHTRA,HINGOLI,0.0,0.0,0.0,3200000000
2020136N10088,AMPHAN,2020,MAHARASHTRA,JALGAON,0.0,0.0,0.0,3200000000
2020136N10088,AMPHAN,2020,MAHARASHTRA,KOLHAPUR,0.0,0.0,0.0,3200000000
2020136N10088,AMPHAN,2020,MAHARASHTRA,LATUR,0.0,0.0,0.0,3200000000
2020136N10088,AMPHAN,2020,MAHARASHTRA,MUMBAI,0.0,0.0,0.0,3200000000
2020136N10088,AMPHAN,2020,MAHARASHTRA,NAGPUR,0.0,0.0,0.0,3200000000
2020136N10088,AMPHAN,2020,MAHARASHTRA,NANDED,0.0,0.0,0.0,3200000000
2020136N10088,AMPHAN,2020,MAHARASHTRA,NASHIK,0.0,0.0,0.0,3200000000
2020136N10088,AMPHAN,2020,MAHARASHTRA,NANDURBAR,0.0,0.0,0.0,3200000000
2020136N10088,AMPHAN,2020,MAHARASHTRA,PALGHAR,0.0,0.0,0.0,3200000000
2020136N10088,AMPHAN,2020,MAHARASHTRA,PUNE,0.0,0.0,0.0,3200000000
2020136N10088,AMPHAN,2020,MAHARASHTRA,RATNAGIRI,0.0,0.0,0.0,3200000000
2020136N10088,AMPHAN,2020,MAHARASHTRA,SANGLI,0.0,0.0,0.0,3200000000
2020136N10088,AMPHAN,2020,MAHARASHTRA,SATARA,0.0,0.0,0.0,3200000000
2020136N10088,AMPHAN,2020,MAHARASHTRA,SINDHUDURG,0.0,0.0,0.0,3200000000
2020136N10088,AMPHAN,2020,MAHARASHTRA,SOLAPUR,0.0,0.0,0.0,3200000000
2020136N10088,AMPHAN,2020,MAHARASHTRA,MUMBAI SUBURBAN,0.0,0.0,0.0,3200000000
2020136N10088,AMPHAN,2020,MAHARASHTRA,THANE,0.0,0.0,0.0,3200000000
2020136N10088,AMPHAN,2020,MAHARASHTRA,DHARASHIV,0.0,0.0,0.0,3200000000
2020136N10088,AMPHAN,2020,MAHARASHTRA,WASHIM,0.0,0.0,0.0,3200000000
2020136N10088,AMPHAN,2020,MAHARASHTRA,WARDHA,0.0,0.0,0.0,3200000000
2020136N10088,AMPHAN,2020,MAHARASHTRA,YAVATMAL,0.0,0.0,0.0,3200000000
2020136N10088,AMPHAN,2020,MAHARASHTRA,AKOLA,0.0,0.0,0.0,3200000000
2020136N10088,AMPHAN,2020,MAHARASHTRA,AMRAVATI,0.0,0.0,0.0,3200000000
2020136N10088,AMPHAN,2020,MAHARASHTRA,BULDHANA,0.0,0.0,0.0,3200000000
2020136N10088,AMPHAN,2020,MAHARASHTRA,PARBHANI,0.0,0.0,0.0,3200000000
2020136N10088,AMPHAN,2020,MAHARASHTRA,JALNA,0.0,0.0,0.0,3200000000
2020136N10088,AMPHAN,2020,MAHARASHTRA,CHHATRAPATI SAMBHAJINAGAR,0.0,0.0,0.0,3200000000
2020136N10088,AMPHAN,2020,MANIPUR,BISHNUPUR,0.0,0.0,0.0,3200000000
2020136N10088,AMPHAN,2020,MANIPUR,CHANDEL,0.0,0.0,0.0,3200000000
2020136N10088,AMPHAN,2020,MANIPUR,CHURACHANDPUR,0.0,0.0,0.0,3200000000
2020136N10088,AMPHAN,2020,MANIPUR,IMPHAL EAST,0.0,0.0,0.0,3200000000
2020136N10088,AMPHAN,2020,MANIPUR,IMPHAL WEST,0.0,0.0,0.0,3200000000
2020136N10088,AMPHAN,2020,MANIPUR,JIRIBAM,0.0,0.0,0.0,3200000000
2020136N10088,AMPHAN,2020,MANIPUR,KAKCHING,0.0,0.0,0.0,3200000000
2020136N10088,AMPHAN,2020,MANIPUR,KAMJANG,0.0,0.0,0.0,3200000000
2020136N10088,AMPHAN,2020,MANIPUR,KANGPOKPI,0.0,0.0,0.0,3200000000
2020136N10088,AMPHAN,2020,MANIPUR,NONEY,0.0,0.0,0.0,3200000000
2020136N10088,AMPHAN,2020,MANIPUR,PHERZAWL,0.0,0.0,0.0,3200000000
2020136N10088,AMPHAN,2020,MANIPUR,SENAPATI,0.0,0.0,0.0,3200000000
2020136N10088,AMPHAN,2020,MANIPUR,TAMENGLONG,0.0,0.0,0.0,3200000000
2020136N10088,AMPHAN,2020,MANIPUR,TENGNOUPAL,0.0,0.0,0.0,3200000000
2020136N10088,AMPHAN,2020,MANIPUR,THOUBAL,0.0,0.0,0.0,3200000000
2020136N10088,AMPHAN,2020,MANIPUR,UKHRUL,0.0,0.0,0.0,3200000000
2020136N10088,AMPHAN,2020,MEGHALAYA,EAST G>RO HILLS,0.0,0.0,0.0,3200000000
2020136N10088,AMPHAN,2020,MEGHALAYA,EAST JAINTIA HILLS,0.0,0.0,0.0,3200000000
2020136N10088,AMPHAN,2020,MEGHALAYA,EAST KH>SI HILLS,0.0,0.0,0.0,3200000000
2020136N10088,AMPHAN,2020,MEGHALAYA,NORTH G>RO HILLS,0.0,0.0,0.0,3200000000
2020136N10088,AMPHAN,2020,MEGHALAYA,RI-BHOI,0.0,0.0,0.0,3200000000
2020136N10088,AMPHAN,2020,MEGHALAYA,SOUTH G>RO HILLS,0.0,0.0,0.0,3200000000
2020136N10088,AMPHAN,2020,MEGHALAYA,SOUTH WEST G>RO HILLS,0.0,0.0,0.0,3200000000
2020136N10088,AMPHAN,2020,MEGHALAYA,WEST G>RO HILLS,0.0,0.0,0.0,3200000000
2020136N10088,AMPHAN,2020,MEGHALAYA,WEST JAINTIA HILLS,0.0,0.0,0.0,3200000000
2020136N10088,AMPHAN,2020,MEGHALAYA,SOUTH WEST KH>SI HILLS,0.0,0.0,0.0,3200000000
2020136N10088,AMPHAN,2020,MEGHALAYA,EASTERN WEST KHASI HILLS,0.0,0.0,0.0,3200000000
2020136N10088,AMPHAN,2020,MEGHALAYA,WEST KHASI HILLS,0.0,0.0,0.0,3200000000
2020136N10088,AMPHAN,2020,MIZORAM,CHAMPHAI,0.0,0.0,0.0,3200000000
2020136N10088,AMPHAN,2020,MIZORAM,HNAHTHIAL,0.0,0.0,0.0,3200000000
2020136N10088,AMPHAN,2020,MIZORAM,SERCHHIP,0.0,0.0,0.0,3200000000
2020136N10088,AMPHAN,2020,MIZORAM,LUNGLEI,0.0,0.0,0.0,3200000000
2020136N10088,AMPHAN,2020,MIZORAM,MAMIT,0.0,0.0,0.0,3200000000
2020136N10088,AMPHAN,2020,MIZORAM,KOLASIB,0.0,0.0,0.0,3200000000
2020136N10088,AMPHAN,2020,MIZORAM,AIZAWL,0.0,0.0,0.0,3200000000
2020136N10088,AMPHAN,2020,MIZORAM,SAIHA,0.0,0.0,0.0,3200000000
2020136N10088,AMPHAN,2020,MIZORAM,SAITUAL,0.0,0.0,0.0,3200000000
2020136N10088,AMPHAN,2020,MIZORAM,LAWNGTLAI,0.0,0.0,0.0,3200000000
2020136N10088,AMPHAN,2020,NAGALAND,LONGLENG,0.0,0.0,0.0,3200000000
2020136N10088,AMPHAN,2020,NAGALAND,TUENSANG,0.0,0.0,0.0,3200000000
2020136N10088,AMPHAN,2020,NAGALAND,SHAMATOR,0.0,0.0,0.0,3200000000
2020136N10088,AMPHAN,2020,NAGALAND,DIMAPUR,0.0,0.0,0.0,3200000000
2020136N10088,AMPHAN,2020,NAGALAND,CHUMOUKEDIMA,0.0,0.0,0.0,3200000000
2020136N10088,AMPHAN,2020,NAGALAND,NIULAND,0.0,0.0,0.0,3200000000
2020136N10088,AMPHAN,2020,NAGALAND,PEREN,0.0,0.0,0.0,3200000000
2020136N10088,AMPHAN,2020,NAGALAND,KOHIMA,0.0,0.0,0.0,3200000000
2020136N10088,AMPHAN,2020,NAGALAND,MON,0.0,0.0,0.0,3200000000
2020136N10088,AMPHAN,2020,NAGALAND,KIPHIRE,0.0,0.0,0.0,3200000000
2020136N10088,AMPHAN,2020,NAGALAND,PHEK,0.0,0.0,0.0,3200000000
2020136N10088,AMPHAN,2020,NAGALAND,MOKOKCHUNG,0.0,0.0,0.0,3200000000
2020136N10088,AMPHAN,2020,NAGALAND,ZUNHEBOTO,0.0,0.0,0.0,3200000000
2020136N10088,AMPHAN,2020,NAGALAND,WOKHA,0.0,0.0,0.0,3200000000
2020136N10088,AMPHAN,2020,NAGALAND,TSEMINYU,0.0,0.0,0.0,3200000000
2020136N10088,AMPHAN,2020,NAGALAND,NOKLAK,0.0,0.0,0.0,3200000000
2020136N10088,AMPHAN,2020,PUDUCHERRY,KARAIKAL,0.0,0.0,0.0,3200000000
2020136N10088,AMPHAN,2020,PUDUCHERRY,MAHE,0.0,0.0,0.0,3200000000
2020136N10088,AMPHAN,2020,PUDUCHERRY,PUDUCHERRY,0.0,0.0,0.0,3200000000
2020136N10088,AMPHAN,2020,PUNJAB,FIROZPUR,0.0,0.0,0.0,3200000000
2020136N10088,AMPHAN,2020,PUNJAB,LUDHIANA,0.0,0.0,0.0,3200000000
2020136N10088,AMPHAN,2020,PUNJAB,RUPNAGAR,0.0,0.0,0.0,3200000000
2020136N10088,AMPHAN,2020,PUNJAB,MANSA,0.0,0.0,0.0,3200000000
2020136N10088,AMPHAN,2020,PUNJAB,SRI MUKTSAR SAHIB,0.0,0.0,0.0,3200000000
2020136N10088,AMPHAN,2020,PUNJAB,SAS NAGAR (SAHIBZADA AJIT SINGH NAGAR),0.0,0.0,0.0,3200000000
2020136N10088,AMPHAN,2020,PUNJAB,JALANDHAR,0.0,0.0,0.0,3200000000
2020136N10088,AMPHAN,2020,PUNJAB,PATHANKOT,0.0,0.0,0.0,3200000000
2020136N10088,AMPHAN,2020,PUNJAB,FARIDKOT,0.0,0.0,0.0,3200000000
2020136N10088,AMPHAN,2020,PUNJAB,MOGA,0.0,0.0,0.0,3200000000
2020136N10088,AMPHAN,2020,PUNJAB,HOSHIARPUR,0.0,0.0,0.0,3200000000
2020136N10088,AMPHAN,2020,PUNJAB,BATHINDA,0.0,0.0,0.0,3200000000
2020136N10088,AMPHAN,2020,PUNJAB,TARN TARAN,0.0,0.0,0.0,3200000000
2020136N10088,AMPHAN,2020,PUNJAB,FAZILKA,0.0,0.0,0.0,3200000000
2020136N10088,AMPHAN,2020,PUNJAB,PATIALA,0.0,0.0,0.0,3200000000
2020136N10088,AMPHAN,2020,PUNJAB,SHAHID BHAGAT SINGH NAGAR,0.0,0.0,0.0,3200000000
2020136N10088,AMPHAN,2020,PUNJAB,BARNALA,0.0,0.0,0.0,3200000000
2020136N10088,AMPHAN,2020,PUNJAB,GURDASPUR,0.0,0.0,0.0,3200000000
2020136N10088,AMPHAN,2020,PUNJAB,KAPURTHALA,0.0,0.0,0.0,3200000000
2020136N10088,AMPHAN,2020,PUNJAB,FATEHGARH SAHIB,0.0,0.0,0.0,3200000000
2020136N10088,AMPHAN,2020,PUNJAB,AMRITSAR,0.0,0.0,0.0,3200000000
2020136N10088,AMPHAN,2020,PUNJAB,MALER KOTLA,0.0,0.0,0.0,3200000000
2020136N10088,AMPHAN,2020,PUNJAB,SANGRUR,0.0,0.0,0.0,3200000000
2020136N10088,AMPHAN,2020,RAJASTHAN,AJMER,0.0,0.0,0.0,3200000000
2020136N10088,AMPHAN,2020,RAJASTHAN,ALWAR,0.0,0.0,0.0,3200000000
2020136N10088,AMPHAN,2020,RAJASTHAN,ANOOPGARH,0.0,0.0,0.0,3200000000
2020136N10088,AMPHAN,2020,RAJASTHAN,BALOTRA,0.0,0.0,0.0,3200000000
2020136N10088,AMPHAN,2020,RAJASTHAN,BANSWARA,0.0,0.0,0.0,3200000000
2020136N10088,AMPHAN,2020,RAJASTHAN,BARAN,0.0,0.0,0.0,3200000000
2020136N10088,AMPHAN,2020,RAJASTHAN,BARMER,0.0,0.0,0.0,3200000000
2020136N10088,AMPHAN,2020,RAJASTHAN,BEAWAR,0.0,0.0,0.0,3200000000
2020136N10088,AMPHAN,2020,RAJASTHAN,BHARATPUR,0.0,0.0,0.0,3200000000
2020136N10088,AMPHAN,2020,RAJASTHAN,BHILWARA,0.0,0.0,0.0,3200000000
2020136N10088,AMPHAN,2020,RAJASTHAN,BIKANER,0.0,0.0,0.0,3200000000
2020136N10088,AMPHAN,2020,RAJASTHAN,BUNDI,0.0,0.0,0.0,3200000000
2020136N10088,AMPHAN,2020,RAJASTHAN,CHITTAURGARH,0.0,0.0,0.0,3200000000
2020136N10088,AMPHAN,2020,RAJASTHAN,CHURU,0.0,0.0,0.0,3200000000
2020136N10088,AMPHAN,2020,RAJASTHAN,DAUSA,0.0,0.0,0.0,3200000000
2020136N10088,AMPHAN,2020,RAJASTHAN,DEEG,0.0,0.0,0.0,3200000000
2020136N10088,AMPHAN,2020,RAJASTHAN,DHAULPUR,0.0,0.0,0.0,3200000000
2020136N10088,AMPHAN,2020,RAJASTHAN,DIDWANA-KUCHAMAN,0.0,0.0,0.0,3200000000
2020136N10088,AMPHAN,2020,RAJASTHAN,DUDU,0.0,0.0,0.0,3200000000
2020136N10088,AMPHAN,2020,RAJASTHAN,DUNGARPUR,0.0,0.0,0.0,3200000000
2020136N10088,AMPHAN,2020,RAJASTHAN,GANGANAGAR,0.0,0.0,0.0,3200000000
2020136N10088,AMPHAN,2020,RAJASTHAN,GANGAPURCITY,0.0,0.0,0.0,3200000000
2020136N10088,AMPHAN,2020,RAJASTHAN,HANUMANGARH,0.0,0.0,0.0,3200000000
2020136N10088,AMPHAN,2020,RAJASTHAN,JAIPUR,0.0,0.0,0.0,3200000000
2020136N10088,AMPHAN,2020,RAJASTHAN,JAIPUR(GRAMIN),0.0,0.0,0.0,3200000000
2020136N10088,AMPHAN,2020,RAJASTHAN,JAISALMER,0.0,0.0,0.0,3200000000
2020136N10088,AMPHAN,2020,RAJASTHAN,JALOR,0.0,0.0,0.0,3200000000
2020136N10088,AMPHAN,2020,RAJASTHAN,JHALAWAR,0.0,0.0,0.0,3200000000
2020136N10088,AMPHAN,2020,RAJASTHAN,JHUNJHUNUN,0.0,0.0,0.0,3200000000
2020136N10088,AMPHAN,2020,RAJASTHAN,JODHPUR,0.0,0.0,0.0,3200000000
2020136N10088,AMPHAN,2020,RAJASTHAN,JODHPUR GRAMIN,0.0,0.0,0.0,3200000000
2020136N10088,AMPHAN,2020,RAJASTHAN,KARAULI,0.0,0.0,0.0,3200000000
2020136N10088,AMPHAN,2020,RAJASTHAN,KEKRI,0.0,0.0,0.0,3200000000
2020136N10088,AMPHAN,2020,RAJASTHAN,KHAIRTHAL-TIJARA,0.0,0.0,0.0,3200000000
2020136N10088,AMPHAN,2020,RAJASTHAN,KOTA,0.0,0.0,0.0,3200000000
2020136N10088,AMPHAN,2020,RAJASTHAN,KOTPUTLI-BEHROR,0.0,0.0,0.0,3200000000
2020136N10088,AMPHAN,2020,RAJASTHAN,NAGAUR,0.0,0.0,0.0,3200000000
2020136N10088,AMPHAN,2020,RAJASTHAN,NEEM-KA-THANA,0.0,0.0,0.0,3200000000
2020136N10088,AMPHAN,2020,RAJASTHAN,PALI,0.0,0.0,0.0,3200000000
2020136N10088,AMPHAN,2020,RAJASTHAN,PHALODI,0.0,0.0,0.0,3200000000
2020136N10088,AMPHAN,2020,RAJASTHAN,PRATAPGARH,0.0,0.0,0.0,3200000000
2020136N10088,AMPHAN,2020,RAJASTHAN,RAJSAMAND,0.0,0.0,0.0,3200000000
2020136N10088,AMPHAN,2020,RAJASTHAN,SALUMBAR,0.0,0.0,0.0,3200000000
2020136N10088,AMPHAN,2020,RAJASTHAN,SANCHORE,0.0,0.0,0.0,3200000000
2020136N10088,AMPHAN,2020,RAJASTHAN,SAWAI MADHOPUR,0.0,0.0,0.0,3200000000
2020136N10088,AMPHAN,2020,RAJASTHAN,SHAHPURA,0.0,0.0,0.0,3200000000
2020136N10088,AMPHAN,2020,RAJASTHAN,SIKAR,0.0,0.0,0.0,3200000000
2020136N10088,AMPHAN,2020,RAJASTHAN,SIROHI,0.0,0.0,0.0,3200000000
2020136N10088,AMPHAN,2020,RAJASTHAN,TONK,0.0,0.0,0.0,3200000000
2020136N10088,AMPHAN,2020,RAJASTHAN,UDAIPUR,0.0,0.0,0.0,3200000000
2020136N10088,AMPHAN,2020,SIKKIM,GYALSHING,0.0,0.0,0.0,3200000000
2020136N10088,AMPHAN,2020,SIKKIM,PAKYONG,0.0,0.0,0.0,3200000000
2020136N10088,AMPHAN,2020,SIKKIM,NAMCHI,0.0,0.0,0.0,3200000000
2020136N10088,AMPHAN,2020,SIKKIM,MANGAN,0.0,0.0,0.0,3200000000
2020136N10088,AMPHAN,2020,SIKKIM,GANGTOK,0.0,0.0,0.0,3200000000
2020136N10088,AMPHAN,2020,SIKKIM,SORENG,0.0,0.0,0.0,3200000000
2020136N10088,AMPHAN,2020,TAMIL NADU,ARIYALUR,0.0,0.0,0.0,3200000000
2020136N10088,AMPHAN,2020,TAMIL NADU,CHENGALPATTU,0.0,0.0,0.0,3200000000
2020136N10088,AMPHAN,2020,TAMIL NADU,CHENNAI,0.0,0.0,0.0,3200000000
2020136N10088,AMPHAN,2020,TAMIL NADU,COIMBATORE,0.0,0.0,0.0,3200000000
2020136N10088,AMPHAN,2020,TAMIL NADU,CUDDALORE,0.0,0.0,0.0,3200000000
2020136N10088,AMPHAN,2020,TAMIL NADU,DHARMAPURI,0.0,0.0,0.0,3200000000
2020136N10088,AMPHAN,2020,TAMIL NADU,DINDIGUL,0.0,0.0,0.0,3200000000
2020136N10088,AMPHAN,2020,TAMIL NADU,ERODE,0.0,0.0,0.0,3200000000
2020136N10088,AMPHAN,2020,TAMIL NADU,KALLAKKURICHI,0.0,0.0,0.0,3200000000
2020136N10088,AMPHAN,2020,TAMIL NADU,KANCHIPURAM,0.0,0.0,0.0,3200000000
2020136N10088,AMPHAN,2020,TAMIL NADU,KANNIYAKUMARI,0.0,0.0,0.0,3200000000
2020136N10088,AMPHAN,2020,TAMIL NADU,KARUR,0.0,0.0,0.0,3200000000
2020136N10088,AMPHAN,2020,TAMIL NADU,KRISHNAGIRI,0.0,0.0,0.0,3200000000
2020136N10088,AMPHAN,2020,TAMIL NADU,MADURAI,0.0,0.0,0.0,3200000000
2020136N10088,AMPHAN,2020,TAMIL NADU,MAYILADUTHURAI,0.0,0.0,0.0,3200000000
2020136N10088,AMPHAN,2020,TAMIL NADU,NAGAPATTINAM,0.0,0.0,0.0,3200000000
2020136N10088,AMPHAN,2020,TAMIL NADU,NAMAKKAL,0.0,0.0,0.0,3200000000
2020136N10088,AMPHAN,2020,TAMIL NADU,PERAMBALUR,0.0,0.0,0.0,3200000000
2020136N10088,AMPHAN,2020,TAMIL NADU,PUDUKKOTTAI,0.0,0.0,0.0,3200000000
2020136N10088,AMPHAN,2020,TAMIL NADU,RAMANATHAPURAM,0.0,0.0,0.0,3200000000
2020136N10088,AMPHAN,2020,TAMIL NADU,RANIPET,0.0,0.0,0.0,3200000000
2020136N10088,AMPHAN,2020,TAMIL NADU,SALEM,0.0,0.0,0.0,3200000000
2020136N10088,AMPHAN,2020,TAMIL NADU,SIVAGANGA,0.0,0.0,0.0,3200000000
2020136N10088,AMPHAN,2020,TAMIL NADU,TENKASI,0.0,0.0,0.0,3200000000
2020136N10088,AMPHAN,2020,TAMIL NADU,THANJAVUR,0.0,0.0,0.0,3200000000
2020136N10088,AMPHAN,2020,TAMIL NADU,THE NILGIRIS,0.0,0.0,0.0,3200000000
2020136N10088,AMPHAN,2020,TAMIL NADU,THENI,0.0,0.0,0.0,3200000000
2020136N10088,AMPHAN,2020,TAMIL NADU,THIRUVALLUR,0.0,0.0,0.0,3200000000
2020136N10088,AMPHAN,2020,TAMIL NADU,THIRUVARUR,0.0,0.0,0.0,3200000000
2020136N10088,AMPHAN,2020,TAMIL NADU,THOOTHUKUDI,0.0,0.0,0.0,3200000000
2020136N10088,AMPHAN,2020,TAMIL NADU,TIRUCHIRAPPALLI,0.0,0.0,0.0,3200000000
2020136N10088,AMPHAN,2020,TAMIL NADU,TIRUNELVELI,0.0,0.0,0.0,3200000000
2020136N10088,AMPHAN,2020,TAMIL NADU,TIRUPATHUR,0.0,0.0,0.0,3200000000
2020136N10088,AMPHAN,2020,TAMIL NADU,TIRUPPUR,0.0,0.0,0.0,3200000000
2020136N10088,AMPHAN,2020,TAMIL NADU,TIRUVANNAMALAI,0.0,0.0,0.0,3200000000
2020136N10088,AMPHAN,2020,TAMIL NADU,VELLORE,0.0,0.0,0.0,3200000000
2020136N10088,AMPHAN,2020,TAMIL NADU,VILUPPURAM,0.0,0.0,0.0,3200000000
2020136N10088,AMPHAN,2020,TAMIL NADU,VIRUDHUNAGAR,0.0,0.0,0.0,3200000000
2020136N10088,AMPHAN,2020,TELANGANA,ADILABAD,0.0,0.0,0.0,3200000000
2020136N10088,AMPHAN,2020,TELANGANA,BHADRADRI KOTHAGUDEM,0.0,0.0,0.0,3200000000
2020136N10088,AMPHAN,2020,TELANGANA,HANUMAKONDA,0.0,0.0,0.0,3200000000
2020136N10088,AMPHAN,2020,TELANGANA,HYDERABAD,0.0,0.0,0.0,3200000000
2020136N10088,AMPHAN,2020,TELANGANA,JAGTIAL,0.0,0.0,0.0,3200000000
2020136N10088,AMPHAN,2020,TELANGANA,JANGOAN,0.0,0.0,0.0,3200000000
2020136N10088,AMPHAN,2020,TELANGANA,JAYASHANKAR BHUPALPALLI,0.0,0.0,0.0,3200000000
2020136N10088,AMPHAN,2020,TELANGANA,JOGULAMBA GADWAL,0.0,0.0,0.0,3200000000
2020136N10088,AMPHAN,2020,TELANGANA,KAMAREDDY,0.0,0.0,0.0,3200000000
2020136N10088,AMPHAN,2020,TELANGANA,KARIMNAGAR,0.0,0.0,0.0,3200000000
2020136N10088,AMPHAN,2020,TELANGANA,KHAMMAM,0.0,0.0,0.0,3200000000
2020136N10088,AMPHAN,2020,TELANGANA,KOMARRAM BHEEM,0.0,0.0,0.0,3200000000
2020136N10088,AMPHAN,2020,TELANGANA,MAHABUBABAD,0.0,0.0,0.0,3200000000
2020136N10088,AMPHAN,2020,TELANGANA,MAHABUBNAGAR,0.0,0.0,0.0,3200000000
2020136N10088,AMPHAN,2020,TELANGANA,MANCHERIAL,0.0,0.0,0.0,3200000000
2020136N10088,AMPHAN,2020,TELANGANA,MEDAK,0.0,0.0,0.0,3200000000
2020136N10088,AMPHAN,2020,TELANGANA,MEDCHAL_MALKAJGIRI,0.0,0.0,0.0,3200000000
2020136N10088,AMPHAN,2020,TELANGANA,MULUGU,0.0,0.0,0.0,3200000000
2020136N10088,AMPHAN,2020,TELANGANA,NAGARKURNOOL,0.0,0.0,0.0,3200000000
2020136N10088,AMPHAN,2020,TELANGANA,NALGONDA,0.0,0.0,0.0,3200000000
2020136N10088,AMPHAN,2020,TELANGANA,NARAYANPET,0.0,0.0,0.0,3200000000
2020136N10088,AMPHAN,2020,TELANGANA,NIRMAL,0.0,0.0,0.0,3200000000
2020136N10088,AMPHAN,2020,TELANGANA,NIZAMABAD,0.0,0.0,0.0,3200000000
2020136N10088,AMPHAN,2020,TELANGANA,PEDDAPALLI,0.0,0.0,0.0,3200000000
2020136N10088,AMPHAN,2020,TELANGANA,RAJANNA SIRCILLA,0.0,0.0,0.0,3200000000
2020136N10088,AMPHAN,2020,TELANGANA,RANGA REDDY,0.0,0.0,0.0,3200000000
2020136N10088,AMPHAN,2020,TELANGANA,SANGAREDDY,0.0,0.0,0.0,3200000000
2020136N10088,AMPHAN,2020,TELANGANA,SIDDIPET,0.0,0.0,0.0,3200000000
2020136N10088,AMPHAN,2020,TELANGANA,SURIYAPET,0.0,0.0,0.0,3200000000
2020136N10088,AMPHAN,2020,TELANGANA,VIKARABAD,0.0,0.0,0.0,3200000000
2020136N10088,AMPHAN,2020,TELANGANA,WANPARTI,0.0,0.0,0.0,3200000000
2020136N10088,AMPHAN,2020,TELANGANA,WARANGAL,0.0,0.0,0.0,3200000000
2020136N10088,AMPHAN,2020,TELANGANA,YADADRI BHUVANAGIRI,0.0,0.0,0.0,3200000000
2020136N10088,AMPHAN,2020,TRIPURA,SOUTH TRIPURA,0.0,0.0,0.0,3200000000
2020136N10088,AMPHAN,2020,TRIPURA,WEST TRIPURA,0.0,0.0,0.0,3200000000
2020136N10088,AMPHAN,2020,TRIPURA,DHALAI,0.0,0.0,0.0,3200000000
2020136N10088,AMPHAN,2020,TRIPURA,KHOWAI,0.0,0.0,0.0,3200000000
2020136N10088,AMPHAN,2020,TRIPURA,UNAKOTI,0.0,0.0,0.0,3200000000
2020136N10088,AMPHAN,2020,TRIPURA,NORTH TRIPURA,0.0,0.0,0.0,3200000000
2020136N10088,AMPHAN,2020,TRIPURA,SEPAHIJALA,0.0,0.0,0.0,3200000000
2020136N10088,AMPHAN,2020,TRIPURA,GOMTI,0.0,0.0,0.0,3200000000
2020136N10088,AMPHAN,2020,UTTARAKHAND,B>GESHWAR,0.0,0.0,0.0,3200000000
2020136N10088,AMPHAN,2020,UTTARAKHAND,CHAMP>WAT,0.0,0.0,0.0,3200000000
2020136N10088,AMPHAN,2020,UTTARAKHAND,HARIDW>R,0.0,0.0,0.0,3200000000
2020136N10088,AMPHAN,2020,UTTARAKHAND,NAINIT>L,0.0,0.0,0.0,3200000000
2020136N10088,AMPHAN,2020,UTTARAKHAND,PAURI GARHW>L,0.0,0.0,0.0,3200000000
2020136N10088,AMPHAN,2020,UTTARAKHAND,RUDRAPRAY>G,0.0,0.0,0.0,3200000000
2020136N10088,AMPHAN,2020,UTTARAKHAND,TEHRI GARHW>L,0.0,0.0,0.0,3200000000
2020136N10088,AMPHAN,2020,UTTARAKHAND,UDHAM SINGH NAGAR,0.0,0.0,0.0,3200000000
2020136N10088,AMPHAN,2020,UTTARAKHAND,CHAMOLI,0.0,0.0,0.0,3200000000
2020136N10088,AMPHAN,2020,UTTARAKHAND,PITHOR>GARH,0.0,0.0,0.0,3200000000
2020136N10088,AMPHAN,2020,UTTARAKHAND,UTTARK>SHI,0.0,0.0,0.0,3200000000
2020136N10088,AMPHAN,2020,WEST BENGAL,MURSHID>B>D,0.0,0.0,0.0,3200000000
2020136N10088,AMPHAN,2020,WEST BENGAL,SOUTH 24PARGANAS,4472820742.222292,0.3079464466220129,985428629.1904414,3200000000
2020136N10088,AMPHAN,2020,WEST BENGAL,PURULIYA,0.0,0.0,0.0,3200000000
2020136N10088,AMPHAN,2020,WEST BENGAL,PASCHIM MEDIN|PUR,0.0,0.0,0.0,3200000000
2020136N10088,AMPHAN,2020,WEST BENGAL,PASCHIM BARDDHAM>N,0.0,0.0,0.0,3200000000
2020136N10088,AMPHAN,2020,WEST BENGAL,NORTH TWENTY-FOUR PARGANAS,3976709781.988544,0.2907151031962746,930288330.2280788,3200000000
2020136N10088,AMPHAN,2020,WEST BENGAL,KOCH BIH>R,0.0,0.0,0.0,3200000000
2020136N10088,AMPHAN,2020,WEST BENGAL,JHARGRAM,0.0,0.0,0.0,3200000000
2020136N10088,AMPHAN,2020,WEST BENGAL,JALP>IGURI,0.0,0.0,0.0,3200000000
2020136N10088,AMPHAN,2020,WEST BENGAL,HUGLI,725397588.3555878,0.0,0.0,3200000000
2020136N10088,AMPHAN,2020,WEST BENGAL,B>NKURA,0.0,0.0,0.0,3200000000
2020136N10088,AMPHAN,2020,WEST BENGAL,>L|PUR DU>R,0.0,0.0,0.0,3200000000
2020136N10088,AMPHAN,2020,WEST BENGAL,UTTAR DIN>JPUR,0.0,0.0,0.0,3200000000
2020136N10088,AMPHAN,2020,WEST BENGAL,PURBA MEDIN|PUR,368775027.7779648,0.0674097427080635,215711176.6658034,3200000000
2020136N10088,AMPHAN,2020,WEST BENGAL,PURBA BARDDHAM>N,0.0,0.0,0.0,3200000000
2020136N10088,AMPHAN,2020,WEST BENGAL,NADIA,211505817.4118944,0.0524690581028493,167900985.92911783,3200000000
2020136N10088,AMPHAN,2020,WEST BENGAL,M>LDAH,0.0,0.0,0.0,3200000000
2020136N10088,AMPHAN,2020,WEST BENGAL,K>LIMPONG,0.0,0.0,0.0,3200000000
2020136N10088,AMPHAN,2020,WEST BENGAL,H>ORA,817660771.8309369,0.1115553169654082,356977014.2893063,3200000000
2020136N10088,AMPHAN,2020,WEST BENGAL,D>RJILING,0.0,0.0,0.0,3200000000
2020136N10088,AMPHAN,2020,WEST BENGAL,DAKSHIN DIN>JPUR,0.0,0.0,0.0,3200000000
2020136N10088,AMPHAN,2020,WEST BENGAL,B|RBH@M,0.0,0.0,0.0,3200000000
2020136N10088,AMPHAN,2020,WEST BENGAL,P@RBA MEDIN|PUR,0.0,0.0,0.0,3200000000
2020136N10088,AMPHAN,2020,KARNATAKA,UDUPI,0.0,0.0,0.0,3200000000
2020136N10088,AMPHAN,2020,ODISHA,KENDRAPARA,0.0,0.0,0.0,3200000000
2020136N10088,AMPHAN,2020,ODISHA,BHADRAK,0.0,0.0,0.0,3200000000
2020136N10088,AMPHAN,2020,ODISHA,BARGARH,0.0,0.0,0.0,3200000000
2020136N10088,AMPHAN,2020,ODISHA,KEONJHAR (KENDUJHAR),0.0,0.0,0.0,3200000000
2020136N10088,AMPHAN,2020,ODISHA,ANUGUL,0.0,0.0,0.0,3200000000
2020136N10088,AMPHAN,2020,ODISHA,BALANGIR,0.0,0.0,0.0,3200000000
2020136N10088,AMPHAN,2020,ODISHA,BALASORE,0.0,0.0,0.0,3200000000
2020136N10088,AMPHAN,2020,ODISHA,DHENKANAL,0.0,0.0,0.0,3200000000
2020136N10088,AMPHAN,2020,ODISHA,JHARSUGUDA,0.0,0.0,0.0,3200000000
2020136N10088,AMPHAN,2020,ODISHA,MAYURBHANJ,0.0,0.0,0.0,3200000000
2020136N10088,AMPHAN,2020,ODISHA,JAGATSINGHPUR,0.0,0.0,0.0,3200000000
2020136N10088,AMPHAN,2020,ODISHA,KANDHAMAL,0.0,0.0,0.0,3200000000
2020136N10088,AMPHAN,2020,ODISHA,CUTTACK,0.0,0.0,0.0,3200000000
2020136N10088,AMPHAN,2020,ODISHA,KORAPUT,0.0,0.0,0.0,3200000000
2020136N10088,AMPHAN,2020,ODISHA,NABARANGAPUR,0.0,0.0,0.0,3200000000
2020136N10088,AMPHAN,2020,ODISHA,PURI,0.0,0.0,0.0,3200000000
2020136N10088,AMPHAN,2020,ODISHA,SAMBALPUR,0.0,0.0,0.0,3200000000
2020136N10088,AMPHAN,2020,ODISHA,GAJAPATI,0.0,0.0,0.0,3200000000
2020136N10088,AMPHAN,2020,ODISHA,GANJAM,0.0,0.0,0.0,3200000000
2020136N10088,AMPHAN,2020,ODISHA,MALKANGIRI,0.0,0.0,0.0,3200000000
2020136N10088,AMPHAN,2020,ODISHA,KHORDHA,0.0,0.0,0.0,3200000000
2020136N10088,AMPHAN,2020,ODISHA,BOUDH,0.0,0.0,0.0,3200000000
2020136N10088,AMPHAN,2020,ODISHA,DEOGARH,0.0,0.0,0.0,3200000000
2020136N10088,AMPHAN,2020,ODISHA,NUAPARHA,0.0,0.0,0.0,3200000000
2020136N10088,AMPHAN,2020,ODISHA,JAJAPUR,0.0,0.0,0.0,3200000000
2020136N10088,AMPHAN,2020,ODISHA,SUNDARGARH,0.0,0.0,0.0,3200000000
2020136N10088,AMPHAN,2020,ODISHA,KALAHANDI,0.0,0.0,0.0,3200000000
2020136N10088,AMPHAN,2020,ODISHA,SUBARNAPUR,0.0,0.0,0.0,3200000000
2020136N10088,AMPHAN,2020,ODISHA,RAYAGARHA,0.0,0.0,0.0,3200000000
2020136N10088,AMPHAN,2020,ODISHA,NAYAGARH,0.0,0.0,0.0,3200000000
2020136N10088,AMPHAN,2020,CHANDIGARH,CHANDIGARH,0.0,0.0,0.0,3200000000
2020136N10088,AMPHAN,2020,UTTARAKHAND,ALMORA,0.0,0.0,0.0,3200000000
2020136N10088,AMPHAN,2020,UTTARAKHAND,DEHRAD@N,0.0,0.0,0.0,3200000000
2020136N10088,AMPHAN,2020,KARNATAKA,TUMAK#RU,0.0,0.0,0.0,3200000000
2020136N10088,AMPHAN,2020,KARNATAKA,B\DAR,0.0,0.0,0.0,3200000000
2020136N10088,AMPHAN,2020,MADHYA PRADESH,SIDHI,0.0,0.0,0.0,3200000000
2020136N10088,AMPHAN,2020,KARNATAKA,KODAGU,0.0,0.0,0.0,3200000000
2020136N10088,AMPHAN,2020,MADHYA PRADESH,DATIA,0.0,0.0,0.0,3200000000
2020136N10088,AMPHAN,2020,UTTAR PRADESH,AGRA,0.0,0.0,0.0,3200000000
2020136N10088,AMPHAN,2020,UTTAR PRADESH,ALIGARH,0.0,0.0,0.0,3200000000
2020136N10088,AMPHAN,2020,UTTAR PRADESH,AMBEDKAR NAGAR,0.0,0.0,0.0,3200000000
2020136N10088,AMPHAN,2020,UTTAR PRADESH,AMETHI,0.0,0.0,0.0,3200000000
2020136N10088,AMPHAN,2020,UTTAR PRADESH,AMROHA,0.0,0.0,0.0,3200000000
2020136N10088,AMPHAN,2020,UTTAR PRADESH,AURAIYA,0.0,0.0,0.0,3200000000
2020136N10088,AMPHAN,2020,UTTAR PRADESH,AYODHYA,0.0,0.0,0.0,3200000000
2020136N10088,AMPHAN,2020,UTTAR PRADESH,AZAMGARH,0.0,0.0,0.0,3200000000
2020136N10088,AMPHAN,2020,UTTAR PRADESH,BAGHPAT,0.0,0.0,0.0,3200000000
2020136N10088,AMPHAN,2020,UTTAR PRADESH,BAHRAICH,0.0,0.0,0.0,3200000000
2020136N10088,AMPHAN,2020,UTTAR PRADESH,BALLIA,0.0,0.0,0.0,3200000000
2020136N10088,AMPHAN,2020,UTTAR PRADESH,BARA BANKI,0.0,0.0,0.0,3200000000
2020136N10088,AMPHAN,2020,UTTAR PRADESH,BAREILLY,0.0,0.0,0.0,3200000000
2020136N10088,AMPHAN,2020,UTTAR PRADESH,BASTI,0.0,0.0,0.0,3200000000
2020136N10088,AMPHAN,2020,UTTAR PRADESH,BHADOHI,0.0,0.0,0.0,3200000000
2020136N10088,AMPHAN,2020,UTTAR PRADESH,BIJNOR,0.0,0.0,0.0,3200000000
2020136N10088,AMPHAN,2020,UTTAR PRADESH,BUDAUN,0.0,0.0,0.0,3200000000
2020136N10088,AMPHAN,2020,UTTAR PRADESH,BULANDSHAHR,0.0,0.0,0.0,3200000000
2020136N10088,AMPHAN,2020,UTTAR PRADESH,CHANDAULI,0.0,0.0,0.0,3200000000
2020136N10088,AMPHAN,2020,UTTAR PRADESH,CHITRAKOOT,0.0,0.0,0.0,3200000000
2020136N10088,AMPHAN,2020,UTTAR PRADESH,DEORIA,0.0,0.0,0.0,3200000000
2020136N10088,AMPHAN,2020,UTTAR PRADESH,ETAH,0.0,0.0,0.0,3200000000
2020136N10088,AMPHAN,2020,UTTAR PRADESH,ETAWAH,0.0,0.0,0.0,3200000000
2020136N10088,AMPHAN,2020,UTTAR PRADESH,FARRUKHABAD,0.0,0.0,0.0,3200000000
2020136N10088,AMPHAN,2020,UTTAR PRADESH,FATEHPUR,0.0,0.0,0.0,3200000000
2020136N10088,AMPHAN,2020,UTTAR PRADESH,FIROZABAD,0.0,0.0,0.0,3200000000
2020136N10088,AMPHAN,2020,UTTAR PRADESH,GAUTAM BUDDHA NAGAR,0.0,0.0,0.0,3200000000
2020136N10088,AMPHAN,2020,UTTAR PRADESH,GHAZIABAD,0.0,0.0,0.0,3200000000
2020136N10088,AMPHAN,2020,UTTAR PRADESH,GHAZIPUR,0.0,0.0,0.0,3200000000
2020136N10088,AMPHAN,2020,UTTAR PRADESH,GONDA,0.0,0.0,0.0,3200000000
2020136N10088,AMPHAN,2020,UTTAR PRADESH,GORAKHPUR,0.0,0.0,0.0,3200000000
2020136N10088,AMPHAN,2020,UTTAR PRADESH,HAMIRPUR,0.0,0.0,0.0,3200000000
2020136N10088,AMPHAN,2020,UTTAR PRADESH,HAPUR,0.0,0.0,0.0,3200000000
2020136N10088,AMPHAN,2020,UTTAR PRADESH,HARDOI,0.0,0.0,0.0,3200000000
2020136N10088,AMPHAN,2020,UTTAR PRADESH,HATHRAS,0.0,0.0,0.0,3200000000
2020136N10088,AMPHAN,2020,UTTAR PRADESH,JALAUN,0.0,0.0,0.0,3200000000
2020136N10088,AMPHAN,2020,UTTAR PRADESH,JAUNPUR,0.0,0.0,0.0,3200000000
2020136N10088,AMPHAN,2020,UTTAR PRADESH,JHANSI,0.0,0.0,0.0,3200000000
2020136N10088,AMPHAN,2020,UTTAR PRADESH,KANNAUJ,0.0,0.0,0.0,3200000000
2020136N10088,AMPHAN,2020,UTTAR PRADESH,KANPUR DEHAT,0.0,0.0,0.0,3200000000
2020136N10088,AMPHAN,2020,UTTAR PRADESH,KANPUR NAGAR,0.0,0.0,0.0,3200000000
2020136N10088,AMPHAN,2020,UTTAR PRADESH,KASGANJ,0.0,0.0,0.0,3200000000
2020136N10088,AMPHAN,2020,UTTAR PRADESH,KAUSHAMBI,0.0,0.0,0.0,3200000000
2020136N10088,AMPHAN,2020,UTTAR PRADESH,KHERI,0.0,0.0,0.0,3200000000
2020136N10088,AMPHAN,2020,UTTAR PRADESH,KUSHINAGAR,0.0,0.0,0.0,3200000000
2020136N10088,AMPHAN,2020,UTTAR PRADESH,LALITPUR,0.0,0.0,0.0,3200000000
2020136N10088,AMPHAN,2020,UTTAR PRADESH,LUCKNOW,0.0,0.0,0.0,3200000000
2020136N10088,AMPHAN,2020,UTTAR PRADESH,MAHOBA,0.0,0.0,0.0,3200000000
2020136N10088,AMPHAN,2020,UTTAR PRADESH,MAHRAJGANJ,0.0,0.0,0.0,3200000000
2020136N10088,AMPHAN,2020,UTTAR PRADESH,MAINPURI,0.0,0.0,0.0,3200000000
2020136N10088,AMPHAN,2020,UTTAR PRADESH,MATHURA,0.0,0.0,0.0,3200000000
2020136N10088,AMPHAN,2020,UTTAR PRADESH,MAU,0.0,0.0,0.0,3200000000
2020136N10088,AMPHAN,2020,UTTAR PRADESH,MEERUT,0.0,0.0,0.0,3200000000
2020136N10088,AMPHAN,2020,UTTAR PRADESH,MIRZAPUR,0.0,0.0,0.0,3200000000
2020136N10088,AMPHAN,2020,UTTAR PRADESH,MORADABAD,0.0,0.0,0.0,3200000000
2020136N10088,AMPHAN,2020,UTTAR PRADESH,MUZAFFARNAGAR,0.0,0.0,0.0,3200000000
2020136N10088,AMPHAN,2020,UTTAR PRADESH,PILIBHIT,0.0,0.0,0.0,3200000000
2020136N10088,AMPHAN,2020,UTTAR PRADESH,PRAYAGRAJ,0.0,0.0,0.0,3200000000
2020136N10088,AMPHAN,2020,UTTAR PRADESH,RAE BARELI,0.0,0.0,0.0,3200000000
2020136N10088,AMPHAN,2020,UTTAR PRADESH,RAMPUR,0.0,0.0,0.0,3200000000
2020136N10088,AMPHAN,2020,UTTAR PRADESH,SAHARANPUR,0.0,0.0,0.0,3200000000
2020136N10088,AMPHAN,2020,UTTAR PRADESH,SAMBHAL,0.0,0.0,0.0,3200000000
2020136N10088,AMPHAN,2020,UTTAR PRADESH,SANT KABIR NAGAR,0.0,0.0,0.0,3200000000
2020136N10088,AMPHAN,2020,UTTAR PRADESH,SHAHJAHANPUR,0.0,0.0,0.0,3200000000
2020136N10088,AMPHAN,2020,UTTAR PRADESH,SHAMLI,0.0,0.0,0.0,3200000000
2020136N10088,AMPHAN,2020,UTTAR PRADESH,SHRAWASTI,0.0,0.0,0.0,3200000000
2020136N10088,AMPHAN,2020,UTTAR PRADESH,SIDDHARTHNAGAR,0.0,0.0,0.0,3200000000
2020136N10088,AMPHAN,2020,UTTAR PRADESH,SITAPUR,0.0,0.0,0.0,3200000000
2020136N10088,AMPHAN,2020,UTTAR PRADESH,SONBHADRA,0.0,0.0,0.0,3200000000
2020136N10088,AMPHAN,2020,UTTAR PRADESH,SULTANPUR,0.0,0.0,0.0,3200000000
2020136N10088,AMPHAN,2020,UTTAR PRADESH,UNNAO,0.0,0.0,0.0,3200000000
2020136N10088,AMPHAN,2020,UTTAR PRADESH,VARANASI,0.0,0.0,0.0,3200000000
2020136N10088,AMPHAN,2020,UTTAR PRADESH,BANDA,0.0,0.0,0.0,3200000000
2020136N10088,AMPHAN,2020,WEST BENGAL,KOLK>TA,2915836237.89934,0.1699043324053915,543693863.6972528,3200000000
2020136N10088,AMPHAN,2020,MIZORAM,KHAWZAWL,0.0,0.0,0.0,3200000000
2020136N10088,AMPHAN,2020,ARUNACHAL PRADESH,LOHIT,0.0,0.0,0.0,3200000000
2020136N10088,AMPHAN,2020,LAKSHADWEEP,LAKSHADWEEP,0.0,0.0,0.0,3200000000
2019116N02090,FANI,2019,ANDHRA PRADESH,ALLURI SITHARAMA RAJU,0.0,0.0,0.0,1200000000
2019116N02090,FANI,2019,ANDHRA PRADESH,ANAKAPALLI,0.0,0.0,0.0,1200000000
2019116N02090,FANI,2019,ANDHRA PRADESH,ANANTHAPURAMU,0.0,0.0,0.0,1200000000
2019116N02090,FANI,2019,ANDHRA PRADESH,ANNAMAYYA,0.0,0.0,0.0,1200000000
2019116N02090,FANI,2019,ANDHRA PRADESH,BAPATLA,0.0,0.0,0.0,1200000000
2019116N02090,FANI,2019,ANDHRA PRADESH,CHITTOOR,0.0,0.0,0.0,1200000000
2019116N02090,FANI,2019,ANDHRA PRADESH,DR.B.R.AMBEDKAR KONASEEMA,0.0,0.0,0.0,1200000000
2019116N02090,FANI,2019,ANDHRA PRADESH,EAST GODAVARI,0.0,0.0,0.0,1200000000
2019116N02090,FANI,2019,ANDHRA PRADESH,ELURU,0.0,0.0,0.0,1200000000
2019116N02090,FANI,2019,ANDHRA PRADESH,GUNTUR,0.0,0.0,0.0,1200000000
2019116N02090,FANI,2019,ANDHRA PRADESH,KAKINADA,0.0,0.0,0.0,1200000000
2019116N02090,FANI,2019,ANDHRA PRADESH,KRISHNA,0.0,0.0,0.0,1200000000
2019116N02090,FANI,2019,ANDHRA PRADESH,KURNOOL,0.0,0.0,0.0,1200000000
2019116N02090,FANI,2019,ANDHRA PRADESH,NANDYAL,0.0,0.0,0.0,1200000000
2019116N02090,FANI,2019,ANDHRA PRADESH,NTR,0.0,0.0,0.0,1200000000
2019116N02090,FANI,2019,ANDHRA PRADESH,PALNADU,0.0,0.0,0.0,1200000000
2019116N02090,FANI,2019,ANDHRA PRADESH,PARVATHIPURAM MANYAM,4543.673355015926,0.0,0.0,1200000000
2019116N02090,FANI,2019,ANDHRA PRADESH,PRAKASAM,0.0,0.0,0.0,1200000000
2019116N02090,FANI,2019,ANDHRA PRADESH,SRI POTTI SRIRAMULU NELLORE,0.0,0.0,0.0,1200000000
2019116N02090,FANI,2019,ANDHRA PRADESH,SRI SATHYA SAI,0.0,0.0,0.0,1200000000
2019116N02090,FANI,2019,ANDHRA PRADESH,SRIKAKULAM,62599575.52911116,0.0116485842783278,13978301.133993376,1200000000
2019116N02090,FANI,2019,ANDHRA PRADESH,TIRUPATI,0.0,0.0,0.0,1200000000
2019116N02090,FANI,2019,ANDHRA PRADESH,VISAKHAPATNAM,0.0,0.0,0.0,1200000000
2019116N02090,FANI,2019,ANDHRA PRADESH,VIZIANAGARAM,0.0,0.0,0.0,1200000000
2019116N02090,FANI,2019,ANDHRA PRADESH,WEST GODAVARI,0.0,0.0,0.0,1200000000
2019116N02090,FANI,2019,PUDUCHERRY,YANAM,0.0,0.0,0.0,1200000000
2019116N02090,FANI,2019,ANDHRA PRADESH,YSR KADAPA,0.0,0.0,0.0,1200000000
2019116N02090,FANI,2019,ANDAMAN AND NICOBAR ISLANDS,NICOBARS,0.0,0.0,0.0,1200000000
2019116N02090,FANI,2019,ANDAMAN AND NICOBAR ISLANDS,NORTH AND MIDDLE ANDAMAN,0.0,0.0,0.0,1200000000
2019116N02090,FANI,2019,ANDAMAN AND NICOBAR ISLANDS,SOUTH ANDAMANS,0.0,0.0,0.0,1200000000
2019116N02090,FANI,2019,ARUNACHAL PRADESH,>NJ>W,0.0,0.0,0.0,1200000000
2019116N02090,FANI,2019,ARUNACHAL PRADESH,CH>NGL>NG,0.0,0.0,0.0,1200000000
2019116N02090,FANI,2019,ARUNACHAL PRADESH,DIB>NG VALLEY,0.0,0.0,0.0,1200000000
2019116N02090,FANI,2019,ARUNACHAL PRADESH,EAST KAMENG,0.0,0.0,0.0,1200000000
2019116N02090,FANI,2019,ARUNACHAL PRADESH,EAST SIANG,0.0,0.0,0.0,1200000000
2019116N02090,FANI,2019,ARUNACHAL PRADESH,KURUNG KUMEY,0.0,0.0,0.0,1200000000
2019116N02090,FANI,2019,ARUNACHAL PRADESH,LOWER DIB>NG VALLEY,0.0,0.0,0.0,1200000000
2019116N02090,FANI,2019,ARUNACHAL PRADESH,PAPUMPARE,0.0,0.0,0.0,1200000000
2019116N02090,FANI,2019,ARUNACHAL PRADESH,TAWANG,0.0,0.0,0.0,1200000000
2019116N02090,FANI,2019,ARUNACHAL PRADESH,TIR>P,0.0,0.0,0.0,1200000000
2019116N02090,FANI,2019,ARUNACHAL PRADESH,UPPER SIANG,0.0,0.0,0.0,1200000000
2019116N02090,FANI,2019,ARUNACHAL PRADESH,UPPER SUBANSIRI,0.0,0.0,0.0,1200000000
2019116N02090,FANI,2019,ARUNACHAL PRADESH,WEST KAMENG,0.0,0.0,0.0,1200000000
2019116N02090,FANI,2019,ARUNACHAL PRADESH,SHI YOMI,0.0,0.0,0.0,1200000000
2019116N02090,FANI,2019,ARUNACHAL PRADESH,NAMSAI,0.0,0.0,0.0,1200000000
2019116N02090,FANI,2019,ARUNACHAL PRADESH,WEST SIANG,0.0,0.0,0.0,1200000000
2019116N02090,FANI,2019,ARUNACHAL PRADESH,SIANG,0.0,0.0,0.0,1200000000
2019116N02090,FANI,2019,ARUNACHAL PRADESH,LONGDING,0.0,0.0,0.0,1200000000
2019116N02090,FANI,2019,ARUNACHAL PRADESH,PAKKE KESSANG,0.0,0.0,0.0,1200000000
2019116N02090,FANI,2019,ARUNACHAL PRADESH,LOWER SIANG,0.0,0.0,0.0,1200000000
2019116N02090,FANI,2019,ARUNACHAL PRADESH,LEPA RADA,0.0,0.0,0.0,1200000000
2019116N02090,FANI,2019,ARUNACHAL PRADESH,BICHOM,0.0,0.0,0.0,1200000000
2019116N02090,FANI,2019,ARUNACHAL PRADESH,KRA DAADI,0.0,0.0,0.0,1200000000
2019116N02090,FANI,2019,ARUNACHAL PRADESH,KAMLE,0.0,0.0,0.0,1200000000
2019116N02090,FANI,2019,ARUNACHAL PRADESH,KEYI PANYOR,0.0,0.0,0.0,1200000000
2019116N02090,FANI,2019,ARUNACHAL PRADESH,LOWER SUBANSIRI,0.0,0.0,0.0,1200000000
2019116N02090,FANI,2019,ASSAM,KOKRAJHAR,0.0,0.0,0.0,1200000000
2019116N02090,FANI,2019,ASSAM,CHIRANG,0.0,0.0,0.0,1200000000
2019116N02090,FANI,2019,ASSAM,UDALGURI,0.0,0.0,0.0,1200000000
2019116N02090,FANI,2019,ASSAM,BAKSA,0.0,0.0,0.0,1200000000
2019116N02090,FANI,2019,ASSAM,DHUBRI,0.0,0.0,0.0,1200000000
2019116N02090,FANI,2019,ASSAM,DARANG,0.0,0.0,0.0,1200000000
2019116N02090,FANI,2019,ASSAM,KARBI ANGLONG,0.0,0.0,0.0,1200000000
2019116N02090,FANI,2019,ASSAM,DIMA HASAO,0.0,0.0,0.0,1200000000
2019116N02090,FANI,2019,ASSAM,CACHAR,0.0,0.0,0.0,1200000000
2019116N02090,FANI,2019,ASSAM,KARIMGANJ,0.0,0.0,0.0,1200000000
2019116N02090,FANI,2019,ASSAM,HAILAKANDI,0.0,0.0,0.0,1200000000
2019116N02090,FANI,2019,ASSAM,WEST KARBI ANGLONG,0.0,0.0,0.0,1200000000
2019116N02090,FANI,2019,ASSAM,JORHAT,0.0,0.0,0.0,1200000000
2019116N02090,FANI,2019,ASSAM,GOLAGHAT,0.0,0.0,0.0,1200000000
2019116N02090,FANI,2019,ASSAM,SONITPUR,0.0,0.0,0.0,1200000000
2019116N02090,FANI,2019,ASSAM,DHEMAJI,0.0,0.0,0.0,1200000000
2019116N02090,FANI,2019,ASSAM,CHARAIDEO,0.0,0.0,0.0,1200000000
2019116N02090,FANI,2019,ASSAM,TINSUKIA,0.0,0.0,0.0,1200000000
2019116N02090,FANI,2019,ASSAM,LAKHIMPUR,0.0,0.0,0.0,1200000000
2019116N02090,FANI,2019,ASSAM,MAJULI,0.0,0.0,0.0,1200000000
2019116N02090,FANI,2019,ASSAM,SIBSAGAR,0.0,0.0,0.0,1200000000
2019116N02090,FANI,2019,ASSAM,NAGAON,0.0,0.0,0.0,1200000000
2019116N02090,FANI,2019,ASSAM,MARIGAON,0.0,0.0,0.0,1200000000
2019116N02090,FANI,2019,ASSAM,KAMRUP METRO,0.0,0.0,0.0,1200000000
2019116N02090,FANI,2019,ASSAM,NALBARI,0.0,0.0,0.0,1200000000
2019116N02090,FANI,2019,ASSAM,GOALPARA,0.0,0.0,0.0,1200000000
2019116N02090,FANI,2019,ASSAM,BONGAIGAON,0.0,0.0,0.0,1200000000
2019116N02090,FANI,2019,ASSAM,KAMRUP RURAL,0.0,0.0,0.0,1200000000
2019116N02090,FANI,2019,ASSAM,DIBRUGARH,0.0,0.0,0.0,1200000000
2019116N02090,FANI,2019,ASSAM,HOJAI,0.0,0.0,0.0,1200000000
2019116N02090,FANI,2019,ASSAM,TAMULPUR,0.0,0.0,0.0,1200000000
2019116N02090,FANI,2019,ASSAM,BISWANATH,0.0,0.0,0.0,1200000000
2019116N02090,FANI,2019,ASSAM,BARPETA,0.0,0.0,0.0,1200000000
2019116N02090,FANI,2019,ASSAM,BAJALI,0.0,0.0,0.0,1200000000
2019116N02090,FANI,2019,ASSAM,SOUTH SALMARA MANCACHAR,0.0,0.0,0.0,1200000000
2019116N02090,FANI,2019,BIHAR,ARARIA,0.0,0.0,0.0,1200000000
2019116N02090,FANI,2019,BIHAR,ARWAL,0.0,0.0,0.0,1200000000
2019116N02090,FANI,2019,BIHAR,AURANGABAD,0.0,0.0,0.0,1200000000
2019116N02090,FANI,2019,BIHAR,BANKA,0.0,0.0,0.0,1200000000
2019116N02090,FANI,2019,BIHAR,BEGUSARAI,0.0,0.0,0.0,1200000000
2019116N02090,FANI,2019,BIHAR,BHAGALPUR,0.0,0.0,0.0,1200000000
2019116N02090,FANI,2019,BIHAR,BHOJPUR,0.0,0.0,0.0,1200000000
2019116N02090,FANI,2019,BIHAR,BUXAR,0.0,0.0,0.0,1200000000
2019116N02090,FANI,2019,BIHAR,DARBHANGA,0.0,0.0,0.0,1200000000
2019116N02090,FANI,2019,BIHAR,GAYA,0.0,0.0,0.0,1200000000
2019116N02090,FANI,2019,BIHAR,GOPALGANJ,0.0,0.0,0.0,1200000000
2019116N02090,FANI,2019,BIHAR,JAHANABAD,0.0,0.0,0.0,1200000000
2019116N02090,FANI,2019,BIHAR,JAMUI,0.0,0.0,0.0,1200000000
2019116N02090,FANI,2019,BIHAR,KAIMUR,0.0,0.0,0.0,1200000000
2019116N02090,FANI,2019,BIHAR,KATIHAR,0.0,0.0,0.0,1200000000
2019116N02090,FANI,2019,BIHAR,KHAGARIA,0.0,0.0,0.0,1200000000
2019116N02090,FANI,2019,BIHAR,KISHANGANJ,0.0,0.0,0.0,1200000000
2019116N02090,FANI,2019,BIHAR,LAKHISARAI,0.0,0.0,0.0,1200000000
2019116N02090,FANI,2019,BIHAR,MADHEPURA,0.0,0.0,0.0,1200000000
2019116N02090,FANI,2019,BIHAR,MADHUBANI,0.0,0.0,0.0,1200000000
2019116N02090,FANI,2019,BIHAR,MUNGER,0.0,0.0,0.0,1200000000
2019116N02090,FANI,2019,BIHAR,MUZAFFARPUR,0.0,0.0,0.0,1200000000
2019116N02090,FANI,2019,BIHAR,NALANDA,0.0,0.0,0.0,1200000000
2019116N02090,FANI,2019,BIHAR,NAWADA,0.0,0.0,0.0,1200000000
2019116N02090,FANI,2019,BIHAR,PASHCHIMI CHAMPARAN,0.0,0.0,0.0,1200000000
2019116N02090,FANI,2019,BIHAR,PATNA,0.0,0.0,0.0,1200000000
2019116N02090,FANI,2019,BIHAR,PURBI CHAMPARAN,0.0,0.0,0.0,1200000000
2019116N02090,FANI,2019,BIHAR,PURNIA,0.0,0.0,0.0,1200000000
2019116N02090,FANI,2019,BIHAR,ROHTAS,0.0,0.0,0.0,1200000000
2019116N02090,FANI,2019,BIHAR,SAHARSA,0.0,0.0,0.0,1200000000
2019116N02090,FANI,2019,BIHAR,SAMASTIPUR,0.0,0.0,0.0,1200000000
2019116N02090,FANI,2019,BIHAR,SARAN,0.0,0.0,0.0,1200000000
2019116N02090,FANI,2019,BIHAR,SHEIKHPURA,0.0,0.0,0.0,1200000000
2019116N02090,FANI,2019,BIHAR,SHEOHAR,0.0,0.0,0.0,1200000000
2019116N02090,FANI,2019,BIHAR,SITAMARHI,0.0,0.0,0.0,1200000000
2019116N02090,FANI,2019,BIHAR,SIWAN,0.0,0.0,0.0,1200000000
2019116N02090,FANI,2019,BIHAR,SUPAUL,0.0,0.0,0.0,1200000000
2019116N02090,FANI,2019,BIHAR,VAISHALI,0.0,0.0,0.0,1200000000
2019116N02090,FANI,2019,CHHATTISGARH,KAWARDHA (KABIRDHAM),0.0,0.0,0.0,1200000000
2019116N02090,FANI,2019,CHHATTISGARH,GAURELA-PENDRA-MARWAHI,0.0,0.0,0.0,1200000000
2019116N02090,FANI,2019,CHHATTISGARH,SURAJPUR,0.0,0.0,0.0,1200000000
2019116N02090,FANI,2019,CHHATTISGARH,BALRAMPUR,0.0,0.0,0.0,1200000000
2019116N02090,FANI,2019,CHHATTISGARH,MUNGELI,0.0,0.0,0.0,1200000000
2019116N02090,FANI,2019,CHHATTISGARH,DAKSHIN BASTAR DANTEWARA,0.0,0.0,0.0,1200000000
2019116N02090,FANI,2019,CHHATTISGARH,BIJAPUR,0.0,0.0,0.0,1200000000
2019116N02090,FANI,2019,CHHATTISGARH,BASTAR,0.0,0.0,0.0,1200000000
2019116N02090,FANI,2019,CHHATTISGARH,SUKMA,0.0,0.0,0.0,1200000000
2019116N02090,FANI,2019,CHHATTISGARH,KONDAGAON,0.0,0.0,0.0,1200000000
2019116N02090,FANI,2019,CHHATTISGARH,NARAYANPUR,0.0,0.0,0.0,1200000000
2019116N02090,FANI,2019,CHHATTISGARH,UTTAR BASTAR KANKER,0.0,0.0,0.0,1200000000
2019116N02090,FANI,2019,CHHATTISGARH,GARIYABAND,0.0,0.0,0.0,1200000000
2019116N02090,FANI,2019,CHHATTISGARH,DHAMTARI,0.0,0.0,0.0,1200000000
2019116N02090,FANI,2019,CHHATTISGARH,BALOD,0.0,0.0,0.0,1200000000
2019116N02090,FANI,2019,CHHATTISGARH,MAHASAMUND,0.0,0.0,0.0,1200000000
2019116N02090,FANI,2019,CHHATTISGARH,DURG,0.0,0.0,0.0,1200000000
2019116N02090,FANI,2019,CHHATTISGARH,RAIPUR,0.0,0.0,0.0,1200000000
2019116N02090,FANI,2019,CHHATTISGARH,BEMETARA,0.0,0.0,0.0,1200000000
2019116N02090,FANI,2019,CHHATTISGARH,BILASPUR,0.0,0.0,0.0,1200000000
2019116N02090,FANI,2019,CHHATTISGARH,KORBA,0.0,0.0,0.0,1200000000
2019116N02090,FANI,2019,CHHATTISGARH,JASHPUR,0.0,0.0,0.0,1200000000
2019116N02090,FANI,2019,CHHATTISGARH,SURGUJA,0.0,0.0,0.0,1200000000
2019116N02090,FANI,2019,CHHATTISGARH,KHAIRGARH-CHHUIKHADAN-GANDAI,0.0,0.0,0.0,1200000000
2019116N02090,FANI,2019,CHHATTISGARH,RAJNANDGAON,0.0,0.0,0.0,1200000000
2019116N02090,FANI,2019,CHHATTISGARH,MOHLA-MANPUR-AMBAGARH CHOWKI,0.0,0.0,0.0,1200000000
2019116N02090,FANI,2019,CHHATTISGARH,JANJGIR - CHAMPA,0.0,0.0,0.0,1200000000
2019116N02090,FANI,2019,CHHATTISGARH,SAKTI,0.0,0.0,0.0,1200000000
2019116N02090,FANI,2019,CHHATTISGARH,RAIGARH,0.0,0.0,0.0,1200000000
2019116N02090,FANI,2019,CHHATTISGARH,KOREA,0.0,0.0,0.0,1200000000
2019116N02090,FANI,2019,CHHATTISGARH,MANENDRAGARH-CHIRMIRI-BHARATPUR,0.0,0.0,0.0,1200000000
2019116N02090,FANI,2019,CHHATTISGARH,SARANGARH-BILAIGARH,0.0,0.0,0.0,1200000000
2019116N02090,FANI,2019,CHHATTISGARH,BALODA BAZAR,0.0,0.0,0.0,1200000000
2019116N02090,FANI,2019,DELHI,NAZUL,0.0,0.0,0.0,1200000000
2019116N02090,FANI,2019,DELHI,SOUTH WEST,0.0,0.0,0.0,1200000000
2019116N02090,FANI,2019,DELHI,WEST,0.0,0.0,0.0,1200000000
2019116N02090,FANI,2019,DELHI,CENTRAL,0.0,0.0,0.0,1200000000
2019116N02090,FANI,2019,DELHI,EAST,0.0,0.0,0.0,1200000000
2019116N02090,FANI,2019,DELHI,NEW DELHI,0.0,0.0,0.0,1200000000
2019116N02090,FANI,2019,DELHI,NORTH,0.0,0.0,0.0,1200000000
2019116N02090,FANI,2019,DELHI,SHAHADARA,0.0,0.0,0.0,1200000000
2019116N02090,FANI,2019,DELHI,NORTH EAST,0.0,0.0,0.0,1200000000
2019116N02090,FANI,2019,DELHI,SOUTH EAST,0.0,0.0,0.0,1200000000
2019116N02090,FANI,2019,DELHI,SOUTH,0.0,0.0,0.0,1200000000
2019116N02090,FANI,2019,DELHI,NORTH WEST,0.0,0.0,0.0,1200000000
2019116N02090,FANI,2019,GOA,NORTH GOA,0.0,0.0,0.0,1200000000
2019116N02090,FANI,2019,GOA,SOUTH GOA,0.0,0.0,0.0,1200000000
2019116N02090,FANI,2019,DADRA & NAGAR HAVELI & DAMAN & DIU,DADRA AND NAGAR HAVELI,0.0,0.0,0.0,1200000000
2019116N02090,FANI,2019,DADRA & NAGAR HAVELI & DAMAN & DIU,DAMAN,0.0,0.0,0.0,1200000000
2019116N02090,FANI,2019,DADRA & NAGAR HAVELI & DAMAN & DIU,DIU,0.0,0.0,0.0,1200000000
2019116N02090,FANI,2019,GUJARAT,AHMADABAD,0.0,0.0,0.0,1200000000
2019116N02090,FANI,2019,GUJARAT,AMRELI,0.0,0.0,0.0,1200000000
2019116N02090,FANI,2019,GUJARAT,ANAND,0.0,0.0,0.0,1200000000
2019116N02090,FANI,2019,GUJARAT,ARVALLI,0.0,0.0,0.0,1200000000
2019116N02090,FANI,2019,GUJARAT,BANAS KANTHA,0.0,0.0,0.0,1200000000
2019116N02090,FANI,2019,GUJARAT,BHARUCH,0.0,0.0,0.0,1200000000
2019116N02090,FANI,2019,GUJARAT,BHAVNAGAR,0.0,0.0,0.0,1200000000
2019116N02090,FANI,2019,GUJARAT,BOTAD,0.0,0.0,0.0,1200000000
2019116N02090,FANI,2019,GUJARAT,CHHOTAUDEPUR,0.0,0.0,0.0,1200000000
2019116N02090,FANI,2019,GUJARAT,DAHOD,0.0,0.0,0.0,1200000000
2019116N02090,FANI,2019,GUJARAT,DANGS,0.0,0.0,0.0,1200000000
2019116N02090,FANI,2019,GUJARAT,DEVBHUMI DWARKA,0.0,0.0,0.0,1200000000
2019116N02090,FANI,2019,GUJARAT,GANDHINAGAR,0.0,0.0,0.0,1200000000
2019116N02090,FANI,2019,GUJARAT,GIR SOMNATH,0.0,0.0,0.0,1200000000
2019116N02090,FANI,2019,GUJARAT and DNH & DD ISLANDS,ISLAND,0.0,0.0,0.0,1200000000
2019116N02090,FANI,2019,GUJARAT,JAMNAGAR,0.0,0.0,0.0,1200000000
2019116N02090,FANI,2019,GUJARAT,JUNAGADH,0.0,0.0,0.0,1200000000
2019116N02090,FANI,2019,GUJARAT,KACHCHH,0.0,0.0,0.0,1200000000
2019116N02090,FANI,2019,GUJARAT,KHEDA,0.0,0.0,0.0,1200000000
2019116N02090,FANI,2019,GUJARAT,MAHESANA,0.0,0.0,0.0,1200000000
2019116N02090,FANI,2019,GUJARAT,MAHISAGAR,0.0,0.0,0.0,1200000000
2019116N02090,FANI,2019,GUJARAT,MORBI,0.0,0.0,0.0,1200000000
2019116N02090,FANI,2019,GUJARAT,NARMADA,0.0,0.0,0.0,1200000000
2019116N02090,FANI,2019,GUJARAT,NAVSARI,0.0,0.0,0.0,1200000000
2019116N02090,FANI,2019,GUJARAT,PANCH MAHALS,0.0,0.0,0.0,1200000000
2019116N02090,FANI,2019,GUJARAT,PATAN,0.0,0.0,0.0,1200000000
2019116N02090,FANI,2019,GUJARAT,PORBANDAR,0.0,0.0,0.0,1200000000
2019116N02090,FANI,2019,GUJARAT,RAJKOT,0.0,0.0,0.0,1200000000
2019116N02090,FANI,2019,GUJARAT,SABAR KANTHA,0.0,0.0,0.0,1200000000
2019116N02090,FANI,2019,GUJARAT,SURAT,0.0,0.0,0.0,1200000000
2019116N02090,FANI,2019,GUJARAT,SURENDRANAGAR,0.0,0.0,0.0,1200000000
2019116N02090,FANI,2019,GUJARAT,TAPI,0.0,0.0,0.0,1200000000
2019116N02090,FANI,2019,GUJARAT,VADODARA,0.0,0.0,0.0,1200000000
2019116N02090,FANI,2019,GUJARAT,VALSAD,0.0,0.0,0.0,1200000000
2019116N02090,FANI,2019,HARYANA,AMBALA,0.0,0.0,0.0,1200000000
2019116N02090,FANI,2019,HARYANA,BHIWANI,0.0,0.0,0.0,1200000000
2019116N02090,FANI,2019,HARYANA,CHARKI DADRI,0.0,0.0,0.0,1200000000
2019116N02090,FANI,2019,HARYANA,FARIDABAD,0.0,0.0,0.0,1200000000
2019116N02090,FANI,2019,HARYANA,FATEHABAD,0.0,0.0,0.0,1200000000
2019116N02090,FANI,2019,HARYANA,GURUGRAM,0.0,0.0,0.0,1200000000
2019116N02090,FANI,2019,HARYANA,HISAR,0.0,0.0,0.0,1200000000
2019116N02090,FANI,2019,HARYANA,JHAJJAR,0.0,0.0,0.0,1200000000
2019116N02090,FANI,2019,HARYANA,JIND,0.0,0.0,0.0,1200000000
2019116N02090,FANI,2019,HARYANA,KAITHAL,0.0,0.0,0.0,1200000000
2019116N02090,FANI,2019,HARYANA,KARNAL,0.0,0.0,0.0,1200000000
2019116N02090,FANI,2019,HARYANA,KURUKSHETRA,0.0,0.0,0.0,1200000000
2019116N02090,FANI,2019,HARYANA,MAHENDRAGARH,0.0,0.0,0.0,1200000000
2019116N02090,FANI,2019,HARYANA,NUH,0.0,0.0,0.0,1200000000
2019116N02090,FANI,2019,HARYANA,PALWAL,0.0,0.0,0.0,1200000000
2019116N02090,FANI,2019,HARYANA,PANCHKULA,0.0,0.0,0.0,1200000000
2019116N02090,FANI,2019,HARYANA,PANIPAT,0.0,0.0,0.0,1200000000
2019116N02090,FANI,2019,HARYANA,REWARI,0.0,0.0,0.0,1200000000
2019116N02090,FANI,2019,HARYANA,ROHTAK,0.0,0.0,0.0,1200000000
2019116N02090,FANI,2019,HARYANA,SIRSA,0.0,0.0,0.0,1200000000
2019116N02090,FANI,2019,HARYANA,SONIPAT,0.0,0.0,0.0,1200000000
2019116N02090,FANI,2019,HARYANA,YAMUNANAGAR,0.0,0.0,0.0,1200000000
2019116N02090,FANI,2019,HIMACHAL PRADESH,BIL>SPUR,0.0,0.0,0.0,1200000000
2019116N02090,FANI,2019,HIMACHAL PRADESH,SHIMLA,0.0,0.0,0.0,1200000000
2019116N02090,FANI,2019,HIMACHAL PRADESH,KINNAUR,0.0,0.0,0.0,1200000000
2019116N02090,FANI,2019,HIMACHAL PRADESH,SOLAN,0.0,0.0,0.0,1200000000
2019116N02090,FANI,2019,HIMACHAL PRADESH,SIRMAUR,0.0,0.0,0.0,1200000000
2019116N02090,FANI,2019,HIMACHAL PRADESH,KULLU,0.0,0.0,0.0,1200000000
2019116N02090,FANI,2019,HIMACHAL PRADESH,CHAMBA,0.0,0.0,0.0,1200000000
2019116N02090,FANI,2019,HIMACHAL PRADESH,MANDI,0.0,0.0,0.0,1200000000
2019116N02090,FANI,2019,HIMACHAL PRADESH,K>NGRA,0.0,0.0,0.0,1200000000
2019116N02090,FANI,2019,HIMACHAL PRADESH,HAM|RPUR,0.0,0.0,0.0,1200000000
2019116N02090,FANI,2019,HIMACHAL PRADESH,UNA,0.0,0.0,0.0,1200000000
2019116N02090,FANI,2019,HIMACHAL PRADESH,LAHUL & SPITI,0.0,0.0,0.0,1200000000
2019116N02090,FANI,2019,JAMMU AND KASHMIR,MIRPUR,0.0,0.0,0.0,1200000000
2019116N02090,FANI,2019,JAMMU AND KASHMIR,MUZAFFARABAD,0.0,0.0,0.0,1200000000
2019116N02090,FANI,2019,JAMMU AND KASHMIR,PUNCH,0.0,0.0,0.0,1200000000
2019116N02090,FANI,2019,JAMMU AND KASHMIR,ANANTNAG,0.0,0.0,0.0,1200000000
2019116N02090,FANI,2019,JAMMU AND KASHMIR,BARAMULA,0.0,0.0,0.0,1200000000
2019116N02090,FANI,2019,JAMMU AND KASHMIR,KATHUA,0.0,0.0,0.0,1200000000
2019116N02090,FANI,2019,JAMMU AND KASHMIR,UDHAMPUR,0.0,0.0,0.0,1200000000
2019116N02090,FANI,2019,JAMMU AND KASHMIR,BADGAM,0.0,0.0,0.0,1200000000
2019116N02090,FANI,2019,JAMMU AND KASHMIR,BANDIPURA,0.0,0.0,0.0,1200000000
2019116N02090,FANI,2019,JAMMU AND KASHMIR,GANDERBAL,0.0,0.0,0.0,1200000000
2019116N02090,FANI,2019,JAMMU AND KASHMIR,KULGAM,0.0,0.0,0.0,1200000000
2019116N02090,FANI,2019,JAMMU AND KASHMIR,KUPWARA,0.0,0.0,0.0,1200000000
2019116N02090,FANI,2019,JAMMU AND KASHMIR,PULWAMA,0.0,0.0,0.0,1200000000
2019116N02090,FANI,2019,JAMMU AND KASHMIR,RAJAURI,0.0,0.0,0.0,1200000000
2019116N02090,FANI,2019,JAMMU AND KASHMIR,RAMBAN,0.0,0.0,0.0,1200000000
2019116N02090,FANI,2019,JAMMU AND KASHMIR,RIASI,0.0,0.0,0.0,1200000000
2019116N02090,FANI,2019,JAMMU AND KASHMIR,SHUPIYAN,0.0,0.0,0.0,1200000000
2019116N02090,FANI,2019,JAMMU AND KASHMIR,SRINAGAR,0.0,0.0,0.0,1200000000
2019116N02090,FANI,2019,JAMMU AND KASHMIR,KISHTWAR,0.0,0.0,0.0,1200000000
2019116N02090,FANI,2019,JAMMU AND KASHMIR,DODA,0.0,0.0,0.0,1200000000
2019116N02090,FANI,2019,JAMMU AND KASHMIR,SAMBA,0.0,0.0,0.0,1200000000
2019116N02090,FANI,2019,JAMMU AND KASHMIR,JAMMU,0.0,0.0,0.0,1200000000
2019116N02090,FANI,2019,,NONE,0.0,0.0,0.0,1200000000
2019116N02090,FANI,2019,JHARKHAND,GARHWA,0.0,0.0,0.0,1200000000
2019116N02090,FANI,2019,JHARKHAND,CHATRA,0.0,0.0,0.0,1200000000
2019116N02090,FANI,2019,JHARKHAND,KODERMA,0.0,0.0,0.0,1200000000
2019116N02090,FANI,2019,JHARKHAND,GIRIDIH,0.0,0.0,0.0,1200000000
2019116N02090,FANI,2019,JHARKHAND,DEOGHAR,0.0,0.0,0.0,1200000000
2019116N02090,FANI,2019,JHARKHAND,GODDA,0.0,0.0,0.0,1200000000
2019116N02090,FANI,2019,JHARKHAND,SAHIBGANJ,0.0,0.0,0.0,1200000000
2019116N02090,FANI,2019,JHARKHAND,PAKUR,0.0,0.0,0.0,1200000000
2019116N02090,FANI,2019,JHARKHAND,DHANBAD,0.0,0.0,0.0,1200000000
2019116N02090,FANI,2019,JHARKHAND,BOKARO,0.0,0.0,0.0,1200000000
2019116N02090,FANI,2019,JHARKHAND,LOHARDAGA,0.0,0.0,0.0,1200000000
2019116N02090,FANI,2019,JHARKHAND,EAST SINGHBHUM,0.0,0.0,0.0,1200000000
2019116N02090,FANI,2019,JHARKHAND,PALAMU,0.0,0.0,0.0,1200000000
2019116N02090,FANI,2019,JHARKHAND,LATEHAR,0.0,0.0,0.0,1200000000
2019116N02090,FANI,2019,JHARKHAND,HAZARIBAGH,0.0,0.0,0.0,1200000000
2019116N02090,FANI,2019,JHARKHAND,RAMGARH,0.0,0.0,0.0,1200000000
2019116N02090,FANI,2019,JHARKHAND,DUMKA,0.0,0.0,0.0,1200000000
2019116N02090,FANI,2019,JHARKHAND,JAMTARA,0.0,0.0,0.0,1200000000
2019116N02090,FANI,2019,JHARKHAND,RANCHI,0.0,0.0,0.0,1200000000
2019116N02090,FANI,2019,JHARKHAND,KHUNTI,0.0,0.0,0.0,1200000000
2019116N02090,FANI,2019,JHARKHAND,GUMLA,0.0,0.0,0.0,1200000000
2019116N02090,FANI,2019,JHARKHAND,SIMDEGA,0.0,0.0,0.0,1200000000
2019116N02090,FANI,2019,JHARKHAND,WEST SINGHBHUM,0.0,0.0,0.0,1200000000
2019116N02090,FANI,2019,JHARKHAND,SARAIKELA-KHARSAWAN,0.0,0.0,0.0,1200000000
2019116N02090,FANI,2019,KARNATAKA,B,0.0,0.0,0.0,1200000000
2019116N02090,FANI,2019,KARNATAKA,BENGAL#RU (RURAL),0.0,0.0,0.0,1200000000
2019116N02090,FANI,2019,KARNATAKA,BELAG,0.0,0.0,0.0,1200000000
2019116N02090,FANI,2019,KARNATAKA,CHIKKAMAGAL#RU,0.0,0.0,0.0,1200000000
2019116N02090,FANI,2019,KARNATAKA,BALL,0.0,0.0,0.0,1200000000
2019116N02090,FANI,2019,KARNATAKA,CH,0.0,0.0,0.0,1200000000
2019116N02090,FANI,2019,KARNATAKA,CHITRADURGA,0.0,0.0,0.0,1200000000
2019116N02090,FANI,2019,KARNATAKA,KOPPAL,0.0,0.0,0.0,1200000000
2019116N02090,FANI,2019,KARNATAKA,VIJAYANAGARA,0.0,0.0,0.0,1200000000
2019116N02090,FANI,2019,KARNATAKA,RAICH#R,0.0,0.0,0.0,1200000000
2019116N02090,FANI,2019,KARNATAKA,CHIKKABALL,0.0,0.0,0.0,1200000000
2019116N02090,FANI,2019,KARNATAKA,D,0.0,0.0,0.0,1200000000
2019116N02090,FANI,2019,KARNATAKA,DH,0.0,0.0,0.0,1200000000
2019116N02090,FANI,2019,KARNATAKA,GADAG,0.0,0.0,0.0,1200000000
2019116N02090,FANI,2019,KARNATAKA,H,0.0,0.0,0.0,1200000000
2019116N02090,FANI,2019,KARNATAKA,KALABURAGI,0.0,0.0,0.0,1200000000
2019116N02090,FANI,2019,KARNATAKA,BENGAL#RU (URBAN),0.0,0.0,0.0,1200000000
2019116N02090,FANI,2019,KARNATAKA,KOL,0.0,0.0,0.0,1200000000
2019116N02090,FANI,2019,KARNATAKA,MANDYA,0.0,0.0,0.0,1200000000
2019116N02090,FANI,2019,KARNATAKA,MYS#RU,0.0,0.0,0.0,1200000000
2019116N02090,FANI,2019,KARNATAKA,SHIVAMOGGA,0.0,0.0,0.0,1200000000
2019116N02090,FANI,2019,KARNATAKA,DAKSHINA KANNADA,0.0,0.0,0.0,1200000000
2019116N02090,FANI,2019,KARNATAKA,UTTARA KANNADA,0.0,0.0,0.0,1200000000
2019116N02090,FANI,2019,KARNATAKA,VIJAYAPURA,0.0,0.0,0.0,1200000000
2019116N02090,FANI,2019,KARNATAKA,Y,0.0,0.0,0.0,1200000000
2019116N02090,FANI,2019,KARNATAKA,R,0.0,0.0,0.0,1200000000
2019116N02090,FANI,2019,KERALA,PALAKKAD,0.0,0.0,0.0,1200000000
2019116N02090,FANI,2019,KERALA,ALAPPUZHA,0.0,0.0,0.0,1200000000
2019116N02090,FANI,2019,KERALA,KOTTAYAM,0.0,0.0,0.0,1200000000
2019116N02090,FANI,2019,KERALA,KOLLAM,0.0,0.0,0.0,1200000000
2019116N02090,FANI,2019,KERALA,KOZHIKODE,0.0,0.0,0.0,1200000000
2019116N02090,FANI,2019,KERALA,KASARAGOD,0.0,0.0,0.0,1200000000
2019116N02090,FANI,2019,KERALA,MALAPPURAM,0.0,0.0,0.0,1200000000
2019116N02090,FANI,2019,KERALA,WAYANAD,0.0,0.0,0.0,1200000000
2019116N02090,FANI,2019,KERALA,PATHANAMTHITTA,0.0,0.0,0.0,1200000000
2019116N02090,FANI,2019,KERALA,IDUKKI,0.0,0.0,0.0,1200000000
2019116N02090,FANI,2019,KERALA,THRISSUR,0.0,0.0,0.0,1200000000
2019116N02090,FANI,2019,KERALA,ERNAKULAM,0.0,0.0,0.0,1200000000
2019116N02090,FANI,2019,KERALA,THIRUVANANTHAPURAM,0.0,0.0,0.0,1200000000
2019116N02090,FANI,2019,KERALA,KANNUR,0.0,0.0,0.0,1200000000
2019116N02090,FANI,2019,LADAKH,LEH,0.0,0.0,0.0,1200000000
2019116N02090,FANI,2019,LADAKH,KARGIL,0.0,0.0,0.0,1200000000
2019116N02090,FANI,2019,MADHYA PRADESH,AGAR MALWA,0.0,0.0,0.0,1200000000
2019116N02090,FANI,2019,MADHYA PRADESH,ALIRAJPUR,0.0,0.0,0.0,1200000000
2019116N02090,FANI,2019,MADHYA PRADESH,ANUPPUR,0.0,0.0,0.0,1200000000
2019116N02090,FANI,2019,MADHYA PRADESH,ASHOKNAGAR,0.0,0.0,0.0,1200000000
2019116N02090,FANI,2019,MADHYA PRADESH,BALAGHAT,0.0,0.0,0.0,1200000000
2019116N02090,FANI,2019,MADHYA PRADESH,BARWANI,0.0,0.0,0.0,1200000000
2019116N02090,FANI,2019,MADHYA PRADESH,BETUL,0.0,0.0,0.0,1200000000
2019116N02090,FANI,2019,MADHYA PRADESH,BHIND,0.0,0.0,0.0,1200000000
2019116N02090,FANI,2019,MADHYA PRADESH,BHOPAL,0.0,0.0,0.0,1200000000
2019116N02090,FANI,2019,MADHYA PRADESH,BURHANPUR,0.0,0.0,0.0,1200000000
2019116N02090,FANI,2019,MADHYA PRADESH,CHHATARPUR,0.0,0.0,0.0,1200000000
2019116N02090,FANI,2019,MADHYA PRADESH,CHHINDWARA,0.0,0.0,0.0,1200000000
2019116N02090,FANI,2019,MADHYA PRADESH,DAMOH,0.0,0.0,0.0,1200000000
2019116N02090,FANI,2019,MADHYA PRADESH,DEWAS,0.0,0.0,0.0,1200000000
2019116N02090,FANI,2019,MADHYA PRADESH,DHAR,0.0,0.0,0.0,1200000000
2019116N02090,FANI,2019,MADHYA PRADESH,DINDORI,0.0,0.0,0.0,1200000000
2019116N02090,FANI,2019,MADHYA PRADESH,GUNA,0.0,0.0,0.0,1200000000
2019116N02090,FANI,2019,MADHYA PRADESH,GWALIOR,0.0,0.0,0.0,1200000000
2019116N02090,FANI,2019,MADHYA PRADESH,HARDA,0.0,0.0,0.0,1200000000
2019116N02090,FANI,2019,MADHYA PRADESH,INDORE,0.0,0.0,0.0,1200000000
2019116N02090,FANI,2019,MADHYA PRADESH,JABALPUR,0.0,0.0,0.0,1200000000
2019116N02090,FANI,2019,MADHYA PRADESH,JHABUA,0.0,0.0,0.0,1200000000
2019116N02090,FANI,2019,MADHYA PRADESH,KATNI,0.0,0.0,0.0,1200000000
2019116N02090,FANI,2019,MADHYA PRADESH,KHANDWA,0.0,0.0,0.0,1200000000
2019116N02090,FANI,2019,MADHYA PRADESH,KHARGONE,0.0,0.0,0.0,1200000000
2019116N02090,FANI,2019,MADHYA PRADESH,MAIHAR,0.0,0.0,0.0,1200000000
2019116N02090,FANI,2019,MADHYA PRADESH,MANDLA,0.0,0.0,0.0,1200000000
2019116N02090,FANI,2019,MADHYA PRADESH,MANDSAUR,0.0,0.0,0.0,1200000000
2019116N02090,FANI,2019,MADHYA PRADESH,MAUGANJ,0.0,0.0,0.0,1200000000
2019116N02090,FANI,2019,MADHYA PRADESH,MORENA,0.0,0.0,0.0,1200000000
2019116N02090,FANI,2019,MADHYA PRADESH,NARMADAPURAM,0.0,0.0,0.0,1200000000
2019116N02090,FANI,2019,MADHYA PRADESH,NARSINGHPUR,0.0,0.0,0.0,1200000000
2019116N02090,FANI,2019,MADHYA PRADESH,NEEMUCH,0.0,0.0,0.0,1200000000
2019116N02090,FANI,2019,MADHYA PRADESH,NIWARI,0.0,0.0,0.0,1200000000
2019116N02090,FANI,2019,MADHYA PRADESH,PANDHURNA,0.0,0.0,0.0,1200000000
2019116N02090,FANI,2019,MADHYA PRADESH,PANNA,0.0,0.0,0.0,1200000000
2019116N02090,FANI,2019,MADHYA PRADESH,RAISEN,0.0,0.0,0.0,1200000000
2019116N02090,FANI,2019,MADHYA PRADESH,RAJGARH,0.0,0.0,0.0,1200000000
2019116N02090,FANI,2019,MADHYA PRADESH,RATLAM,0.0,0.0,0.0,1200000000
2019116N02090,FANI,2019,MADHYA PRADESH,REWA,0.0,0.0,0.0,1200000000
2019116N02090,FANI,2019,MADHYA PRADESH,SAGAR,0.0,0.0,0.0,1200000000
2019116N02090,FANI,2019,MADHYA PRADESH,SATNA,0.0,0.0,0.0,1200000000
2019116N02090,FANI,2019,MADHYA PRADESH,SEHORE,0.0,0.0,0.0,1200000000
2019116N02090,FANI,2019,MADHYA PRADESH,SEONI,0.0,0.0,0.0,1200000000
2019116N02090,FANI,2019,MADHYA PRADESH,SHAHDOL,0.0,0.0,0.0,1200000000
2019116N02090,FANI,2019,MADHYA PRADESH,SHAJAPUR,0.0,0.0,0.0,1200000000
2019116N02090,FANI,2019,MADHYA PRADESH,SHEOPUR,0.0,0.0,0.0,1200000000
2019116N02090,FANI,2019,MADHYA PRADESH,SHIVPURI,0.0,0.0,0.0,1200000000
2019116N02090,FANI,2019,MADHYA PRADESH,SINGRAULI,0.0,0.0,0.0,1200000000
2019116N02090,FANI,2019,MADHYA PRADESH,TIKAMGARH,0.0,0.0,0.0,1200000000
2019116N02090,FANI,2019,MADHYA PRADESH,UJJAIN,0.0,0.0,0.0,1200000000
2019116N02090,FANI,2019,MADHYA PRADESH,UMARIA,0.0,0.0,0.0,1200000000
2019116N02090,FANI,2019,MADHYA PRADESH,VIDISHA,0.0,0.0,0.0,1200000000
2019116N02090,FANI,2019,MAHARASHTRA,AHMEDNAGAR,0.0,0.0,0.0,1200000000
2019116N02090,FANI,2019,MAHARASHTRA,BEED,0.0,0.0,0.0,1200000000
2019116N02090,FANI,2019,MAHARASHTRA,BHANDARA,0.0,0.0,0.0,1200000000
2019116N02090,FANI,2019,MAHARASHTRA,CHANDRAPUR,0.0,0.0,0.0,1200000000
2019116N02090,FANI,2019,MAHARASHTRA,DHULE,0.0,0.0,0.0,1200000000
2019116N02090,FANI,2019,MAHARASHTRA,GADCHIROLI,0.0,0.0,0.0,1200000000
2019116N02090,FANI,2019,MAHARASHTRA,GONDIA,0.0,0.0,0.0,1200000000
2019116N02090,FANI,2019,MAHARASHTRA,HINGOLI,0.0,0.0,0.0,1200000000
2019116N02090,FANI,2019,MAHARASHTRA,JALGAON,0.0,0.0,0.0,1200000000
2019116N02090,FANI,2019,MAHARASHTRA,KOLHAPUR,0.0,0.0,0.0,1200000000
2019116N02090,FANI,2019,MAHARASHTRA,LATUR,0.0,0.0,0.0,1200000000
2019116N02090,FANI,2019,MAHARASHTRA,MUMBAI,0.0,0.0,0.0,1200000000
2019116N02090,FANI,2019,MAHARASHTRA,NAGPUR,0.0,0.0,0.0,1200000000
2019116N02090,FANI,2019,MAHARASHTRA,NANDED,0.0,0.0,0.0,1200000000
2019116N02090,FANI,2019,MAHARASHTRA,NASHIK,0.0,0.0,0.0,1200000000
2019116N02090,FANI,2019,MAHARASHTRA,NANDURBAR,0.0,0.0,0.0,1200000000
2019116N02090,FANI,2019,MAHARASHTRA,PALGHAR,0.0,0.0,0.0,1200000000
2019116N02090,FANI,2019,MAHARASHTRA,PUNE,0.0,0.0,0.0,1200000000
2019116N02090,FANI,2019,MAHARASHTRA,RATNAGIRI,0.0,0.0,0.0,1200000000
2019116N02090,FANI,2019,MAHARASHTRA,SANGLI,0.0,0.0,0.0,1200000000
2019116N02090,FANI,2019,MAHARASHTRA,SATARA,0.0,0.0,0.0,1200000000
2019116N02090,FANI,2019,MAHARASHTRA,SINDHUDURG,0.0,0.0,0.0,1200000000
2019116N02090,FANI,2019,MAHARASHTRA,SOLAPUR,0.0,0.0,0.0,1200000000
2019116N02090,FANI,2019,MAHARASHTRA,MUMBAI SUBURBAN,0.0,0.0,0.0,1200000000
2019116N02090,FANI,2019,MAHARASHTRA,THANE,0.0,0.0,0.0,1200000000
2019116N02090,FANI,2019,MAHARASHTRA,DHARASHIV,0.0,0.0,0.0,1200000000
2019116N02090,FANI,2019,MAHARASHTRA,WASHIM,0.0,0.0,0.0,1200000000
2019116N02090,FANI,2019,MAHARASHTRA,WARDHA,0.0,0.0,0.0,1200000000
2019116N02090,FANI,2019,MAHARASHTRA,YAVATMAL,0.0,0.0,0.0,1200000000
2019116N02090,FANI,2019,MAHARASHTRA,AKOLA,0.0,0.0,0.0,1200000000
2019116N02090,FANI,2019,MAHARASHTRA,AMRAVATI,0.0,0.0,0.0,1200000000
2019116N02090,FANI,2019,MAHARASHTRA,BULDHANA,0.0,0.0,0.0,1200000000
2019116N02090,FANI,2019,MAHARASHTRA,PARBHANI,0.0,0.0,0.0,1200000000
2019116N02090,FANI,2019,MAHARASHTRA,JALNA,0.0,0.0,0.0,1200000000
2019116N02090,FANI,2019,MAHARASHTRA,CHHATRAPATI SAMBHAJINAGAR,0.0,0.0,0.0,1200000000
2019116N02090,FANI,2019,MANIPUR,BISHNUPUR,0.0,0.0,0.0,1200000000
2019116N02090,FANI,2019,MANIPUR,CHANDEL,0.0,0.0,0.0,1200000000
2019116N02090,FANI,2019,MANIPUR,CHURACHANDPUR,0.0,0.0,0.0,1200000000
2019116N02090,FANI,2019,MANIPUR,IMPHAL EAST,0.0,0.0,0.0,1200000000
2019116N02090,FANI,2019,MANIPUR,IMPHAL WEST,0.0,0.0,0.0,1200000000
2019116N02090,FANI,2019,MANIPUR,JIRIBAM,0.0,0.0,0.0,1200000000
2019116N02090,FANI,2019,MANIPUR,KAKCHING,0.0,0.0,0.0,1200000000
2019116N02090,FANI,2019,MANIPUR,KAMJANG,0.0,0.0,0.0,1200000000
2019116N02090,FANI,2019,MANIPUR,KANGPOKPI,0.0,0.0,0.0,1200000000
2019116N02090,FANI,2019,MANIPUR,NONEY,0.0,0.0,0.0,1200000000
2019116N02090,FANI,2019,MANIPUR,PHERZAWL,0.0,0.0,0.0,1200000000
2019116N02090,FANI,2019,MANIPUR,SENAPATI,0.0,0.0,0.0,1200000000
2019116N02090,FANI,2019,MANIPUR,TAMENGLONG,0.0,0.0,0.0,1200000000
2019116N02090,FANI,2019,MANIPUR,TENGNOUPAL,0.0,0.0,0.0,1200000000
2019116N02090,FANI,2019,MANIPUR,THOUBAL,0.0,0.0,0.0,1200000000
2019116N02090,FANI,2019,MANIPUR,UKHRUL,0.0,0.0,0.0,1200000000
2019116N02090,FANI,2019,MEGHALAYA,EAST G>RO HILLS,0.0,0.0,0.0,1200000000
2019116N02090,FANI,2019,MEGHALAYA,EAST JAINTIA HILLS,0.0,0.0,0.0,1200000000
2019116N02090,FANI,2019,MEGHALAYA,EAST KH>SI HILLS,0.0,0.0,0.0,1200000000
2019116N02090,FANI,2019,MEGHALAYA,NORTH G>RO HILLS,0.0,0.0,0.0,1200000000
2019116N02090,FANI,2019,MEGHALAYA,RI-BHOI,0.0,0.0,0.0,1200000000
2019116N02090,FANI,2019,MEGHALAYA,SOUTH G>RO HILLS,0.0,0.0,0.0,1200000000
2019116N02090,FANI,2019,MEGHALAYA,SOUTH WEST G>RO HILLS,0.0,0.0,0.0,1200000000
2019116N02090,FANI,2019,MEGHALAYA,WEST G>RO HILLS,0.0,0.0,0.0,1200000000
2019116N02090,FANI,2019,MEGHALAYA,WEST JAINTIA HILLS,0.0,0.0,0.0,1200000000
2019116N02090,FANI,2019,MEGHALAYA,SOUTH WEST KH>SI HILLS,0.0,0.0,0.0,1200000000
2019116N02090,FANI,2019,MEGHALAYA,EASTERN WEST KHASI HILLS,0.0,0.0,0.0,1200000000
2019116N02090,FANI,2019,MEGHALAYA,WEST KHASI HILLS,0.0,0.0,0.0,1200000000
2019116N02090,FANI,2019,MIZORAM,CHAMPHAI,0.0,0.0,0.0,1200000000
2019116N02090,FANI,2019,MIZORAM,HNAHTHIAL,0.0,0.0,0.0,1200000000
2019116N02090,FANI,2019,MIZORAM,SERCHHIP,0.0,0.0,0.0,1200000000
2019116N02090,FANI,2019,MIZORAM,LUNGLEI,0.0,0.0,0.0,1200000000
2019116N02090,FANI,2019,MIZORAM,MAMIT,0.0,0.0,0.0,1200000000
2019116N02090,FANI,2019,MIZORAM,KOLASIB,0.0,0.0,0.0,1200000000
2019116N02090,FANI,2019,MIZORAM,AIZAWL,0.0,0.0,0.0,1200000000
2019116N02090,FANI,2019,MIZORAM,SAIHA,0.0,0.0,0.0,1200000000
2019116N02090,FANI,2019,MIZORAM,SAITUAL,0.0,0.0,0.0,1200000000
2019116N02090,FANI,2019,MIZORAM,LAWNGTLAI,0.0,0.0,0.0,1200000000
2019116N02090,FANI,2019,NAGALAND,LONGLENG,0.0,0.0,0.0,1200000000
2019116N02090,FANI,2019,NAGALAND,TUENSANG,0.0,0.0,0.0,1200000000
2019116N02090,FANI,2019,NAGALAND,SHAMATOR,0.0,0.0,0.0,1200000000
2019116N02090,FANI,2019,NAGALAND,DIMAPUR,0.0,0.0,0.0,1200000000
2019116N02090,FANI,2019,NAGALAND,CHUMOUKEDIMA,0.0,0.0,0.0,1200000000
2019116N02090,FANI,2019,NAGALAND,NIULAND,0.0,0.0,0.0,1200000000
2019116N02090,FANI,2019,NAGALAND,PEREN,0.0,0.0,0.0,1200000000
2019116N02090,FANI,2019,NAGALAND,KOHIMA,0.0,0.0,0.0,1200000000
2019116N02090,FANI,2019,NAGALAND,MON,0.0,0.0,0.0,1200000000
2019116N02090,FANI,2019,NAGALAND,KIPHIRE,0.0,0.0,0.0,1200000000
2019116N02090,FANI,2019,NAGALAND,PHEK,0.0,0.0,0.0,1200000000
2019116N02090,FANI,2019,NAGALAND,MOKOKCHUNG,0.0,0.0,0.0,1200000000
2019116N02090,FANI,2019,NAGALAND,ZUNHEBOTO,0.0,0.0,0.0,1200000000
2019116N02090,FANI,2019,NAGALAND,WOKHA,0.0,0.0,0.0,1200000000
2019116N02090,FANI,2019,NAGALAND,TSEMINYU,0.0,0.0,0.0,1200000000
2019116N02090,FANI,2019,NAGALAND,NOKLAK,0.0,0.0,0.0,1200000000
2019116N02090,FANI,2019,PUDUCHERRY,KARAIKAL,0.0,0.0,0.0,1200000000
2019116N02090,FANI,2019,PUDUCHERRY,MAHE,0.0,0.0,0.0,1200000000
2019116N02090,FANI,2019,PUDUCHERRY,PUDUCHERRY,0.0,0.0,0.0,1200000000
2019116N02090,FANI,2019,PUNJAB,FIROZPUR,0.0,0.0,0.0,1200000000
2019116N02090,FANI,2019,PUNJAB,LUDHIANA,0.0,0.0,0.0,1200000000
2019116N02090,FANI,2019,PUNJAB,RUPNAGAR,0.0,0.0,0.0,1200000000
2019116N02090,FANI,2019,PUNJAB,MANSA,0.0,0.0,0.0,1200000000
2019116N02090,FANI,2019,PUNJAB,SRI MUKTSAR SAHIB,0.0,0.0,0.0,1200000000
2019116N02090,FANI,2019,PUNJAB,SAS NAGAR (SAHIBZADA AJIT SINGH NAGAR),0.0,0.0,0.0,1200000000
2019116N02090,FANI,2019,PUNJAB,JALANDHAR,0.0,0.0,0.0,1200000000
2019116N02090,FANI,2019,PUNJAB,PATHANKOT,0.0,0.0,0.0,1200000000
2019116N02090,FANI,2019,PUNJAB,FARIDKOT,0.0,0.0,0.0,1200000000
2019116N02090,FANI,2019,PUNJAB,MOGA,0.0,0.0,0.0,1200000000
2019116N02090,FANI,2019,PUNJAB,HOSHIARPUR,0.0,0.0,0.0,1200000000
2019116N02090,FANI,2019,PUNJAB,BATHINDA,0.0,0.0,0.0,1200000000
2019116N02090,FANI,2019,PUNJAB,TARN TARAN,0.0,0.0,0.0,1200000000
2019116N02090,FANI,2019,PUNJAB,FAZILKA,0.0,0.0,0.0,1200000000
2019116N02090,FANI,2019,PUNJAB,PATIALA,0.0,0.0,0.0,1200000000
2019116N02090,FANI,2019,PUNJAB,SHAHID BHAGAT SINGH NAGAR,0.0,0.0,0.0,1200000000
2019116N02090,FANI,2019,PUNJAB,BARNALA,0.0,0.0,0.0,1200000000
2019116N02090,FANI,2019,PUNJAB,GURDASPUR,0.0,0.0,0.0,1200000000
2019116N02090,FANI,2019,PUNJAB,KAPURTHALA,0.0,0.0,0.0,1200000000
2019116N02090,FANI,2019,PUNJAB,FATEHGARH SAHIB,0.0,0.0,0.0,1200000000
2019116N02090,FANI,2019,PUNJAB,AMRITSAR,0.0,0.0,0.0,1200000000
2019116N02090,FANI,2019,PUNJAB,MALER KOTLA,0.0,0.0,0.0,1200000000
2019116N02090,FANI,2019,PUNJAB,SANGRUR,0.0,0.0,0.0,1200000000
2019116N02090,FANI,2019,RAJASTHAN,AJMER,0.0,0.0,0.0,1200000000
2019116N02090,FANI,2019,RAJASTHAN,ALWAR,0.0,0.0,0.0,1200000000
2019116N02090,FANI,2019,RAJASTHAN,ANOOPGARH,0.0,0.0,0.0,1200000000
2019116N02090,FANI,2019,RAJASTHAN,BALOTRA,0.0,0.0,0.0,1200000000
2019116N02090,FANI,2019,RAJASTHAN,BANSWARA,0.0,0.0,0.0,1200000000
2019116N02090,FANI,2019,RAJASTHAN,BARAN,0.0,0.0,0.0,1200000000
2019116N02090,FANI,2019,RAJASTHAN,BARMER,0.0,0.0,0.0,1200000000
2019116N02090,FANI,2019,RAJASTHAN,BEAWAR,0.0,0.0,0.0,1200000000
2019116N02090,FANI,2019,RAJASTHAN,BHARATPUR,0.0,0.0,0.0,1200000000
2019116N02090,FANI,2019,RAJASTHAN,BHILWARA,0.0,0.0,0.0,1200000000
2019116N02090,FANI,2019,RAJASTHAN,BIKANER,0.0,0.0,0.0,1200000000
2019116N02090,FANI,2019,RAJASTHAN,BUNDI,0.0,0.0,0.0,1200000000
2019116N02090,FANI,2019,RAJASTHAN,CHITTAURGARH,0.0,0.0,0.0,1200000000
2019116N02090,FANI,2019,RAJASTHAN,CHURU,0.0,0.0,0.0,1200000000
2019116N02090,FANI,2019,RAJASTHAN,DAUSA,0.0,0.0,0.0,1200000000
2019116N02090,FANI,2019,RAJASTHAN,DEEG,0.0,0.0,0.0,1200000000
2019116N02090,FANI,2019,RAJASTHAN,DHAULPUR,0.0,0.0,0.0,1200000000
2019116N02090,FANI,2019,RAJASTHAN,DIDWANA-KUCHAMAN,0.0,0.0,0.0,1200000000
2019116N02090,FANI,2019,RAJASTHAN,DUDU,0.0,0.0,0.0,1200000000
2019116N02090,FANI,2019,RAJASTHAN,DUNGARPUR,0.0,0.0,0.0,1200000000
2019116N02090,FANI,2019,RAJASTHAN,GANGANAGAR,0.0,0.0,0.0,1200000000
2019116N02090,FANI,2019,RAJASTHAN,GANGAPURCITY,0.0,0.0,0.0,1200000000
2019116N02090,FANI,2019,RAJASTHAN,HANUMANGARH,0.0,0.0,0.0,1200000000
2019116N02090,FANI,2019,RAJASTHAN,JAIPUR,0.0,0.0,0.0,1200000000
2019116N02090,FANI,2019,RAJASTHAN,JAIPUR(GRAMIN),0.0,0.0,0.0,1200000000
2019116N02090,FANI,2019,RAJASTHAN,JAISALMER,0.0,0.0,0.0,1200000000
2019116N02090,FANI,2019,RAJASTHAN,JALOR,0.0,0.0,0.0,1200000000
2019116N02090,FANI,2019,RAJASTHAN,JHALAWAR,0.0,0.0,0.0,1200000000
2019116N02090,FANI,2019,RAJASTHAN,JHUNJHUNUN,0.0,0.0,0.0,1200000000
2019116N02090,FANI,2019,RAJASTHAN,JODHPUR,0.0,0.0,0.0,1200000000
2019116N02090,FANI,2019,RAJASTHAN,JODHPUR GRAMIN,0.0,0.0,0.0,1200000000
2019116N02090,FANI,2019,RAJASTHAN,KARAULI,0.0,0.0,0.0,1200000000
2019116N02090,FANI,2019,RAJASTHAN,KEKRI,0.0,0.0,0.0,1200000000
2019116N02090,FANI,2019,RAJASTHAN,KHAIRTHAL-TIJARA,0.0,0.0,0.0,1200000000
2019116N02090,FANI,2019,RAJASTHAN,KOTA,0.0,0.0,0.0,1200000000
2019116N02090,FANI,2019,RAJASTHAN,KOTPUTLI-BEHROR,0.0,0.0,0.0,1200000000
2019116N02090,FANI,2019,RAJASTHAN,NAGAUR,0.0,0.0,0.0,1200000000
2019116N02090,FANI,2019,RAJASTHAN,NEEM-KA-THANA,0.0,0.0,0.0,1200000000
2019116N02090,FANI,2019,RAJASTHAN,PALI,0.0,0.0,0.0,1200000000
2019116N02090,FANI,2019,RAJASTHAN,PHALODI,0.0,0.0,0.0,1200000000
2019116N02090,FANI,2019,RAJASTHAN,PRATAPGARH,0.0,0.0,0.0,1200000000
2019116N02090,FANI,2019,RAJASTHAN,RAJSAMAND,0.0,0.0,0.0,1200000000
2019116N02090,FANI,2019,RAJASTHAN,SALUMBAR,0.0,0.0,0.0,1200000000
2019116N02090,FANI,2019,RAJASTHAN,SANCHORE,0.0,0.0,0.0,1200000000
2019116N02090,FANI,2019,RAJASTHAN,SAWAI MADHOPUR,0.0,0.0,0.0,1200000000
2019116N02090,FANI,2019,RAJASTHAN,SHAHPURA,0.0,0.0,0.0,1200000000
2019116N02090,FANI,2019,RAJASTHAN,SIKAR,0.0,0.0,0.0,1200000000
2019116N02090,FANI,2019,RAJASTHAN,SIROHI,0.0,0.0,0.0,1200000000
2019116N02090,FANI,2019,RAJASTHAN,TONK,0.0,0.0,0.0,1200000000
2019116N02090,FANI,2019,RAJASTHAN,UDAIPUR,0.0,0.0,0.0,1200000000
2019116N02090,FANI,2019,SIKKIM,GYALSHING,0.0,0.0,0.0,1200000000
2019116N02090,FANI,2019,SIKKIM,PAKYONG,0.0,0.0,0.0,1200000000
2019116N02090,FANI,2019,SIKKIM,NAMCHI,0.0,0.0,0.0,1200000000
2019116N02090,FANI,2019,SIKKIM,MANGAN,0.0,0.0,0.0,1200000000
2019116N02090,FANI,2019,SIKKIM,GANGTOK,0.0,0.0,0.0,1200000000
2019116N02090,FANI,2019,SIKKIM,SORENG,0.0,0.0,0.0,1200000000
2019116N02090,FANI,2019,TAMIL NADU,ARIYALUR,0.0,0.0,0.0,1200000000
2019116N02090,FANI,2019,TAMIL NADU,CHENGALPATTU,0.0,0.0,0.0,1200000000
2019116N02090,FANI,2019,TAMIL NADU,CHENNAI,0.0,0.0,0.0,1200000000
2019116N02090,FANI,2019,TAMIL NADU,COIMBATORE,0.0,0.0,0.0,1200000000
2019116N02090,FANI,2019,TAMIL NADU,CUDDALORE,0.0,0.0,0.0,1200000000
2019116N02090,FANI,2019,TAMIL NADU,DHARMAPURI,0.0,0.0,0.0,1200000000
2019116N02090,FANI,2019,TAMIL NADU,DINDIGUL,0.0,0.0,0.0,1200000000
2019116N02090,FANI,2019,TAMIL NADU,ERODE,0.0,0.0,0.0,1200000000
2019116N02090,FANI,2019,TAMIL NADU,KALLAKKURICHI,0.0,0.0,0.0,1200000000
2019116N02090,FANI,2019,TAMIL NADU,KANCHIPURAM,0.0,0.0,0.0,1200000000
2019116N02090,FANI,2019,TAMIL NADU,KANNIYAKUMARI,0.0,0.0,0.0,1200000000
2019116N02090,FANI,2019,TAMIL NADU,KARUR,0.0,0.0,0.0,1200000000
2019116N02090,FANI,2019,TAMIL NADU,KRISHNAGIRI,0.0,0.0,0.0,1200000000
2019116N02090,FANI,2019,TAMIL NADU,MADURAI,0.0,0.0,0.0,1200000000
2019116N02090,FANI,2019,TAMIL NADU,MAYILADUTHURAI,0.0,0.0,0.0,1200000000
2019116N02090,FANI,2019,TAMIL NADU,NAGAPATTINAM,0.0,0.0,0.0,1200000000
2019116N02090,FANI,2019,TAMIL NADU,NAMAKKAL,0.0,0.0,0.0,1200000000
2019116N02090,FANI,2019,TAMIL NADU,PERAMBALUR,0.0,0.0,0.0,1200000000
2019116N02090,FANI,2019,TAMIL NADU,PUDUKKOTTAI,0.0,0.0,0.0,1200000000
2019116N02090,FANI,2019,TAMIL NADU,RAMANATHAPURAM,0.0,0.0,0.0,1200000000
2019116N02090,FANI,2019,TAMIL NADU,RANIPET,0.0,0.0,0.0,1200000000
2019116N02090,FANI,2019,TAMIL NADU,SALEM,0.0,0.0,0.0,1200000000
2019116N02090,FANI,2019,TAMIL NADU,SIVAGANGA,0.0,0.0,0.0,1200000000
2019116N02090,FANI,2019,TAMIL NADU,TENKASI,0.0,0.0,0.0,1200000000
2019116N02090,FANI,2019,TAMIL NADU,THANJAVUR,0.0,0.0,0.0,1200000000
2019116N02090,FANI,2019,TAMIL NADU,THE NILGIRIS,0.0,0.0,0.0,1200000000
2019116N02090,FANI,2019,TAMIL NADU,THENI,0.0,0.0,0.0,1200000000
2019116N02090,FANI,2019,TAMIL NADU,THIRUVALLUR,0.0,0.0,0.0,1200000000
2019116N02090,FANI,2019,TAMIL NADU,THIRUVARUR,0.0,0.0,0.0,1200000000
2019116N02090,FANI,2019,TAMIL NADU,THOOTHUKUDI,0.0,0.0,0.0,1200000000
2019116N02090,FANI,2019,TAMIL NADU,TIRUCHIRAPPALLI,0.0,0.0,0.0,1200000000
2019116N02090,FANI,2019,TAMIL NADU,TIRUNELVELI,0.0,0.0,0.0,1200000000
2019116N02090,FANI,2019,TAMIL NADU,TIRUPATHUR,0.0,0.0,0.0,1200000000
2019116N02090,FANI,2019,TAMIL NADU,TIRUPPUR,0.0,0.0,0.0,1200000000
2019116N02090,FANI,2019,TAMIL NADU,TIRUVANNAMALAI,0.0,0.0,0.0,1200000000
2019116N02090,FANI,2019,TAMIL NADU,VELLORE,0.0,0.0,0.0,1200000000
2019116N02090,FANI,2019,TAMIL NADU,VILUPPURAM,0.0,0.0,0.0,1200000000
2019116N02090,FANI,2019,TAMIL NADU,VIRUDHUNAGAR,0.0,0.0,0.0,1200000000
2019116N02090,FANI,2019,TELANGANA,ADILABAD,0.0,0.0,0.0,1200000000
2019116N02090,FANI,2019,TELANGANA,BHADRADRI KOTHAGUDEM,0.0,0.0,0.0,1200000000
2019116N02090,FANI,2019,TELANGANA,HANUMAKONDA,0.0,0.0,0.0,1200000000
2019116N02090,FANI,2019,TELANGANA,HYDERABAD,0.0,0.0,0.0,1200000000
2019116N02090,FANI,2019,TELANGANA,JAGTIAL,0.0,0.0,0.0,1200000000
2019116N02090,FANI,2019,TELANGANA,JANGOAN,0.0,0.0,0.0,1200000000
2019116N02090,FANI,2019,TELANGANA,JAYASHANKAR BHUPALPALLI,0.0,0.0,0.0,1200000000
2019116N02090,FANI,2019,TELANGANA,JOGULAMBA GADWAL,0.0,0.0,0.0,1200000000
2019116N02090,FANI,2019,TELANGANA,KAMAREDDY,0.0,0.0,0.0,1200000000
2019116N02090,FANI,2019,TELANGANA,KARIMNAGAR,0.0,0.0,0.0,1200000000
2019116N02090,FANI,2019,TELANGANA,KHAMMAM,0.0,0.0,0.0,1200000000
2019116N02090,FANI,2019,TELANGANA,KOMARRAM BHEEM,0.0,0.0,0.0,1200000000
2019116N02090,FANI,2019,TELANGANA,MAHABUBABAD,0.0,0.0,0.0,1200000000
2019116N02090,FANI,2019,TELANGANA,MAHABUBNAGAR,0.0,0.0,0.0,1200000000
2019116N02090,FANI,2019,TELANGANA,MANCHERIAL,0.0,0.0,0.0,1200000000
2019116N02090,FANI,2019,TELANGANA,MEDAK,0.0,0.0,0.0,1200000000
2019116N02090,FANI,2019,TELANGANA,MEDCHAL_MALKAJGIRI,0.0,0.0,0.0,1200000000
2019116N02090,FANI,2019,TELANGANA,MULUGU,0.0,0.0,0.0,1200000000
2019116N02090,FANI,2019,TELANGANA,NAGARKURNOOL,0.0,0.0,0.0,1200000000
2019116N02090,FANI,2019,TELANGANA,NALGONDA,0.0,0.0,0.0,1200000000
2019116N02090,FANI,2019,TELANGANA,NARAYANPET,0.0,0.0,0.0,1200000000
2019116N02090,FANI,2019,TELANGANA,NIRMAL,0.0,0.0,0.0,1200000000
2019116N02090,FANI,2019,TELANGANA,NIZAMABAD,0.0,0.0,0.0,1200000000
2019116N02090,FANI,2019,TELANGANA,PEDDAPALLI,0.0,0.0,0.0,1200000000
2019116N02090,FANI,2019,TELANGANA,RAJANNA SIRCILLA,0.0,0.0,0.0,1200000000
2019116N02090,FANI,2019,TELANGANA,RANGA REDDY,0.0,0.0,0.0,1200000000
2019116N02090,FANI,2019,TELANGANA,SANGAREDDY,0.0,0.0,0.0,1200000000
2019116N02090,FANI,2019,TELANGANA,SIDDIPET,0.0,0.0,0.0,1200000000
2019116N02090,FANI,2019,TELANGANA,SURIYAPET,0.0,0.0,0.0,1200000000
2019116N02090,FANI,2019,TELANGANA,VIKARABAD,0.0,0.0,0.0,1200000000
2019116N02090,FANI,2019,TELANGANA,WANPARTI,0.0,0.0,0.0,1200000000
2019116N02090,FANI,2019,TELANGANA,WARANGAL,0.0,0.0,0.0,1200000000
2019116N02090,FANI,2019,TELANGANA,YADADRI BHUVANAGIRI,0.0,0.0,0.0,1200000000
2019116N02090,FANI,2019,TRIPURA,SOUTH TRIPURA,0.0,0.0,0.0,1200000000
2019116N02090,FANI,2019,TRIPURA,WEST TRIPURA,0.0,0.0,0.0,1200000000
2019116N02090,FANI,2019,TRIPURA,DHALAI,0.0,0.0,0.0,1200000000
2019116N02090,FANI,2019,TRIPURA,KHOWAI,0.0,0.0,0.0,1200000000
2019116N02090,FANI,2019,TRIPURA,UNAKOTI,0.0,0.0,0.0,1200000000
2019116N02090,FANI,2019,TRIPURA,NORTH TRIPURA,0.0,0.0,0.0,1200000000
2019116N02090,FANI,2019,TRIPURA,SEPAHIJALA,0.0,0.0,0.0,1200000000
2019116N02090,FANI,2019,TRIPURA,GOMTI,0.0,0.0,0.0,1200000000
2019116N02090,FANI,2019,UTTARAKHAND,B>GESHWAR,0.0,0.0,0.0,1200000000
2019116N02090,FANI,2019,UTTARAKHAND,CHAMP>WAT,0.0,0.0,0.0,1200000000
2019116N02090,FANI,2019,UTTARAKHAND,HARIDW>R,0.0,0.0,0.0,1200000000
2019116N02090,FANI,2019,UTTARAKHAND,NAINIT>L,0.0,0.0,0.0,1200000000
2019116N02090,FANI,2019,UTTARAKHAND,PAURI GARHW>L,0.0,0.0,0.0,1200000000
2019116N02090,FANI,2019,UTTARAKHAND,RUDRAPRAY>G,0.0,0.0,0.0,1200000000
2019116N02090,FANI,2019,UTTARAKHAND,TEHRI GARHW>L,0.0,0.0,0.0,1200000000
2019116N02090,FANI,2019,UTTARAKHAND,UDHAM SINGH NAGAR,0.0,0.0,0.0,1200000000
2019116N02090,FANI,2019,UTTARAKHAND,CHAMOLI,0.0,0.0,0.0,1200000000
2019116N02090,FANI,2019,UTTARAKHAND,PITHOR>GARH,0.0,0.0,0.0,1200000000
2019116N02090,FANI,2019,UTTARAKHAND,UTTARK>SHI,0.0,0.0,0.0,1200000000
2019116N02090,FANI,2019,WEST BENGAL,MURSHID>B>D,0.0,0.0,0.0,1200000000
2019116N02090,FANI,2019,WEST BENGAL,SOUTH 24PARGANAS,1331156532.5503886,0.2949543000149901,353945160.01798815,1200000000
2019116N02090,FANI,2019,WEST BENGAL,PURULIYA,0.0,0.0,0.0,1200000000
2019116N02090,FANI,2019,WEST BENGAL,PASCHIM MEDIN|PUR,8994828.95295337,0.0549175785839107,65901094.30069287,1200000000
2019116N02090,FANI,2019,WEST BENGAL,PASCHIM BARDDHAM>N,0.0,0.0,0.0,1200000000
2019116N02090,FANI,2019,WEST BENGAL,NORTH TWENTY-FOUR PARGANAS,1709809.3407396192,0.0,0.0,1200000000
2019116N02090,FANI,2019,WEST BENGAL,KOCH BIH>R,0.0,0.0,0.0,1200000000
2019116N02090,FANI,2019,WEST BENGAL,JHARGRAM,25554.583260383544,0.0,0.0,1200000000
2019116N02090,FANI,2019,WEST BENGAL,JALP>IGURI,0.0,0.0,0.0,1200000000
2019116N02090,FANI,2019,WEST BENGAL,HUGLI,35431174.14669088,0.0,0.0,1200000000
2019116N02090,FANI,2019,WEST BENGAL,B>NKURA,0.0,0.0,0.0,1200000000
2019116N02090,FANI,2019,WEST BENGAL,>L|PUR DU>R,0.0,0.0,0.0,1200000000
2019116N02090,FANI,2019,WEST BENGAL,UTTAR DIN>JPUR,0.0,0.0,0.0,1200000000
2019116N02090,FANI,2019,WEST BENGAL,PURBA MEDIN|PUR,361275639.5543711,0.0884182426825057,106101891.21900684,1200000000
2019116N02090,FANI,2019,WEST BENGAL,PURBA BARDDHAM>N,0.0,0.0,0.0,1200000000
2019116N02090,FANI,2019,WEST BENGAL,NADIA,6079378.649994128,0.0,0.0,1200000000
2019116N02090,FANI,2019,WEST BENGAL,M>LDAH,0.0,0.0,0.0,1200000000
2019116N02090,FANI,2019,WEST BENGAL,K>LIMPONG,0.0,0.0,0.0,1200000000
2019116N02090,FANI,2019,WEST BENGAL,H>ORA,705600023.3735093,0.1754711704025694,210565404.4830833,1200000000
2019116N02090,FANI,2019,WEST BENGAL,D>RJILING,0.0,0.0,0.0,1200000000
2019116N02090,FANI,2019,WEST BENGAL,DAKSHIN DIN>JPUR,0.0,0.0,0.0,1200000000
2019116N02090,FANI,2019,WEST BENGAL,B|RBH@M,0.0,0.0,0.0,1200000000
2019116N02090,FANI,2019,WEST BENGAL,P@RBA MEDIN|PUR,0.0,0.0,0.0,1200000000
2019116N02090,FANI,2019,KARNATAKA,UDUPI,0.0,0.0,0.0,1200000000
2019116N02090,FANI,2019,ODISHA,KENDRAPARA,250801035.5707721,0.0117933703667975,14152044.440157088,1200000000
2019116N02090,FANI,2019,ODISHA,BHADRAK,103424961.04350008,0.0089162834617154,10699540.154058568,1200000000
2019116N02090,FANI,2019,ODISHA,BARGARH,0.0,0.0,0.0,1200000000
2019116N02090,FANI,2019,ODISHA,KEONJHAR (KENDUJHAR),35103201.087616585,0.0133623019894291,16034762.387314988,1200000000
2019116N02090,FANI,2019,ODISHA,ANUGUL,451472.2095465741,0.0,0.0,1200000000
2019116N02090,FANI,2019,ODISHA,BALANGIR,0.0,0.0,0.0,1200000000
2019116N02090,FANI,2019,ODISHA,BALASORE,242789877.63861436,0.0192891398281359,23146967.7937631,1200000000
2019116N02090,FANI,2019,ODISHA,DHENKANAL,120748254.74030156,0.0150036349766887,18004361.972026445,1200000000
2019116N02090,FANI,2019,ODISHA,JHARSUGUDA,0.0,0.0,0.0,1200000000
2019116N02090,FANI,2019,ODISHA,MAYURBHANJ,23389691.59686716,0.007374189158244,8849026.98989291,1200000000
2019116N02090,FANI,2019,ODISHA,JAGATSINGHPUR,302274198.79779655,0.0143501291791975,17220155.015037082,1200000000
2019116N02090,FANI,2019,ODISHA,KANDHAMAL,0.0,0.0,0.0,1200000000
2019116N02090,FANI,2019,ODISHA,CUTTACK,2301467145.300868,0.0852883910113549,102346069.21362588,1200000000
2019116N02090,FANI,2019,ODISHA,KORAPUT,0.0,0.0,0.0,1200000000
2019116N02090,FANI,2019,ODISHA,NABARANGAPUR,0.0,0.0,0.0,1200000000
2019116N02090,FANI,2019,ODISHA,PURI,1482756850.8853586,0.0251537405204734,30184488.62456816,1200000000
2019116N02090,FANI,2019,ODISHA,SAMBALPUR,0.0,0.0,0.0,1200000000
2019116N02090,FANI,2019,ODISHA,GAJAPATI,1942667.738839114,0.0005724965307992,686995.8369590475,1200000000
2019116N02090,FANI,2019,ODISHA,GANJAM,417491301.0053485,0.0370964203600133,44515704.432016045,1200000000
2019116N02090,FANI,2019,ODISHA,MALKANGIRI,0.0,0.0,0.0,1200000000
2019116N02090,FANI,2019,ODISHA,KHORDHA,2055008311.1506095,0.0948836361750215,113860363.41002584,1200000000
2019116N02090,FANI,2019,ODISHA,BOUDH,0.0,0.0,0.0,1200000000
2019116N02090,FANI,2019,ODISHA,DEOGARH,0.0,0.0,0.0,1200000000
2019116N02090,FANI,2019,ODISHA,NUAPARHA,0.0,0.0,0.0,1200000000
2019116N02090,FANI,2019,ODISHA,JAJAPUR,976719868.6468462,0.0386308467671896,46357016.12062757,1200000000
2019116N02090,FANI,2019,ODISHA,SUNDARGARH,0.0,0.0,0.0,1200000000
2019116N02090,FANI,2019,ODISHA,KALAHANDI,0.0,0.0,0.0,1200000000
2019116N02090,FANI,2019,ODISHA,SUBARNAPUR,0.0,0.0,0.0,1200000000
2019116N02090,FANI,2019,ODISHA,RAYAGARHA,0.0,0.0,0.0,1200000000
2019116N02090,FANI,2019,ODISHA,NAYAGARH,13223832.581815006,0.0028755437126354,3450652.4551625587,1200000000
2019116N02090,FANI,2019,CHANDIGARH,CHANDIGARH,0.0,0.0,0.0,1200000000
2019116N02090,FANI,2019,UTTARAKHAND,ALMORA,0.0,0.0,0.0,1200000000
2019116N02090,FANI,2019,UTTARAKHAND,DEHRAD@N,0.0,0.0,0.0,1200000000
2019116N02090,FANI,2019,KARNATAKA,TUMAK#RU,0.0,0.0,0.0,1200000000
2019116N02090,FANI,2019,KARNATAKA,B\DAR,0.0,0.0,0.0,1200000000
2019116N02090,FANI,2019,MADHYA PRADESH,SIDHI,0.0,0.0,0.0,1200000000
2019116N02090,FANI,2019,KARNATAKA,KODAGU,0.0,0.0,0.0,1200000000
2019116N02090,FANI,2019,MADHYA PRADESH,DATIA,0.0,0.0,0.0,1200000000
2019116N02090,FANI,2019,UTTAR PRADESH,AGRA,0.0,0.0,0.0,1200000000
2019116N02090,FANI,2019,UTTAR PRADESH,ALIGARH,0.0,0.0,0.0,1200000000
2019116N02090,FANI,2019,UTTAR PRADESH,AMBEDKAR NAGAR,0.0,0.0,0.0,1200000000
2019116N02090,FANI,2019,UTTAR PRADESH,AMETHI,0.0,0.0,0.0,1200000000
2019116N02090,FANI,2019,UTTAR PRADESH,AMROHA,0.0,0.0,0.0,1200000000
2019116N02090,FANI,2019,UTTAR PRADESH,AURAIYA,0.0,0.0,0.0,1200000000
2019116N02090,FANI,2019,UTTAR PRADESH,AYODHYA,0.0,0.0,0.0,1200000000
2019116N02090,FANI,2019,UTTAR PRADESH,AZAMGARH,0.0,0.0,0.0,1200000000
2019116N02090,FANI,2019,UTTAR PRADESH,BAGHPAT,0.0,0.0,0.0,1200000000
2019116N02090,FANI,2019,UTTAR PRADESH,BAHRAICH,0.0,0.0,0.0,1200000000
2019116N02090,FANI,2019,UTTAR PRADESH,BALLIA,0.0,0.0,0.0,1200000000
2019116N02090,FANI,2019,UTTAR PRADESH,BARA BANKI,0.0,0.0,0.0,1200000000
2019116N02090,FANI,2019,UTTAR PRADESH,BAREILLY,0.0,0.0,0.0,1200000000
2019116N02090,FANI,2019,UTTAR PRADESH,BASTI,0.0,0.0,0.0,1200000000
2019116N02090,FANI,2019,UTTAR PRADESH,BHADOHI,0.0,0.0,0.0,1200000000
2019116N02090,FANI,2019,UTTAR PRADESH,BIJNOR,0.0,0.0,0.0,1200000000
2019116N02090,FANI,2019,UTTAR PRADESH,BUDAUN,0.0,0.0,0.0,1200000000
2019116N02090,FANI,2019,UTTAR PRADESH,BULANDSHAHR,0.0,0.0,0.0,1200000000
2019116N02090,FANI,2019,UTTAR PRADESH,CHANDAULI,0.0,0.0,0.0,1200000000
2019116N02090,FANI,2019,UTTAR PRADESH,CHITRAKOOT,0.0,0.0,0.0,1200000000
2019116N02090,FANI,2019,UTTAR PRADESH,DEORIA,0.0,0.0,0.0,1200000000
2019116N02090,FANI,2019,UTTAR PRADESH,ETAH,0.0,0.0,0.0,1200000000
2019116N02090,FANI,2019,UTTAR PRADESH,ETAWAH,0.0,0.0,0.0,1200000000
2019116N02090,FANI,2019,UTTAR PRADESH,FARRUKHABAD,0.0,0.0,0.0,1200000000
2019116N02090,FANI,2019,UTTAR PRADESH,FATEHPUR,0.0,0.0,0.0,1200000000
2019116N02090,FANI,2019,UTTAR PRADESH,FIROZABAD,0.0,0.0,0.0,1200000000
2019116N02090,FANI,2019,UTTAR PRADESH,GAUTAM BUDDHA NAGAR,0.0,0.0,0.0,1200000000
2019116N02090,FANI,2019,UTTAR PRADESH,GHAZIABAD,0.0,0.0,0.0,1200000000
2019116N02090,FANI,2019,UTTAR PRADESH,GHAZIPUR,0.0,0.0,0.0,1200000000
2019116N02090,FANI,2019,UTTAR PRADESH,GONDA,0.0,0.0,0.0,1200000000
2019116N02090,FANI,2019,UTTAR PRADESH,GORAKHPUR,0.0,0.0,0.0,1200000000
2019116N02090,FANI,2019,UTTAR PRADESH,HAMIRPUR,0.0,0.0,0.0,1200000000
2019116N02090,FANI,2019,UTTAR PRADESH,HAPUR,0.0,0.0,0.0,1200000000
2019116N02090,FANI,2019,UTTAR PRADESH,HARDOI,0.0,0.0,0.0,1200000000
2019116N02090,FANI,2019,UTTAR PRADESH,HATHRAS,0.0,0.0,0.0,1200000000
2019116N02090,FANI,2019,UTTAR PRADESH,JALAUN,0.0,0.0,0.0,1200000000
2019116N02090,FANI,2019,UTTAR PRADESH,JAUNPUR,0.0,0.0,0.0,1200000000
2019116N02090,FANI,2019,UTTAR PRADESH,JHANSI,0.0,0.0,0.0,1200000000
2019116N02090,FANI,2019,UTTAR PRADESH,KANNAUJ,0.0,0.0,0.0,1200000000
2019116N02090,FANI,2019,UTTAR PRADESH,KANPUR DEHAT,0.0,0.0,0.0,1200000000
2019116N02090,FANI,2019,UTTAR PRADESH,KANPUR NAGAR,0.0,0.0,0.0,1200000000
2019116N02090,FANI,2019,UTTAR PRADESH,KASGANJ,0.0,0.0,0.0,1200000000
2019116N02090,FANI,2019,UTTAR PRADESH,KAUSHAMBI,0.0,0.0,0.0,1200000000
2019116N02090,FANI,2019,UTTAR PRADESH,KHERI,0.0,0.0,0.0,1200000000
2019116N02090,FANI,2019,UTTAR PRADESH,KUSHINAGAR,0.0,0.0,0.0,1200000000
2019116N02090,FANI,2019,UTTAR PRADESH,LALITPUR,0.0,0.0,0.0,1200000000
2019116N02090,FANI,2019,UTTAR PRADESH,LUCKNOW,0.0,0.0,0.0,1200000000
2019116N02090,FANI,2019,UTTAR PRADESH,MAHOBA,0.0,0.0,0.0,1200000000
2019116N02090,FANI,2019,UTTAR PRADESH,MAHRAJGANJ,0.0,0.0,0.0,1200000000
2019116N02090,FANI,2019,UTTAR PRADESH,MAINPURI,0.0,0.0,0.0,1200000000
2019116N02090,FANI,2019,UTTAR PRADESH,MATHURA,0.0,0.0,0.0,1200000000
2019116N02090,FANI,2019,UTTAR PRADESH,MAU,0.0,0.0,0.0,1200000000
2019116N02090,FANI,2019,UTTAR PRADESH,MEERUT,0.0,0.0,0.0,1200000000
2019116N02090,FANI,2019,UTTAR PRADESH,MIRZAPUR,0.0,0.0,0.0,1200000000
2019116N02090,FANI,2019,UTTAR PRADESH,MORADABAD,0.0,0.0,0.0,1200000000
2019116N02090,FANI,2019,UTTAR PRADESH,MUZAFFARNAGAR,0.0,0.0,0.0,1200000000
2019116N02090,FANI,2019,UTTAR PRADESH,PILIBHIT,0.0,0.0,0.0,1200000000
2019116N02090,FANI,2019,UTTAR PRADESH,PRAYAGRAJ,0.0,0.0,0.0,1200000000
2019116N02090,FANI,2019,UTTAR PRADESH,RAE BARELI,0.0,0.0,0.0,1200000000
2019116N02090,FANI,2019,UTTAR PRADESH,RAMPUR,0.0,0.0,0.0,1200000000
2019116N02090,FANI,2019,UTTAR PRADESH,SAHARANPUR,0.0,0.0,0.0,1200000000
2019116N02090,FANI,2019,UTTAR PRADESH,SAMBHAL,0.0,0.0,0.0,1200000000
2019116N02090,FANI,2019,UTTAR PRADESH,SANT KABIR NAGAR,0.0,0.0,0.0,1200000000
2019116N02090,FANI,2019,UTTAR PRADESH,SHAHJAHANPUR,0.0,0.0,0.0,1200000000
2019116N02090,FANI,2019,UTTAR PRADESH,SHAMLI,0.0,0.0,0.0,1200000000
2019116N02090,FANI,2019,UTTAR PRADESH,SHRAWASTI,0.0,0.0,0.0,1200000000
2019116N02090,FANI,2019,UTTAR PRADESH,SIDDHARTHNAGAR,0.0,0.0,0.0,1200000000
2019116N02090,FANI,2019,UTTAR PRADESH,SITAPUR,0.0,0.0,0.0,1200000000
2019116N02090,FANI,2019,UTTAR PRADESH,SONBHADRA,0.0,0.0,0.0,1200000000
2019116N02090,FANI,2019,UTTAR PRADESH,SULTANPUR,0.0,0.0,0.0,1200000000
2019116N02090,FANI,2019,UTTAR PRADESH,UNNAO,0.0,0.0,0.0,1200000000
2019116N02090,FANI,2019,UTTAR PRADESH,VARANASI,0.0,0.0,0.0,1200000000
2019116N02090,FANI,2019,UTTAR PRADESH,BANDA,0.0,0.0,0.0,1200000000
2019116N02090,FANI,2019,WEST BENGAL,KOLK>TA,774949253.1455014,0.0,0.0,1200000000
2019116N02090,FANI,2019,MIZORAM,KHAWZAWL,0.0,0.0,0.0,1200000000
2019116N02090,FANI,2019,ARUNACHAL PRADESH,LOHIT,0.0,0.0,0.0,1200000000
2019116N02090,FANI,2019,LAKSHADWEEP,LAKSHADWEEP,0.0,0.0,0.0,1200000000
2020153N13072,NISARGA,2020,ANDHRA PRADESH,ALLURI SITHARAMA RAJU,0.0,0.0,0.0,800000000
2020153N13072,NISARGA,2020,ANDHRA PRADESH,ANAKAPALLI,0.0,0.0,0.0,800000000
2020153N13072,NISARGA,2020,ANDHRA PRADESH,ANANTHAPURAMU,0.0,0.0,0.0,800000000
2020153N13072,NISARGA,2020,ANDHRA PRADESH,ANNAMAYYA,0.0,0.0,0.0,800000000
2020153N13072,NISARGA,2020,ANDHRA PRADESH,BAPATLA,0.0,0.0,0.0,800000000
2020153N13072,NISARGA,2020,ANDHRA PRADESH,CHITTOOR,0.0,0.0,0.0,800000000
2020153N13072,NISARGA,2020,ANDHRA PRADESH,DR.B.R.AMBEDKAR KONASEEMA,0.0,0.0,0.0,800000000
2020153N13072,NISARGA,2020,ANDHRA PRADESH,EAST GODAVARI,0.0,0.0,0.0,800000000
2020153N13072,NISARGA,2020,ANDHRA PRADESH,ELURU,0.0,0.0,0.0,800000000
2020153N13072,NISARGA,2020,ANDHRA PRADESH,GUNTUR,0.0,0.0,0.0,800000000
2020153N13072,NISARGA,2020,ANDHRA PRADESH,KAKINADA,0.0,0.0,0.0,800000000
2020153N13072,NISARGA,2020,ANDHRA PRADESH,KRISHNA,0.0,0.0,0.0,800000000
2020153N13072,NISARGA,2020,ANDHRA PRADESH,KURNOOL,0.0,0.0,0.0,800000000
2020153N13072,NISARGA,2020,ANDHRA PRADESH,NANDYAL,0.0,0.0,0.0,800000000
2020153N13072,NISARGA,2020,ANDHRA PRADESH,NTR,0.0,0.0,0.0,800000000
2020153N13072,NISARGA,2020,ANDHRA PRADESH,PALNADU,0.0,0.0,0.0,800000000
2020153N13072,NISARGA,2020,ANDHRA PRADESH,PARVATHIPURAM MANYAM,0.0,0.0,0.0,800000000
2020153N13072,NISARGA,2020,ANDHRA PRADESH,PRAKASAM,0.0,0.0,0.0,800000000
2020153N13072,NISARGA,2020,ANDHRA PRADESH,SRI POTTI SRIRAMULU NELLORE,0.0,0.0,0.0,800000000
2020153N13072,NISARGA,2020,ANDHRA PRADESH,SRI SATHYA SAI,0.0,0.0,0.0,800000000
2020153N13072,NISARGA,2020,ANDHRA PRADESH,SRIKAKULAM,0.0,0.0,0.0,800000000
2020153N13072,NISARGA,2020,ANDHRA PRADESH,TIRUPATI,0.0,0.0,0.0,800000000
2020153N13072,NISARGA,2020,ANDHRA PRADESH,VISAKHAPATNAM,0.0,0.0,0.0,800000000
2020153N13072,NISARGA,2020,ANDHRA PRADESH,VIZIANAGARAM,0.0,0.0,0.0,800000000
2020153N13072,NISARGA,2020,ANDHRA PRADESH,WEST GODAVARI,0.0,0.0,0.0,800000000
2020153N13072,NISARGA,2020,PUDUCHERRY,YANAM,0.0,0.0,0.0,800000000
2020153N13072,NISARGA,2020,ANDHRA PRADESH,YSR KADAPA,0.0,0.0,0.0,800000000
2020153N13072,NISARGA,2020,ANDAMAN AND NICOBAR ISLANDS,NICOBARS,0.0,0.0,0.0,800000000
2020153N13072,NISARGA,2020,ANDAMAN AND NICOBAR ISLANDS,NORTH AND MIDDLE ANDAMAN,0.0,0.0,0.0,800000000
2020153N13072,NISARGA,2020,ANDAMAN AND NICOBAR ISLANDS,SOUTH ANDAMANS,0.0,0.0,0.0,800000000
2020153N13072,NISARGA,2020,ARUNACHAL PRADESH,>NJ>W,0.0,0.0,0.0,800000000
2020153N13072,NISARGA,2020,ARUNACHAL PRADESH,CH>NGL>NG,0.0,0.0,0.0,800000000
2020153N13072,NISARGA,2020,ARUNACHAL PRADESH,DIB>NG VALLEY,0.0,0.0,0.0,800000000
2020153N13072,NISARGA,2020,ARUNACHAL PRADESH,EAST KAMENG,0.0,0.0,0.0,800000000
2020153N13072,NISARGA,2020,ARUNACHAL PRADESH,EAST SIANG,0.0,0.0,0.0,800000000
2020153N13072,NISARGA,2020,ARUNACHAL PRADESH,KURUNG KUMEY,0.0,0.0,0.0,800000000
2020153N13072,NISARGA,2020,ARUNACHAL PRADESH,LOWER DIB>NG VALLEY,0.0,0.0,0.0,800000000
2020153N13072,NISARGA,2020,ARUNACHAL PRADESH,PAPUMPARE,0.0,0.0,0.0,800000000
2020153N13072,NISARGA,2020,ARUNACHAL PRADESH,TAWANG,0.0,0.0,0.0,800000000
2020153N13072,NISARGA,2020,ARUNACHAL PRADESH,TIR>P,0.0,0.0,0.0,800000000
2020153N13072,NISARGA,2020,ARUNACHAL PRADESH,UPPER SIANG,0.0,0.0,0.0,800000000
2020153N13072,NISARGA,2020,ARUNACHAL PRADESH,UPPER SUBANSIRI,0.0,0.0,0.0,800000000
2020153N13072,NISARGA,2020,ARUNACHAL PRADESH,WEST KAMENG,0.0,0.0,0.0,800000000
2020153N13072,NISARGA,2020,ARUNACHAL PRADESH,SHI YOMI,0.0,0.0,0.0,800000000
2020153N13072,NISARGA,2020,ARUNACHAL PRADESH,NAMSAI,0.0,0.0,0.0,800000000
2020153N13072,NISARGA,2020,ARUNACHAL PRADESH,WEST SIANG,0.0,0.0,0.0,800000000
2020153N13072,NISARGA,2020,ARUNACHAL PRADESH,SIANG,0.0,0.0,0.0,800000000
2020153N13072,NISARGA,2020,ARUNACHAL PRADESH,LONGDING,0.0,0.0,0.0,800000000
2020153N13072,NISARGA,2020,ARUNACHAL PRADESH,PAKKE KESSANG,0.0,0.0,0.0,800000000
2020153N13072,NISARGA,2020,ARUNACHAL PRADESH,LOWER SIANG,0.0,0.0,0.0,800000000
2020153N13072,NISARGA,2020,ARUNACHAL PRADESH,LEPA RADA,0.0,0.0,0.0,800000000
2020153N13072,NISARGA,2020,ARUNACHAL PRADESH,BICHOM,0.0,0.0,0.0,800000000
2020153N13072,NISARGA,2020,ARUNACHAL PRADESH,KRA DAADI,0.0,0.0,0.0,800000000
2020153N13072,NISARGA,2020,ARUNACHAL PRADESH,KAMLE,0.0,0.0,0.0,800000000
2020153N13072,NISARGA,2020,ARUNACHAL PRADESH,KEYI PANYOR,0.0,0.0,0.0,800000000
2020153N13072,NISARGA,2020,ARUNACHAL PRADESH,LOWER SUBANSIRI,0.0,0.0,0.0,800000000
2020153N13072,NISARGA,2020,ASSAM,KOKRAJHAR,0.0,0.0,0.0,800000000
2020153N13072,NISARGA,2020,ASSAM,CHIRANG,0.0,0.0,0.0,800000000
2020153N13072,NISARGA,2020,ASSAM,UDALGURI,0.0,0.0,0.0,800000000
2020153N13072,NISARGA,2020,ASSAM,BAKSA,0.0,0.0,0.0,800000000
2020153N13072,NISARGA,2020,ASSAM,DHUBRI,0.0,0.0,0.0,800000000
2020153N13072,NISARGA,2020,ASSAM,DARANG,0.0,0.0,0.0,800000000
2020153N13072,NISARGA,2020,ASSAM,KARBI ANGLONG,0.0,0.0,0.0,800000000
2020153N13072,NISARGA,2020,ASSAM,DIMA HASAO,0.0,0.0,0.0,800000000
2020153N13072,NISARGA,2020,ASSAM,CACHAR,0.0,0.0,0.0,800000000
2020153N13072,NISARGA,2020,ASSAM,KARIMGANJ,0.0,0.0,0.0,800000000
2020153N13072,NISARGA,2020,ASSAM,HAILAKANDI,0.0,0.0,0.0,800000000
2020153N13072,NISARGA,2020,ASSAM,WEST KARBI ANGLONG,0.0,0.0,0.0,800000000
2020153N13072,NISARGA,2020,ASSAM,JORHAT,0.0,0.0,0.0,800000000
2020153N13072,NISARGA,2020,ASSAM,GOLAGHAT,0.0,0.0,0.0,800000000
2020153N13072,NISARGA,2020,ASSAM,SONITPUR,0.0,0.0,0.0,800000000
2020153N13072,NISARGA,2020,ASSAM,DHEMAJI,0.0,0.0,0.0,800000000
2020153N13072,NISARGA,2020,ASSAM,CHARAIDEO,0.0,0.0,0.0,800000000
2020153N13072,NISARGA,2020,ASSAM,TINSUKIA,0.0,0.0,0.0,800000000
2020153N13072,NISARGA,2020,ASSAM,LAKHIMPUR,0.0,0.0,0.0,800000000
2020153N13072,NISARGA,2020,ASSAM,MAJULI,0.0,0.0,0.0,800000000
2020153N13072,NISARGA,2020,ASSAM,SIBSAGAR,0.0,0.0,0.0,800000000
2020153N13072,NISARGA,2020,ASSAM,NAGAON,0.0,0.0,0.0,800000000
2020153N13072,NISARGA,2020,ASSAM,MARIGAON,0.0,0.0,0.0,800000000
2020153N13072,NISARGA,2020,ASSAM,KAMRUP METRO,0.0,0.0,0.0,800000000
2020153N13072,NISARGA,2020,ASSAM,NALBARI,0.0,0.0,0.0,800000000
2020153N13072,NISARGA,2020,ASSAM,GOALPARA,0.0,0.0,0.0,800000000
2020153N13072,NISARGA,2020,ASSAM,BONGAIGAON,0.0,0.0,0.0,800000000
2020153N13072,NISARGA,2020,ASSAM,KAMRUP RURAL,0.0,0.0,0.0,800000000
2020153N13072,NISARGA,2020,ASSAM,DIBRUGARH,0.0,0.0,0.0,800000000
2020153N13072,NISARGA,2020,ASSAM,HOJAI,0.0,0.0,0.0,800000000
2020153N13072,NISARGA,2020,ASSAM,TAMULPUR,0.0,0.0,0.0,800000000
2020153N13072,NISARGA,2020,ASSAM,BISWANATH,0.0,0.0,0.0,800000000
2020153N13072,NISARGA,2020,ASSAM,BARPETA,0.0,0.0,0.0,800000000
2020153N13072,NISARGA,2020,ASSAM,BAJALI,0.0,0.0,0.0,800000000
2020153N13072,NISARGA,2020,ASSAM,SOUTH SALMARA MANCACHAR,0.0,0.0,0.0,800000000
2020153N13072,NISARGA,2020,BIHAR,ARARIA,0.0,0.0,0.0,800000000
2020153N13072,NISARGA,2020,BIHAR,ARWAL,0.0,0.0,0.0,800000000
2020153N13072,NISARGA,2020,BIHAR,AURANGABAD,0.0,0.0,0.0,800000000
2020153N13072,NISARGA,2020,BIHAR,BANKA,0.0,0.0,0.0,800000000
2020153N13072,NISARGA,2020,BIHAR,BEGUSARAI,0.0,0.0,0.0,800000000
2020153N13072,NISARGA,2020,BIHAR,BHAGALPUR,0.0,0.0,0.0,800000000
2020153N13072,NISARGA,2020,BIHAR,BHOJPUR,0.0,0.0,0.0,800000000
2020153N13072,NISARGA,2020,BIHAR,BUXAR,0.0,0.0,0.0,800000000
2020153N13072,NISARGA,2020,BIHAR,DARBHANGA,0.0,0.0,0.0,800000000
2020153N13072,NISARGA,2020,BIHAR,GAYA,0.0,0.0,0.0,800000000
2020153N13072,NISARGA,2020,BIHAR,GOPALGANJ,0.0,0.0,0.0,800000000
2020153N13072,NISARGA,2020,BIHAR,JAHANABAD,0.0,0.0,0.0,800000000
2020153N13072,NISARGA,2020,BIHAR,JAMUI,0.0,0.0,0.0,800000000
2020153N13072,NISARGA,2020,BIHAR,KAIMUR,0.0,0.0,0.0,800000000
2020153N13072,NISARGA,2020,BIHAR,KATIHAR,0.0,0.0,0.0,800000000
2020153N13072,NISARGA,2020,BIHAR,KHAGARIA,0.0,0.0,0.0,800000000
2020153N13072,NISARGA,2020,BIHAR,KISHANGANJ,0.0,0.0,0.0,800000000
2020153N13072,NISARGA,2020,BIHAR,LAKHISARAI,0.0,0.0,0.0,800000000
2020153N13072,NISARGA,2020,BIHAR,MADHEPURA,0.0,0.0,0.0,800000000
2020153N13072,NISARGA,2020,BIHAR,MADHUBANI,0.0,0.0,0.0,800000000
2020153N13072,NISARGA,2020,BIHAR,MUNGER,0.0,0.0,0.0,800000000
2020153N13072,NISARGA,2020,BIHAR,MUZAFFARPUR,0.0,0.0,0.0,800000000
2020153N13072,NISARGA,2020,BIHAR,NALANDA,0.0,0.0,0.0,800000000
2020153N13072,NISARGA,2020,BIHAR,NAWADA,0.0,0.0,0.0,800000000
2020153N13072,NISARGA,2020,BIHAR,PASHCHIMI CHAMPARAN,0.0,0.0,0.0,800000000
2020153N13072,NISARGA,2020,BIHAR,PATNA,0.0,0.0,0.0,800000000
2020153N13072,NISARGA,2020,BIHAR,PURBI CHAMPARAN,0.0,0.0,0.0,800000000
2020153N13072,NISARGA,2020,BIHAR,PURNIA,0.0,0.0,0.0,800000000
2020153N13072,NISARGA,2020,BIHAR,ROHTAS,0.0,0.0,0.0,800000000
2020153N13072,NISARGA,2020,BIHAR,SAHARSA,0.0,0.0,0.0,800000000
2020153N13072,NISARGA,2020,BIHAR,SAMASTIPUR,0.0,0.0,0.0,800000000
2020153N13072,NISARGA,2020,BIHAR,SARAN,0.0,0.0,0.0,800000000
2020153N13072,NISARGA,2020,BIHAR,SHEIKHPURA,0.0,0.0,0.0,800000000
2020153N13072,NISARGA,2020,BIHAR,SHEOHAR,0.0,0.0,0.0,800000000
2020153N13072,NISARGA,2020,BIHAR,SITAMARHI,0.0,0.0,0.0,800000000
2020153N13072,NISARGA,2020,BIHAR,SIWAN,0.0,0.0,0.0,800000000
2020153N13072,NISARGA,2020,BIHAR,SUPAUL,0.0,0.0,0.0,800000000
2020153N13072,NISARGA,2020,BIHAR,VAISHALI,0.0,0.0,0.0,800000000
2020153N13072,NISARGA,2020,CHHATTISGARH,KAWARDHA (KABIRDHAM),0.0,0.0,0.0,800000000
2020153N13072,NISARGA,2020,CHHATTISGARH,GAURELA-PENDRA-MARWAHI,0.0,0.0,0.0,800000000
2020153N13072,NISARGA,2020,CHHATTISGARH,SURAJPUR,0.0,0.0,0.0,800000000
2020153N13072,NISARGA,2020,CHHATTISGARH,BALRAMPUR,0.0,0.0,0.0,800000000
2020153N13072,NISARGA,2020,CHHATTISGARH,MUNGELI,0.0,0.0,0.0,800000000
2020153N13072,NISARGA,2020,CHHATTISGARH,DAKSHIN BASTAR DANTEWARA,0.0,0.0,0.0,800000000
2020153N13072,NISARGA,2020,CHHATTISGARH,BIJAPUR,0.0,0.0,0.0,800000000
2020153N13072,NISARGA,2020,CHHATTISGARH,BASTAR,0.0,0.0,0.0,800000000
2020153N13072,NISARGA,2020,CHHATTISGARH,SUKMA,0.0,0.0,0.0,800000000
2020153N13072,NISARGA,2020,CHHATTISGARH,KONDAGAON,0.0,0.0,0.0,800000000
2020153N13072,NISARGA,2020,CHHATTISGARH,NARAYANPUR,0.0,0.0,0.0,800000000
2020153N13072,NISARGA,2020,CHHATTISGARH,UTTAR BASTAR KANKER,0.0,0.0,0.0,800000000
2020153N13072,NISARGA,2020,CHHATTISGARH,GARIYABAND,0.0,0.0,0.0,800000000
2020153N13072,NISARGA,2020,CHHATTISGARH,DHAMTARI,0.0,0.0,0.0,800000000
2020153N13072,NISARGA,2020,CHHATTISGARH,BALOD,0.0,0.0,0.0,800000000
2020153N13072,NISARGA,2020,CHHATTISGARH,MAHASAMUND,0.0,0.0,0.0,800000000
2020153N13072,NISARGA,2020,CHHATTISGARH,DURG,0.0,0.0,0.0,800000000
2020153N13072,NISARGA,2020,CHHATTISGARH,RAIPUR,0.0,0.0,0.0,800000000
2020153N13072,NISARGA,2020,CHHATTISGARH,BEMETARA,0.0,0.0,0.0,800000000
2020153N13072,NISARGA,2020,CHHATTISGARH,BILASPUR,0.0,0.0,0.0,800000000
2020153N13072,NISARGA,2020,CHHATTISGARH,KORBA,0.0,0.0,0.0,800000000
2020153N13072,NISARGA,2020,CHHATTISGARH,JASHPUR,0.0,0.0,0.0,800000000
2020153N13072,NISARGA,2020,CHHATTISGARH,SURGUJA,0.0,0.0,0.0,800000000
2020153N13072,NISARGA,2020,CHHATTISGARH,KHAIRGARH-CHHUIKHADAN-GANDAI,0.0,0.0,0.0,800000000
2020153N13072,NISARGA,2020,CHHATTISGARH,RAJNANDGAON,0.0,0.0,0.0,800000000
2020153N13072,NISARGA,2020,CHHATTISGARH,MOHLA-MANPUR-AMBAGARH CHOWKI,0.0,0.0,0.0,800000000
2020153N13072,NISARGA,2020,CHHATTISGARH,JANJGIR - CHAMPA,0.0,0.0,0.0,800000000
2020153N13072,NISARGA,2020,CHHATTISGARH,SAKTI,0.0,0.0,0.0,800000000
2020153N13072,NISARGA,2020,CHHATTISGARH,RAIGARH,5467893.863336373,0.0,0.0,800000000
2020153N13072,NISARGA,2020,CHHATTISGARH,KOREA,0.0,0.0,0.0,800000000
2020153N13072,NISARGA,2020,CHHATTISGARH,MANENDRAGARH-CHIRMIRI-BHARATPUR,0.0,0.0,0.0,800000000
2020153N13072,NISARGA,2020,CHHATTISGARH,SARANGARH-BILAIGARH,0.0,0.0,0.0,800000000
2020153N13072,NISARGA,2020,CHHATTISGARH,BALODA BAZAR,0.0,0.0,0.0,800000000
2020153N13072,NISARGA,2020,DELHI,NAZUL,0.0,0.0,0.0,800000000
2020153N13072,NISARGA,2020,DELHI,SOUTH WEST,0.0,0.0,0.0,800000000
2020153N13072,NISARGA,2020,DELHI,WEST,0.0,0.0,0.0,800000000
2020153N13072,NISARGA,2020,DELHI,CENTRAL,0.0,0.0,0.0,800000000
2020153N13072,NISARGA,2020,DELHI,EAST,0.0,0.0,0.0,800000000
2020153N13072,NISARGA,2020,DELHI,NEW DELHI,0.0,0.0,0.0,800000000
2020153N13072,NISARGA,2020,DELHI,NORTH,0.0,0.0,0.0,800000000
2020153N13072,NISARGA,2020,DELHI,SHAHADARA,0.0,0.0,0.0,800000000
2020153N13072,NISARGA,2020,DELHI,NORTH EAST,0.0,0.0,0.0,800000000
2020153N13072,NISARGA,2020,DELHI,SOUTH EAST,0.0,0.0,0.0,800000000
2020153N13072,NISARGA,2020,DELHI,SOUTH,0.0,0.0,0.0,800000000
2020153N13072,NISARGA,2020,DELHI,NORTH WEST,0.0,0.0,0.0,800000000
2020153N13072,NISARGA,2020,GOA,NORTH GOA,0.0,0.0,0.0,800000000
2020153N13072,NISARGA,2020,GOA,SOUTH GOA,0.0,0.0,0.0,800000000
2020153N13072,NISARGA,2020,DADRA & NAGAR HAVELI & DAMAN & DIU,DADRA AND NAGAR HAVELI,0.0,0.0,0.0,800000000
2020153N13072,NISARGA,2020,DADRA & NAGAR HAVELI & DAMAN & DIU,DAMAN,0.0,0.0,0.0,800000000
2020153N13072,NISARGA,2020,DADRA & NAGAR HAVELI & DAMAN & DIU,DIU,0.0,0.0,0.0,800000000
2020153N13072,NISARGA,2020,GUJARAT,AHMADABAD,0.0,0.0,0.0,800000000
2020153N13072,NISARGA,2020,GUJARAT,AMRELI,0.0,0.0,0.0,800000000
2020153N13072,NISARGA,2020,GUJARAT,ANAND,0.0,0.0,0.0,800000000
2020153N13072,NISARGA,2020,GUJARAT,ARVALLI,0.0,0.0,0.0,800000000
2020153N13072,NISARGA,2020,GUJARAT,BANAS KANTHA,0.0,0.0,0.0,800000000
2020153N13072,NISARGA,2020,GUJARAT,BHARUCH,0.0,0.0,0.0,800000000
2020153N13072,NISARGA,2020,GUJARAT,BHAVNAGAR,0.0,0.0,0.0,800000000
2020153N13072,NISARGA,2020,GUJARAT,BOTAD,0.0,0.0,0.0,800000000
2020153N13072,NISARGA,2020,GUJARAT,CHHOTAUDEPUR,0.0,0.0,0.0,800000000
2020153N13072,NISARGA,2020,GUJARAT,DAHOD,0.0,0.0,0.0,800000000
2020153N13072,NISARGA,2020,GUJARAT,DANGS,0.0,0.0,0.0,800000000
2020153N13072,NISARGA,2020,GUJARAT,DEVBHUMI DWARKA,0.0,0.0,0.0,800000000
2020153N13072,NISARGA,2020,GUJARAT,GANDHINAGAR,0.0,0.0,0.0,800000000
2020153N13072,NISARGA,2020,GUJARAT,GIR SOMNATH,0.0,0.0,0.0,800000000
2020153N13072,NISARGA,2020,GUJARAT and DNH & DD ISLANDS,ISLAND,0.0,0.0,0.0,800000000
2020153N13072,NISARGA,2020,GUJARAT,JAMNAGAR,0.0,0.0,0.0,800000000
2020153N13072,NISARGA,2020,GUJARAT,JUNAGADH,0.0,0.0,0.0,800000000
2020153N13072,NISARGA,2020,GUJARAT,KACHCHH,0.0,0.0,0.0,800000000
2020153N13072,NISARGA,2020,GUJARAT,KHEDA,0.0,0.0,0.0,800000000
2020153N13072,NISARGA,2020,GUJARAT,MAHESANA,0.0,0.0,0.0,800000000
2020153N13072,NISARGA,2020,GUJARAT,MAHISAGAR,0.0,0.0,0.0,800000000
2020153N13072,NISARGA,2020,GUJARAT,MORBI,0.0,0.0,0.0,800000000
2020153N13072,NISARGA,2020,GUJARAT,NARMADA,0.0,0.0,0.0,800000000
2020153N13072,NISARGA,2020,GUJARAT,NAVSARI,0.0,0.0,0.0,800000000
2020153N13072,NISARGA,2020,GUJARAT,PANCH MAHALS,0.0,0.0,0.0,800000000
2020153N13072,NISARGA,2020,GUJARAT,PATAN,0.0,0.0,0.0,800000000
2020153N13072,NISARGA,2020,GUJARAT,PORBANDAR,0.0,0.0,0.0,800000000
2020153N13072,NISARGA,2020,GUJARAT,RAJKOT,0.0,0.0,0.0,800000000
2020153N13072,NISARGA,2020,GUJARAT,SABAR KANTHA,0.0,0.0,0.0,800000000
2020153N13072,NISARGA,2020,GUJARAT,SURAT,0.0,0.0,0.0,800000000
2020153N13072,NISARGA,2020,GUJARAT,SURENDRANAGAR,0.0,0.0,0.0,800000000
2020153N13072,NISARGA,2020,GUJARAT,TAPI,0.0,0.0,0.0,800000000
2020153N13072,NISARGA,2020,GUJARAT,VADODARA,0.0,0.0,0.0,800000000
2020153N13072,NISARGA,2020,GUJARAT,VALSAD,0.0,0.0,0.0,800000000
2020153N13072,NISARGA,2020,HARYANA,AMBALA,0.0,0.0,0.0,800000000
2020153N13072,NISARGA,2020,HARYANA,BHIWANI,0.0,0.0,0.0,800000000
2020153N13072,NISARGA,2020,HARYANA,CHARKI DADRI,0.0,0.0,0.0,800000000
2020153N13072,NISARGA,2020,HARYANA,FARIDABAD,0.0,0.0,0.0,800000000
2020153N13072,NISARGA,2020,HARYANA,FATEHABAD,0.0,0.0,0.0,800000000
2020153N13072,NISARGA,2020,HARYANA,GURUGRAM,0.0,0.0,0.0,800000000
2020153N13072,NISARGA,2020,HARYANA,HISAR,0.0,0.0,0.0,800000000
2020153N13072,NISARGA,2020,HARYANA,JHAJJAR,0.0,0.0,0.0,800000000
2020153N13072,NISARGA,2020,HARYANA,JIND,0.0,0.0,0.0,800000000
2020153N13072,NISARGA,2020,HARYANA,KAITHAL,0.0,0.0,0.0,800000000
2020153N13072,NISARGA,2020,HARYANA,KARNAL,0.0,0.0,0.0,800000000
2020153N13072,NISARGA,2020,HARYANA,KURUKSHETRA,0.0,0.0,0.0,800000000
2020153N13072,NISARGA,2020,HARYANA,MAHENDRAGARH,0.0,0.0,0.0,800000000
2020153N13072,NISARGA,2020,HARYANA,NUH,0.0,0.0,0.0,800000000
2020153N13072,NISARGA,2020,HARYANA,PALWAL,0.0,0.0,0.0,800000000
2020153N13072,NISARGA,2020,HARYANA,PANCHKULA,0.0,0.0,0.0,800000000
2020153N13072,NISARGA,2020,HARYANA,PANIPAT,0.0,0.0,0.0,800000000
2020153N13072,NISARGA,2020,HARYANA,REWARI,0.0,0.0,0.0,800000000
2020153N13072,NISARGA,2020,HARYANA,ROHTAK,0.0,0.0,0.0,800000000
2020153N13072,NISARGA,2020,HARYANA,SIRSA,0.0,0.0,0.0,800000000
2020153N13072,NISARGA,2020,HARYANA,SONIPAT,0.0,0.0,0.0,800000000
2020153N13072,NISARGA,2020,HARYANA,YAMUNANAGAR,0.0,0.0,0.0,800000000
2020153N13072,NISARGA,2020,HIMACHAL PRADESH,BIL>SPUR,0.0,0.0,0.0,800000000
2020153N13072,NISARGA,2020,HIMACHAL PRADESH,SHIMLA,0.0,0.0,0.0,800000000
2020153N13072,NISARGA,2020,HIMACHAL PRADESH,KINNAUR,0.0,0.0,0.0,800000000
2020153N13072,NISARGA,2020,HIMACHAL PRADESH,SOLAN,0.0,0.0,0.0,800000000
2020153N13072,NISARGA,2020,HIMACHAL PRADESH,SIRMAUR,0.0,0.0,0.0,800000000
2020153N13072,NISARGA,2020,HIMACHAL PRADESH,KULLU,0.0,0.0,0.0,800000000
2020153N13072,NISARGA,2020,HIMACHAL PRADESH,CHAMBA,0.0,0.0,0.0,800000000
2020153N13072,NISARGA,2020,HIMACHAL PRADESH,MANDI,0.0,0.0,0.0,800000000
2020153N13072,NISARGA,2020,HIMACHAL PRADESH,K>NGRA,0.0,0.0,0.0,800000000
2020153N13072,NISARGA,2020,HIMACHAL PRADESH,HAM|RPUR,0.0,0.0,0.0,800000000
2020153N13072,NISARGA,2020,HIMACHAL PRADESH,UNA,0.0,0.0,0.0,800000000
2020153N13072,NISARGA,2020,HIMACHAL PRADESH,LAHUL & SPITI,0.0,0.0,0.0,800000000
2020153N13072,NISARGA,2020,JAMMU AND KASHMIR,MIRPUR,0.0,0.0,0.0,800000000
2020153N13072,NISARGA,2020,JAMMU AND KASHMIR,MUZAFFARABAD,0.0,0.0,0.0,800000000
2020153N13072,NISARGA,2020,JAMMU AND KASHMIR,PUNCH,0.0,0.0,0.0,800000000
2020153N13072,NISARGA,2020,JAMMU AND KASHMIR,ANANTNAG,0.0,0.0,0.0,800000000
2020153N13072,NISARGA,2020,JAMMU AND KASHMIR,BARAMULA,0.0,0.0,0.0,800000000
2020153N13072,NISARGA,2020,JAMMU AND KASHMIR,KATHUA,0.0,0.0,0.0,800000000
2020153N13072,NISARGA,2020,JAMMU AND KASHMIR,UDHAMPUR,0.0,0.0,0.0,800000000
2020153N13072,NISARGA,2020,JAMMU AND KASHMIR,BADGAM,0.0,0.0,0.0,800000000
2020153N13072,NISARGA,2020,JAMMU AND KASHMIR,BANDIPURA,0.0,0.0,0.0,800000000
2020153N13072,NISARGA,2020,JAMMU AND KASHMIR,GANDERBAL,0.0,0.0,0.0,800000000
2020153N13072,NISARGA,2020,JAMMU AND KASHMIR,KULGAM,0.0,0.0,0.0,800000000
2020153N13072,NISARGA,2020,JAMMU AND KASHMIR,KUPWARA,0.0,0.0,0.0,800000000
2020153N13072,NISARGA,2020,JAMMU AND KASHMIR,PULWAMA,0.0,0.0,0.0,800000000
2020153N13072,NISARGA,2020,JAMMU AND KASHMIR,RAJAURI,0.0,0.0,0.0,800000000
2020153N13072,NISARGA,2020,JAMMU AND KASHMIR,RAMBAN,0.0,0.0,0.0,800000000
2020153N13072,NISARGA,2020,JAMMU AND KASHMIR,RIASI,0.0,0.0,0.0,800000000
2020153N13072,NISARGA,2020,JAMMU AND KASHMIR,SHUPIYAN,0.0,0.0,0.0,800000000
2020153N13072,NISARGA,2020,JAMMU AND KASHMIR,SRINAGAR,0.0,0.0,0.0,800000000
2020153N13072,NISARGA,2020,JAMMU AND KASHMIR,KISHTWAR,0.0,0.0,0.0,800000000
2020153N13072,NISARGA,2020,JAMMU AND KASHMIR,DODA,0.0,0.0,0.0,800000000
2020153N13072,NISARGA,2020,JAMMU AND KASHMIR,SAMBA,0.0,0.0,0.0,800000000
2020153N13072,NISARGA,2020,JAMMU AND KASHMIR,JAMMU,0.0,0.0,0.0,800000000
2020153N13072,NISARGA,2020,,NONE,0.0,0.0,0.0,800000000
2020153N13072,NISARGA,2020,JHARKHAND,GARHWA,0.0,0.0,0.0,800000000
2020153N13072,NISARGA,2020,JHARKHAND,CHATRA,0.0,0.0,0.0,800000000
2020153N13072,NISARGA,2020,JHARKHAND,KODERMA,0.0,0.0,0.0,800000000
2020153N13072,NISARGA,2020,JHARKHAND,GIRIDIH,0.0,0.0,0.0,800000000
2020153N13072,NISARGA,2020,JHARKHAND,DEOGHAR,0.0,0.0,0.0,800000000
2020153N13072,NISARGA,2020,JHARKHAND,GODDA,0.0,0.0,0.0,800000000
2020153N13072,NISARGA,2020,JHARKHAND,SAHIBGANJ,0.0,0.0,0.0,800000000
2020153N13072,NISARGA,2020,JHARKHAND,PAKUR,0.0,0.0,0.0,800000000
2020153N13072,NISARGA,2020,JHARKHAND,DHANBAD,0.0,0.0,0.0,800000000
2020153N13072,NISARGA,2020,JHARKHAND,BOKARO,0.0,0.0,0.0,800000000
2020153N13072,NISARGA,2020,JHARKHAND,LOHARDAGA,0.0,0.0,0.0,800000000
2020153N13072,NISARGA,2020,JHARKHAND,EAST SINGHBHUM,0.0,0.0,0.0,800000000
2020153N13072,NISARGA,2020,JHARKHAND,PALAMU,0.0,0.0,0.0,800000000
2020153N13072,NISARGA,2020,JHARKHAND,LATEHAR,0.0,0.0,0.0,800000000
2020153N13072,NISARGA,2020,JHARKHAND,HAZARIBAGH,0.0,0.0,0.0,800000000
2020153N13072,NISARGA,2020,JHARKHAND,RAMGARH,0.0,0.0,0.0,800000000
2020153N13072,NISARGA,2020,JHARKHAND,DUMKA,0.0,0.0,0.0,800000000
2020153N13072,NISARGA,2020,JHARKHAND,JAMTARA,0.0,0.0,0.0,800000000
2020153N13072,NISARGA,2020,JHARKHAND,RANCHI,0.0,0.0,0.0,800000000
2020153N13072,NISARGA,2020,JHARKHAND,KHUNTI,0.0,0.0,0.0,800000000
2020153N13072,NISARGA,2020,JHARKHAND,GUMLA,0.0,0.0,0.0,800000000
2020153N13072,NISARGA,2020,JHARKHAND,SIMDEGA,0.0,0.0,0.0,800000000
2020153N13072,NISARGA,2020,JHARKHAND,WEST SINGHBHUM,0.0,0.0,0.0,800000000
2020153N13072,NISARGA,2020,JHARKHAND,SARAIKELA-KHARSAWAN,0.0,0.0,0.0,800000000
2020153N13072,NISARGA,2020,KARNATAKA,B,0.0,0.0,0.0,800000000
2020153N13072,NISARGA,2020,KARNATAKA,BENGAL#RU (RURAL),0.0,0.0,0.0,800000000
2020153N13072,NISARGA,2020,KARNATAKA,BELAG,0.0,0.0,0.0,800000000
2020153N13072,NISARGA,2020,KARNATAKA,CHIKKAMAGAL#RU,0.0,0.0,0.0,800000000
2020153N13072,NISARGA,2020,KARNATAKA,BALL,0.0,0.0,0.0,800000000
2020153N13072,NISARGA,2020,KARNATAKA,CH,0.0,0.0,0.0,800000000
2020153N13072,NISARGA,2020,KARNATAKA,CHITRADURGA,0.0,0.0,0.0,800000000
2020153N13072,NISARGA,2020,KARNATAKA,KOPPAL,0.0,0.0,0.0,800000000
2020153N13072,NISARGA,2020,KARNATAKA,VIJAYANAGARA,0.0,0.0,0.0,800000000
2020153N13072,NISARGA,2020,KARNATAKA,RAICH#R,0.0,0.0,0.0,800000000
2020153N13072,NISARGA,2020,KARNATAKA,CHIKKABALL,0.0,0.0,0.0,800000000
2020153N13072,NISARGA,2020,KARNATAKA,D,0.0,0.0,0.0,800000000
2020153N13072,NISARGA,2020,KARNATAKA,DH,0.0,0.0,0.0,800000000
2020153N13072,NISARGA,2020,KARNATAKA,GADAG,0.0,0.0,0.0,800000000
2020153N13072,NISARGA,2020,KARNATAKA,H,0.0,0.0,0.0,800000000
2020153N13072,NISARGA,2020,KARNATAKA,KALABURAGI,0.0,0.0,0.0,800000000
2020153N13072,NISARGA,2020,KARNATAKA,BENGAL#RU (URBAN),0.0,0.0,0.0,800000000
2020153N13072,NISARGA,2020,KARNATAKA,KOL,0.0,0.0,0.0,800000000
2020153N13072,NISARGA,2020,KARNATAKA,MANDYA,0.0,0.0,0.0,800000000
2020153N13072,NISARGA,2020,KARNATAKA,MYS#RU,0.0,0.0,0.0,800000000
2020153N13072,NISARGA,2020,KARNATAKA,SHIVAMOGGA,0.0,0.0,0.0,800000000
2020153N13072,NISARGA,2020,KARNATAKA,DAKSHINA KANNADA,0.0,0.0,0.0,800000000
2020153N13072,NISARGA,2020,KARNATAKA,UTTARA KANNADA,0.0,0.0,0.0,800000000
2020153N13072,NISARGA,2020,KARNATAKA,VIJAYAPURA,0.0,0.0,0.0,800000000
2020153N13072,NISARGA,2020,KARNATAKA,Y,0.0,0.0,0.0,800000000
2020153N13072,NISARGA,2020,KARNATAKA,R,0.0,0.0,0.0,800000000
2020153N13072,NISARGA,2020,KERALA,PALAKKAD,0.0,0.0,0.0,800000000
2020153N13072,NISARGA,2020,KERALA,ALAPPUZHA,0.0,0.0,0.0,800000000
2020153N13072,NISARGA,2020,KERALA,KOTTAYAM,0.0,0.0,0.0,800000000
2020153N13072,NISARGA,2020,KERALA,KOLLAM,0.0,0.0,0.0,800000000
2020153N13072,NISARGA,2020,KERALA,KOZHIKODE,0.0,0.0,0.0,800000000
2020153N13072,NISARGA,2020,KERALA,KASARAGOD,0.0,0.0,0.0,800000000
2020153N13072,NISARGA,2020,KERALA,MALAPPURAM,0.0,0.0,0.0,800000000
2020153N13072,NISARGA,2020,KERALA,WAYANAD,0.0,0.0,0.0,800000000
2020153N13072,NISARGA,2020,KERALA,PATHANAMTHITTA,0.0,0.0,0.0,800000000
2020153N13072,NISARGA,2020,KERALA,IDUKKI,0.0,0.0,0.0,800000000
2020153N13072,NISARGA,2020,KERALA,THRISSUR,0.0,0.0,0.0,800000000
2020153N13072,NISARGA,2020,KERALA,ERNAKULAM,0.0,0.0,0.0,800000000
2020153N13072,NISARGA,2020,KERALA,THIRUVANANTHAPURAM,0.0,0.0,0.0,800000000
2020153N13072,NISARGA,2020,KERALA,KANNUR,0.0,0.0,0.0,800000000
2020153N13072,NISARGA,2020,LADAKH,LEH,0.0,0.0,0.0,800000000
2020153N13072,NISARGA,2020,LADAKH,KARGIL,0.0,0.0,0.0,800000000
2020153N13072,NISARGA,2020,MADHYA PRADESH,AGAR MALWA,0.0,0.0,0.0,800000000
2020153N13072,NISARGA,2020,MADHYA PRADESH,ALIRAJPUR,0.0,0.0,0.0,800000000
2020153N13072,NISARGA,2020,MADHYA PRADESH,ANUPPUR,0.0,0.0,0.0,800000000
2020153N13072,NISARGA,2020,MADHYA PRADESH,ASHOKNAGAR,0.0,0.0,0.0,800000000
2020153N13072,NISARGA,2020,MADHYA PRADESH,BALAGHAT,0.0,0.0,0.0,800000000
2020153N13072,NISARGA,2020,MADHYA PRADESH,BARWANI,0.0,0.0,0.0,800000000
2020153N13072,NISARGA,2020,MADHYA PRADESH,BETUL,0.0,0.0,0.0,800000000
2020153N13072,NISARGA,2020,MADHYA PRADESH,BHIND,0.0,0.0,0.0,800000000
2020153N13072,NISARGA,2020,MADHYA PRADESH,BHOPAL,0.0,0.0,0.0,800000000
2020153N13072,NISARGA,2020,MADHYA PRADESH,BURHANPUR,0.0,0.0,0.0,800000000
2020153N13072,NISARGA,2020,MADHYA PRADESH,CHHATARPUR,0.0,0.0,0.0,800000000
2020153N13072,NISARGA,2020,MADHYA PRADESH,CHHINDWARA,0.0,0.0,0.0,800000000
2020153N13072,NISARGA,2020,MADHYA PRADESH,DAMOH,0.0,0.0,0.0,800000000
2020153N13072,NISARGA,2020,MADHYA PRADESH,DEWAS,0.0,0.0,0.0,800000000
2020153N13072,NISARGA,2020,MADHYA PRADESH,DHAR,0.0,0.0,0.0,800000000
2020153N13072,NISARGA,2020,MADHYA PRADESH,DINDORI,0.0,0.0,0.0,800000000
2020153N13072,NISARGA,2020,MADHYA PRADESH,GUNA,0.0,0.0,0.0,800000000
2020153N13072,NISARGA,2020,MADHYA PRADESH,GWALIOR,0.0,0.0,0.0,800000000
2020153N13072,NISARGA,2020,MADHYA PRADESH,HARDA,0.0,0.0,0.0,800000000
2020153N13072,NISARGA,2020,MADHYA PRADESH,INDORE,0.0,0.0,0.0,800000000
2020153N13072,NISARGA,2020,MADHYA PRADESH,JABALPUR,0.0,0.0,0.0,800000000
2020153N13072,NISARGA,2020,MADHYA PRADESH,JHABUA,0.0,0.0,0.0,800000000
2020153N13072,NISARGA,2020,MADHYA PRADESH,KATNI,0.0,0.0,0.0,800000000
2020153N13072,NISARGA,2020,MADHYA PRADESH,KHANDWA,0.0,0.0,0.0,800000000
2020153N13072,NISARGA,2020,MADHYA PRADESH,KHARGONE,0.0,0.0,0.0,800000000
2020153N13072,NISARGA,2020,MADHYA PRADESH,MAIHAR,0.0,0.0,0.0,800000000
2020153N13072,NISARGA,2020,MADHYA PRADESH,MANDLA,0.0,0.0,0.0,800000000
2020153N13072,NISARGA,2020,MADHYA PRADESH,MANDSAUR,0.0,0.0,0.0,800000000
2020153N13072,NISARGA,2020,MADHYA PRADESH,MAUGANJ,0.0,0.0,0.0,800000000
2020153N13072,NISARGA,2020,MADHYA PRADESH,MORENA,0.0,0.0,0.0,800000000
2020153N13072,NISARGA,2020,MADHYA PRADESH,NARMADAPURAM,0.0,0.0,0.0,800000000
2020153N13072,NISARGA,2020,MADHYA PRADESH,NARSINGHPUR,0.0,0.0,0.0,800000000
2020153N13072,NISARGA,2020,MADHYA PRADESH,NEEMUCH,0.0,0.0,0.0,800000000
2020153N13072,NISARGA,2020,MADHYA PRADESH,NIWARI,0.0,0.0,0.0,800000000
2020153N13072,NISARGA,2020,MADHYA PRADESH,PANDHURNA,0.0,0.0,0.0,800000000
2020153N13072,NISARGA,2020,MADHYA PRADESH,PANNA,0.0,0.0,0.0,800000000
2020153N13072,NISARGA,2020,MADHYA PRADESH,RAISEN,0.0,0.0,0.0,800000000
2020153N13072,NISARGA,2020,MADHYA PRADESH,RAJGARH,0.0,0.0,0.0,800000000
2020153N13072,NISARGA,2020,MADHYA PRADESH,RATLAM,0.0,0.0,0.0,800000000
2020153N13072,NISARGA,2020,MADHYA PRADESH,REWA,0.0,0.0,0.0,800000000
2020153N13072,NISARGA,2020,MADHYA PRADESH,SAGAR,0.0,0.0,0.0,800000000
2020153N13072,NISARGA,2020,MADHYA PRADESH,SATNA,0.0,0.0,0.0,800000000
2020153N13072,NISARGA,2020,MADHYA PRADESH,SEHORE,0.0,0.0,0.0,800000000
2020153N13072,NISARGA,2020,MADHYA PRADESH,SEONI,0.0,0.0,0.0,800000000
2020153N13072,NISARGA,2020,MADHYA PRADESH,SHAHDOL,0.0,0.0,0.0,800000000
2020153N13072,NISARGA,2020,MADHYA PRADESH,SHAJAPUR,0.0,0.0,0.0,800000000
2020153N13072,NISARGA,2020,MADHYA PRADESH,SHEOPUR,0.0,0.0,0.0,800000000
2020153N13072,NISARGA,2020,MADHYA PRADESH,SHIVPURI,0.0,0.0,0.0,800000000
2020153N13072,NISARGA,2020,MADHYA PRADESH,SINGRAULI,0.0,0.0,0.0,800000000
2020153N13072,NISARGA,2020,MADHYA PRADESH,TIKAMGARH,0.0,0.0,0.0,800000000
2020153N13072,NISARGA,2020,MADHYA PRADESH,UJJAIN,0.0,0.0,0.0,800000000
2020153N13072,NISARGA,2020,MADHYA PRADESH,UMARIA,0.0,0.0,0.0,800000000
2020153N13072,NISARGA,2020,MADHYA PRADESH,VIDISHA,0.0,0.0,0.0,800000000
2020153N13072,NISARGA,2020,MAHARASHTRA,AHMEDNAGAR,0.0,0.0,0.0,800000000
2020153N13072,NISARGA,2020,MAHARASHTRA,BEED,0.0,0.0,0.0,800000000
2020153N13072,NISARGA,2020,MAHARASHTRA,BHANDARA,0.0,0.0,0.0,800000000
2020153N13072,NISARGA,2020,MAHARASHTRA,CHANDRAPUR,0.0,0.0,0.0,800000000
2020153N13072,NISARGA,2020,MAHARASHTRA,DHULE,0.0,0.0,0.0,800000000
2020153N13072,NISARGA,2020,MAHARASHTRA,GADCHIROLI,0.0,0.0,0.0,800000000
2020153N13072,NISARGA,2020,MAHARASHTRA,GONDIA,0.0,0.0,0.0,800000000
2020153N13072,NISARGA,2020,MAHARASHTRA,HINGOLI,0.0,0.0,0.0,800000000
2020153N13072,NISARGA,2020,MAHARASHTRA,JALGAON,0.0,0.0,0.0,800000000
2020153N13072,NISARGA,2020,MAHARASHTRA,KOLHAPUR,0.0,0.0,0.0,800000000
2020153N13072,NISARGA,2020,MAHARASHTRA,LATUR,0.0,0.0,0.0,800000000
2020153N13072,NISARGA,2020,MAHARASHTRA,MUMBAI,0.0,0.0,0.0,800000000
2020153N13072,NISARGA,2020,MAHARASHTRA,NAGPUR,0.0,0.0,0.0,800000000
2020153N13072,NISARGA,2020,MAHARASHTRA,NANDED,0.0,0.0,0.0,800000000
2020153N13072,NISARGA,2020,MAHARASHTRA,NASHIK,0.0,0.0,0.0,800000000
2020153N13072,NISARGA,2020,MAHARASHTRA,NANDURBAR,0.0,0.0,0.0,800000000
2020153N13072,NISARGA,2020,MAHARASHTRA,PALGHAR,0.0,0.0,0.0,800000000
2020153N13072,NISARGA,2020,MAHARASHTRA,PUNE,44628.64431509768,0.0,0.0,800000000
2020153N13072,NISARGA,2020,MAHARASHTRA,RATNAGIRI,1988755.451351833,0.0071279363509473,5702349.080757879,800000000
2020153N13072,NISARGA,2020,MAHARASHTRA,SANGLI,0.0,0.0,0.0,800000000
2020153N13072,NISARGA,2020,MAHARASHTRA,SATARA,5882.497864068213,0.0,0.0,800000000
2020153N13072,NISARGA,2020,MAHARASHTRA,SINDHUDURG,0.0,0.0,0.0,800000000
2020153N13072,NISARGA,2020,MAHARASHTRA,SOLAPUR,0.0,0.0,0.0,800000000
2020153N13072,NISARGA,2020,MAHARASHTRA,MUMBAI SUBURBAN,0.0,0.0,0.0,800000000
2020153N13072,NISARGA,2020,MAHARASHTRA,THANE,0.0,0.0,0.0,800000000
2020153N13072,NISARGA,2020,MAHARASHTRA,DHARASHIV,0.0,0.0,0.0,800000000
2020153N13072,NISARGA,2020,MAHARASHTRA,WASHIM,0.0,0.0,0.0,800000000
2020153N13072,NISARGA,2020,MAHARASHTRA,WARDHA,0.0,0.0,0.0,800000000
2020153N13072,NISARGA,2020,MAHARASHTRA,YAVATMAL,0.0,0.0,0.0,800000000
2020153N13072,NISARGA,2020,MAHARASHTRA,AKOLA,0.0,0.0,0.0,800000000
2020153N13072,NISARGA,2020,MAHARASHTRA,AMRAVATI,0.0,0.0,0.0,800000000
2020153N13072,NISARGA,2020,MAHARASHTRA,BULDHANA,0.0,0.0,0.0,800000000
2020153N13072,NISARGA,2020,MAHARASHTRA,PARBHANI,0.0,0.0,0.0,800000000
2020153N13072,NISARGA,2020,MAHARASHTRA,JALNA,0.0,0.0,0.0,800000000
2020153N13072,NISARGA,2020,MAHARASHTRA,CHHATRAPATI SAMBHAJINAGAR,0.0,0.0,0.0,800000000
2020153N13072,NISARGA,2020,MANIPUR,BISHNUPUR,0.0,0.0,0.0,800000000
2020153N13072,NISARGA,2020,MANIPUR,CHANDEL,0.0,0.0,0.0,800000000
2020153N13072,NISARGA,2020,MANIPUR,CHURACHANDPUR,0.0,0.0,0.0,800000000
2020153N13072,NISARGA,2020,MANIPUR,IMPHAL EAST,0.0,0.0,0.0,800000000
2020153N13072,NISARGA,2020,MANIPUR,IMPHAL WEST,0.0,0.0,0.0,800000000
2020153N13072,NISARGA,2020,MANIPUR,JIRIBAM,0.0,0.0,0.0,800000000
2020153N13072,NISARGA,2020,MANIPUR,KAKCHING,0.0,0.0,0.0,800000000
2020153N13072,NISARGA,2020,MANIPUR,KAMJANG,0.0,0.0,0.0,800000000
2020153N13072,NISARGA,2020,MANIPUR,KANGPOKPI,0.0,0.0,0.0,800000000
2020153N13072,NISARGA,2020,MANIPUR,NONEY,0.0,0.0,0.0,800000000
2020153N13072,NISARGA,2020,MANIPUR,PHERZAWL,0.0,0.0,0.0,800000000
2020153N13072,NISARGA,2020,MANIPUR,SENAPATI,0.0,0.0,0.0,800000000
2020153N13072,NISARGA,2020,MANIPUR,TAMENGLONG,0.0,0.0,0.0,800000000
2020153N13072,NISARGA,2020,MANIPUR,TENGNOUPAL,0.0,0.0,0.0,800000000
2020153N13072,NISARGA,2020,MANIPUR,THOUBAL,0.0,0.0,0.0,800000000
2020153N13072,NISARGA,2020,MANIPUR,UKHRUL,0.0,0.0,0.0,800000000
2020153N13072,NISARGA,2020,MEGHALAYA,EAST G>RO HILLS,0.0,0.0,0.0,800000000
2020153N13072,NISARGA,2020,MEGHALAYA,EAST JAINTIA HILLS,0.0,0.0,0.0,800000000
2020153N13072,NISARGA,2020,MEGHALAYA,EAST KH>SI HILLS,0.0,0.0,0.0,800000000
2020153N13072,NISARGA,2020,MEGHALAYA,NORTH G>RO HILLS,0.0,0.0,0.0,800000000
2020153N13072,NISARGA,2020,MEGHALAYA,RI-BHOI,0.0,0.0,0.0,800000000
2020153N13072,NISARGA,2020,MEGHALAYA,SOUTH G>RO HILLS,0.0,0.0,0.0,800000000
2020153N13072,NISARGA,2020,MEGHALAYA,SOUTH WEST G>RO HILLS,0.0,0.0,0.0,800000000
2020153N13072,NISARGA,2020,MEGHALAYA,WEST G>RO HILLS,0.0,0.0,0.0,800000000
2020153N13072,NISARGA,2020,MEGHALAYA,WEST JAINTIA HILLS,0.0,0.0,0.0,800000000
2020153N13072,NISARGA,2020,MEGHALAYA,SOUTH WEST KH>SI HILLS,0.0,0.0,0.0,800000000
2020153N13072,NISARGA,2020,MEGHALAYA,EASTERN WEST KHASI HILLS,0.0,0.0,0.0,800000000
2020153N13072,NISARGA,2020,MEGHALAYA,WEST KHASI HILLS,0.0,0.0,0.0,800000000
2020153N13072,NISARGA,2020,MIZORAM,CHAMPHAI,0.0,0.0,0.0,800000000
2020153N13072,NISARGA,2020,MIZORAM,HNAHTHIAL,0.0,0.0,0.0,800000000
2020153N13072,NISARGA,2020,MIZORAM,SERCHHIP,0.0,0.0,0.0,800000000
2020153N13072,NISARGA,2020,MIZORAM,LUNGLEI,0.0,0.0,0.0,800000000
2020153N13072,NISARGA,2020,MIZORAM,MAMIT,0.0,0.0,0.0,800000000
2020153N13072,NISARGA,2020,MIZORAM,KOLASIB,0.0,0.0,0.0,800000000
2020153N13072,NISARGA,2020,MIZORAM,AIZAWL,0.0,0.0,0.0,800000000
2020153N13072,NISARGA,2020,MIZORAM,SAIHA,0.0,0.0,0.0,800000000
2020153N13072,NISARGA,2020,MIZORAM,SAITUAL,0.0,0.0,0.0,800000000
2020153N13072,NISARGA,2020,MIZORAM,LAWNGTLAI,0.0,0.0,0.0,800000000
2020153N13072,NISARGA,2020,NAGALAND,LONGLENG,0.0,0.0,0.0,800000000
2020153N13072,NISARGA,2020,NAGALAND,TUENSANG,0.0,0.0,0.0,800000000
2020153N13072,NISARGA,2020,NAGALAND,SHAMATOR,0.0,0.0,0.0,800000000
2020153N13072,NISARGA,2020,NAGALAND,DIMAPUR,0.0,0.0,0.0,800000000
2020153N13072,NISARGA,2020,NAGALAND,CHUMOUKEDIMA,0.0,0.0,0.0,800000000
2020153N13072,NISARGA,2020,NAGALAND,NIULAND,0.0,0.0,0.0,800000000
2020153N13072,NISARGA,2020,NAGALAND,PEREN,0.0,0.0,0.0,800000000
2020153N13072,NISARGA,2020,NAGALAND,KOHIMA,0.0,0.0,0.0,800000000
2020153N13072,NISARGA,2020,NAGALAND,MON,0.0,0.0,0.0,800000000
2020153N13072,NISARGA,2020,NAGALAND,KIPHIRE,0.0,0.0,0.0,800000000
2020153N13072,NISARGA,2020,NAGALAND,PHEK,0.0,0.0,0.0,800000000
2020153N13072,NISARGA,2020,NAGALAND,MOKOKCHUNG,0.0,0.0,0.0,800000000
2020153N13072,NISARGA,2020,NAGALAND,ZUNHEBOTO,0.0,0.0,0.0,800000000
2020153N13072,NISARGA,2020,NAGALAND,WOKHA,0.0,0.0,0.0,800000000
2020153N13072,NISARGA,2020,NAGALAND,TSEMINYU,0.0,0.0,0.0,800000000
2020153N13072,NISARGA,2020,NAGALAND,NOKLAK,0.0,0.0,0.0,800000000
2020153N13072,NISARGA,2020,PUDUCHERRY,KARAIKAL,0.0,0.0,0.0,800000000
2020153N13072,NISARGA,2020,PUDUCHERRY,MAHE,0.0,0.0,0.0,800000000
2020153N13072,NISARGA,2020,PUDUCHERRY,PUDUCHERRY,0.0,0.0,0.0,800000000
2020153N13072,NISARGA,2020,PUNJAB,FIROZPUR,0.0,0.0,0.0,800000000
2020153N13072,NISARGA,2020,PUNJAB,LUDHIANA,0.0,0.0,0.0,800000000
2020153N13072,NISARGA,2020,PUNJAB,RUPNAGAR,0.0,0.0,0.0,800000000
2020153N13072,NISARGA,2020,PUNJAB,MANSA,0.0,0.0,0.0,800000000
2020153N13072,NISARGA,2020,PUNJAB,SRI MUKTSAR SAHIB,0.0,0.0,0.0,800000000
2020153N13072,NISARGA,2020,PUNJAB,SAS NAGAR (SAHIBZADA AJIT SINGH NAGAR),0.0,0.0,0.0,800000000
2020153N13072,NISARGA,2020,PUNJAB,JALANDHAR,0.0,0.0,0.0,800000000
2020153N13072,NISARGA,2020,PUNJAB,PATHANKOT,0.0,0.0,0.0,800000000
2020153N13072,NISARGA,2020,PUNJAB,FARIDKOT,0.0,0.0,0.0,800000000
2020153N13072,NISARGA,2020,PUNJAB,MOGA,0.0,0.0,0.0,800000000
2020153N13072,NISARGA,2020,PUNJAB,HOSHIARPUR,0.0,0.0,0.0,800000000
2020153N13072,NISARGA,2020,PUNJAB,BATHINDA,0.0,0.0,0.0,800000000
2020153N13072,NISARGA,2020,PUNJAB,TARN TARAN,0.0,0.0,0.0,800000000
2020153N13072,NISARGA,2020,PUNJAB,FAZILKA,0.0,0.0,0.0,800000000
2020153N13072,NISARGA,2020,PUNJAB,PATIALA,0.0,0.0,0.0,800000000
2020153N13072,NISARGA,2020,PUNJAB,SHAHID BHAGAT SINGH NAGAR,0.0,0.0,0.0,800000000
2020153N13072,NISARGA,2020,PUNJAB,BARNALA,0.0,0.0,0.0,800000000
2020153N13072,NISARGA,2020,PUNJAB,GURDASPUR,0.0,0.0,0.0,800000000
2020153N13072,NISARGA,2020,PUNJAB,KAPURTHALA,0.0,0.0,0.0,800000000
2020153N13072,NISARGA,2020,PUNJAB,FATEHGARH SAHIB,0.0,0.0,0.0,800000000
2020153N13072,NISARGA,2020,PUNJAB,AMRITSAR,0.0,0.0,0.0,800000000
2020153N13072,NISARGA,2020,PUNJAB,MALER KOTLA,0.0,0.0,0.0,800000000
2020153N13072,NISARGA,2020,PUNJAB,SANGRUR,0.0,0.0,0.0,800000000
2020153N13072,NISARGA,2020,RAJASTHAN,AJMER,0.0,0.0,0.0,800000000
2020153N13072,NISARGA,2020,RAJASTHAN,ALWAR,0.0,0.0,0.0,800000000
2020153N13072,NISARGA,2020,RAJASTHAN,ANOOPGARH,0.0,0.0,0.0,800000000
2020153N13072,NISARGA,2020,RAJASTHAN,BALOTRA,0.0,0.0,0.0,800000000
2020153N13072,NISARGA,2020,RAJASTHAN,BANSWARA,0.0,0.0,0.0,800000000
2020153N13072,NISARGA,2020,RAJASTHAN,BARAN,0.0,0.0,0.0,800000000
2020153N13072,NISARGA,2020,RAJASTHAN,BARMER,0.0,0.0,0.0,800000000
2020153N13072,NISARGA,2020,RAJASTHAN,BEAWAR,0.0,0.0,0.0,800000000
2020153N13072,NISARGA,2020,RAJASTHAN,BHARATPUR,0.0,0.0,0.0,800000000
2020153N13072,NISARGA,2020,RAJASTHAN,BHILWARA,0.0,0.0,0.0,800000000
2020153N13072,NISARGA,2020,RAJASTHAN,BIKANER,0.0,0.0,0.0,800000000
2020153N13072,NISARGA,2020,RAJASTHAN,BUNDI,0.0,0.0,0.0,800000000
2020153N13072,NISARGA,2020,RAJASTHAN,CHITTAURGARH,0.0,0.0,0.0,800000000
2020153N13072,NISARGA,2020,RAJASTHAN,CHURU,0.0,0.0,0.0,800000000
2020153N13072,NISARGA,2020,RAJASTHAN,DAUSA,0.0,0.0,0.0,800000000
2020153N13072,NISARGA,2020,RAJASTHAN,DEEG,0.0,0.0,0.0,800000000
2020153N13072,NISARGA,2020,RAJASTHAN,DHAULPUR,0.0,0.0,0.0,800000000
2020153N13072,NISARGA,2020,RAJASTHAN,DIDWANA-KUCHAMAN,0.0,0.0,0.0,800000000
2020153N13072,NISARGA,2020,RAJASTHAN,DUDU,0.0,0.0,0.0,800000000
2020153N13072,NISARGA,2020,RAJASTHAN,DUNGARPUR,0.0,0.0,0.0,800000000
2020153N13072,NISARGA,2020,RAJASTHAN,GANGANAGAR,0.0,0.0,0.0,800000000
2020153N13072,NISARGA,2020,RAJASTHAN,GANGAPURCITY,0.0,0.0,0.0,800000000
2020153N13072,NISARGA,2020,RAJASTHAN,HANUMANGARH,0.0,0.0,0.0,800000000
2020153N13072,NISARGA,2020,RAJASTHAN,JAIPUR,0.0,0.0,0.0,800000000
2020153N13072,NISARGA,2020,RAJASTHAN,JAIPUR(GRAMIN),0.0,0.0,0.0,800000000
2020153N13072,NISARGA,2020,RAJASTHAN,JAISALMER,0.0,0.0,0.0,800000000
2020153N13072,NISARGA,2020,RAJASTHAN,JALOR,0.0,0.0,0.0,800000000
2020153N13072,NISARGA,2020,RAJASTHAN,JHALAWAR,0.0,0.0,0.0,800000000
2020153N13072,NISARGA,2020,RAJASTHAN,JHUNJHUNUN,0.0,0.0,0.0,800000000
2020153N13072,NISARGA,2020,RAJASTHAN,JODHPUR,0.0,0.0,0.0,800000000
2020153N13072,NISARGA,2020,RAJASTHAN,JODHPUR GRAMIN,0.0,0.0,0.0,800000000
2020153N13072,NISARGA,2020,RAJASTHAN,KARAULI,0.0,0.0,0.0,800000000
2020153N13072,NISARGA,2020,RAJASTHAN,KEKRI,0.0,0.0,0.0,800000000
2020153N13072,NISARGA,2020,RAJASTHAN,KHAIRTHAL-TIJARA,0.0,0.0,0.0,800000000
2020153N13072,NISARGA,2020,RAJASTHAN,KOTA,0.0,0.0,0.0,800000000
2020153N13072,NISARGA,2020,RAJASTHAN,KOTPUTLI-BEHROR,0.0,0.0,0.0,800000000
2020153N13072,NISARGA,2020,RAJASTHAN,NAGAUR,0.0,0.0,0.0,800000000
2020153N13072,NISARGA,2020,RAJASTHAN,NEEM-KA-THANA,0.0,0.0,0.0,800000000
2020153N13072,NISARGA,2020,RAJASTHAN,PALI,0.0,0.0,0.0,800000000
2020153N13072,NISARGA,2020,RAJASTHAN,PHALODI,0.0,0.0,0.0,800000000
2020153N13072,NISARGA,2020,RAJASTHAN,PRATAPGARH,0.0,0.0,0.0,800000000
2020153N13072,NISARGA,2020,RAJASTHAN,RAJSAMAND,0.0,0.0,0.0,800000000
2020153N13072,NISARGA,2020,RAJASTHAN,SALUMBAR,0.0,0.0,0.0,800000000
2020153N13072,NISARGA,2020,RAJASTHAN,SANCHORE,0.0,0.0,0.0,800000000
2020153N13072,NISARGA,2020,RAJASTHAN,SAWAI MADHOPUR,0.0,0.0,0.0,800000000
2020153N13072,NISARGA,2020,RAJASTHAN,SHAHPURA,0.0,0.0,0.0,800000000
2020153N13072,NISARGA,2020,RAJASTHAN,SIKAR,0.0,0.0,0.0,800000000
2020153N13072,NISARGA,2020,RAJASTHAN,SIROHI,0.0,0.0,0.0,800000000
2020153N13072,NISARGA,2020,RAJASTHAN,TONK,0.0,0.0,0.0,800000000
2020153N13072,NISARGA,2020,RAJASTHAN,UDAIPUR,0.0,0.0,0.0,800000000
2020153N13072,NISARGA,2020,SIKKIM,GYALSHING,0.0,0.0,0.0,800000000
2020153N13072,NISARGA,2020,SIKKIM,PAKYONG,0.0,0.0,0.0,800000000
2020153N13072,NISARGA,2020,SIKKIM,NAMCHI,0.0,0.0,0.0,800000000
2020153N13072,NISARGA,2020,SIKKIM,MANGAN,0.0,0.0,0.0,800000000
2020153N13072,NISARGA,2020,SIKKIM,GANGTOK,0.0,0.0,0.0,800000000
2020153N13072,NISARGA,2020,SIKKIM,SORENG,0.0,0.0,0.0,800000000
2020153N13072,NISARGA,2020,TAMIL NADU,ARIYALUR,0.0,0.0,0.0,800000000
2020153N13072,NISARGA,2020,TAMIL NADU,CHENGALPATTU,0.0,0.0,0.0,800000000
2020153N13072,NISARGA,2020,TAMIL NADU,CHENNAI,0.0,0.0,0.0,800000000
2020153N13072,NISARGA,2020,TAMIL NADU,COIMBATORE,0.0,0.0,0.0,800000000
2020153N13072,NISARGA,2020,TAMIL NADU,CUDDALORE,0.0,0.0,0.0,800000000
2020153N13072,NISARGA,2020,TAMIL NADU,DHARMAPURI,0.0,0.0,0.0,800000000
2020153N13072,NISARGA,2020,TAMIL NADU,DINDIGUL,0.0,0.0,0.0,800000000
2020153N13072,NISARGA,2020,TAMIL NADU,ERODE,0.0,0.0,0.0,800000000
2020153N13072,NISARGA,2020,TAMIL NADU,KALLAKKURICHI,0.0,0.0,0.0,800000000
2020153N13072,NISARGA,2020,TAMIL NADU,KANCHIPURAM,0.0,0.0,0.0,800000000
2020153N13072,NISARGA,2020,TAMIL NADU,KANNIYAKUMARI,0.0,0.0,0.0,800000000
2020153N13072,NISARGA,2020,TAMIL NADU,KARUR,0.0,0.0,0.0,800000000
2020153N13072,NISARGA,2020,TAMIL NADU,KRISHNAGIRI,0.0,0.0,0.0,800000000
2020153N13072,NISARGA,2020,TAMIL NADU,MADURAI,0.0,0.0,0.0,800000000
2020153N13072,NISARGA,2020,TAMIL NADU,MAYILADUTHURAI,0.0,0.0,0.0,800000000
2020153N13072,NISARGA,2020,TAMIL NADU,NAGAPATTINAM,0.0,0.0,0.0,800000000
2020153N13072,NISARGA,2020,TAMIL NADU,NAMAKKAL,0.0,0.0,0.0,800000000
2020153N13072,NISARGA,2020,TAMIL NADU,PERAMBALUR,0.0,0.0,0.0,800000000
2020153N13072,NISARGA,2020,TAMIL NADU,PUDUKKOTTAI,0.0,0.0,0.0,800000000
2020153N13072,NISARGA,2020,TAMIL NADU,RAMANATHAPURAM,0.0,0.0,0.0,800000000
2020153N13072,NISARGA,2020,TAMIL NADU,RANIPET,0.0,0.0,0.0,800000000
2020153N13072,NISARGA,2020,TAMIL NADU,SALEM,0.0,0.0,0.0,800000000
2020153N13072,NISARGA,2020,TAMIL NADU,SIVAGANGA,0.0,0.0,0.0,800000000
2020153N13072,NISARGA,2020,TAMIL NADU,TENKASI,0.0,0.0,0.0,800000000
2020153N13072,NISARGA,2020,TAMIL NADU,THANJAVUR,0.0,0.0,0.0,800000000
2020153N13072,NISARGA,2020,TAMIL NADU,THE NILGIRIS,0.0,0.0,0.0,800000000
2020153N13072,NISARGA,2020,TAMIL NADU,THENI,0.0,0.0,0.0,800000000
2020153N13072,NISARGA,2020,TAMIL NADU,THIRUVALLUR,0.0,0.0,0.0,800000000
2020153N13072,NISARGA,2020,TAMIL NADU,THIRUVARUR,0.0,0.0,0.0,800000000
2020153N13072,NISARGA,2020,TAMIL NADU,THOOTHUKUDI,0.0,0.0,0.0,800000000
2020153N13072,NISARGA,2020,TAMIL NADU,TIRUCHIRAPPALLI,0.0,0.0,0.0,800000000
2020153N13072,NISARGA,2020,TAMIL NADU,TIRUNELVELI,0.0,0.0,0.0,800000000
2020153N13072,NISARGA,2020,TAMIL NADU,TIRUPATHUR,0.0,0.0,0.0,800000000
2020153N13072,NISARGA,2020,TAMIL NADU,TIRUPPUR,0.0,0.0,0.0,800000000
2020153N13072,NISARGA,2020,TAMIL NADU,TIRUVANNAMALAI,0.0,0.0,0.0,800000000
2020153N13072,NISARGA,2020,TAMIL NADU,VELLORE,0.0,0.0,0.0,800000000
2020153N13072,NISARGA,2020,TAMIL NADU,VILUPPURAM,0.0,0.0,0.0,800000000
2020153N13072,NISARGA,2020,TAMIL NADU,VIRUDHUNAGAR,0.0,0.0,0.0,800000000
2020153N13072,NISARGA,2020,TELANGANA,ADILABAD,0.0,0.0,0.0,800000000
2020153N13072,NISARGA,2020,TELANGANA,BHADRADRI KOTHAGUDEM,0.0,0.0,0.0,800000000
2020153N13072,NISARGA,2020,TELANGANA,HANUMAKONDA,0.0,0.0,0.0,800000000
2020153N13072,NISARGA,2020,TELANGANA,HYDERABAD,0.0,0.0,0.0,800000000
2020153N13072,NISARGA,2020,TELANGANA,JAGTIAL,0.0,0.0,0.0,800000000
2020153N13072,NISARGA,2020,TELANGANA,JANGOAN,0.0,0.0,0.0,800000000
2020153N13072,NISARGA,2020,TELANGANA,JAYASHANKAR BHUPALPALLI,0.0,0.0,0.0,800000000
2020153N13072,NISARGA,2020,TELANGANA,JOGULAMBA GADWAL,0.0,0.0,0.0,800000000
2020153N13072,NISARGA,2020,TELANGANA,KAMAREDDY,0.0,0.0,0.0,800000000
2020153N13072,NISARGA,2020,TELANGANA,KARIMNAGAR,0.0,0.0,0.0,800000000
2020153N13072,NISARGA,2020,TELANGANA,KHAMMAM,0.0,0.0,0.0,800000000
2020153N13072,NISARGA,2020,TELANGANA,KOMARRAM BHEEM,0.0,0.0,0.0,800000000
2020153N13072,NISARGA,2020,TELANGANA,MAHABUBABAD,0.0,0.0,0.0,800000000
2020153N13072,NISARGA,2020,TELANGANA,MAHABUBNAGAR,0.0,0.0,0.0,800000000
2020153N13072,NISARGA,2020,TELANGANA,MANCHERIAL,0.0,0.0,0.0,800000000
2020153N13072,NISARGA,2020,TELANGANA,MEDAK,0.0,0.0,0.0,800000000
2020153N13072,NISARGA,2020,TELANGANA,MEDCHAL_MALKAJGIRI,0.0,0.0,0.0,800000000
2020153N13072,NISARGA,2020,TELANGANA,MULUGU,0.0,0.0,0.0,800000000
2020153N13072,NISARGA,2020,TELANGANA,NAGARKURNOOL,0.0,0.0,0.0,800000000
2020153N13072,NISARGA,2020,TELANGANA,NALGONDA,0.0,0.0,0.0,800000000
2020153N13072,NISARGA,2020,TELANGANA,NARAYANPET,0.0,0.0,0.0,800000000
2020153N13072,NISARGA,2020,TELANGANA,NIRMAL,0.0,0.0,0.0,800000000
2020153N13072,NISARGA,2020,TELANGANA,NIZAMABAD,0.0,0.0,0.0,800000000
2020153N13072,NISARGA,2020,TELANGANA,PEDDAPALLI,0.0,0.0,0.0,800000000
2020153N13072,NISARGA,2020,TELANGANA,RAJANNA SIRCILLA,0.0,0.0,0.0,800000000
2020153N13072,NISARGA,2020,TELANGANA,RANGA REDDY,0.0,0.0,0.0,800000000
2020153N13072,NISARGA,2020,TELANGANA,SANGAREDDY,0.0,0.0,0.0,800000000
2020153N13072,NISARGA,2020,TELANGANA,SIDDIPET,0.0,0.0,0.0,800000000
2020153N13072,NISARGA,2020,TELANGANA,SURIYAPET,0.0,0.0,0.0,800000000
2020153N13072,NISARGA,2020,TELANGANA,VIKARABAD,0.0,0.0,0.0,800000000
2020153N13072,NISARGA,2020,TELANGANA,WANPARTI,0.0,0.0,0.0,800000000
2020153N13072,NISARGA,2020,TELANGANA,WARANGAL,0.0,0.0,0.0,800000000
2020153N13072,NISARGA,2020,TELANGANA,YADADRI BHUVANAGIRI,0.0,0.0,0.0,800000000
2020153N13072,NISARGA,2020,TRIPURA,SOUTH TRIPURA,0.0,0.0,0.0,800000000
2020153N13072,NISARGA,2020,TRIPURA,WEST TRIPURA,0.0,0.0,0.0,800000000
2020153N13072,NISARGA,2020,TRIPURA,DHALAI,0.0,0.0,0.0,800000000
2020153N13072,NISARGA,2020,TRIPURA,KHOWAI,0.0,0.0,0.0,800000000
2020153N13072,NISARGA,2020,TRIPURA,UNAKOTI,0.0,0.0,0.0,800000000
2020153N13072,NISARGA,2020,TRIPURA,NORTH TRIPURA,0.0,0.0,0.0,800000000
2020153N13072,NISARGA,2020,TRIPURA,SEPAHIJALA,0.0,0.0,0.0,800000000
2020153N13072,NISARGA,2020,TRIPURA,GOMTI,0.0,0.0,0.0,800000000
2020153N13072,NISARGA,2020,UTTARAKHAND,B>GESHWAR,0.0,0.0,0.0,800000000
2020153N13072,NISARGA,2020,UTTARAKHAND,CHAMP>WAT,0.0,0.0,0.0,800000000
2020153N13072,NISARGA,2020,UTTARAKHAND,HARIDW>R,0.0,0.0,0.0,800000000
2020153N13072,NISARGA,2020,UTTARAKHAND,NAINIT>L,0.0,0.0,0.0,800000000
2020153N13072,NISARGA,2020,UTTARAKHAND,PAURI GARHW>L,0.0,0.0,0.0,800000000
2020153N13072,NISARGA,2020,UTTARAKHAND,RUDRAPRAY>G,0.0,0.0,0.0,800000000
2020153N13072,NISARGA,2020,UTTARAKHAND,TEHRI GARHW>L,0.0,0.0,0.0,800000000
2020153N13072,NISARGA,2020,UTTARAKHAND,UDHAM SINGH NAGAR,0.0,0.0,0.0,800000000
2020153N13072,NISARGA,2020,UTTARAKHAND,CHAMOLI,0.0,0.0,0.0,800000000
2020153N13072,NISARGA,2020,UTTARAKHAND,PITHOR>GARH,0.0,0.0,0.0,800000000
2020153N13072,NISARGA,2020,UTTARAKHAND,UTTARK>SHI,0.0,0.0,0.0,800000000
2020153N13072,NISARGA,2020,WEST BENGAL,MURSHID>B>D,0.0,0.0,0.0,800000000
2020153N13072,NISARGA,2020,WEST BENGAL,SOUTH 24PARGANAS,0.0,0.0,0.0,800000000
2020153N13072,NISARGA,2020,WEST BENGAL,PURULIYA,0.0,0.0,0.0,800000000
2020153N13072,NISARGA,2020,WEST BENGAL,PASCHIM MEDIN|PUR,0.0,0.0,0.0,800000000
2020153N13072,NISARGA,2020,WEST BENGAL,PASCHIM BARDDHAM>N,0.0,0.0,0.0,800000000
2020153N13072,NISARGA,2020,WEST BENGAL,NORTH TWENTY-FOUR PARGANAS,0.0,0.0,0.0,800000000
2020153N13072,NISARGA,2020,WEST BENGAL,KOCH BIH>R,0.0,0.0,0.0,800000000
2020153N13072,NISARGA,2020,WEST BENGAL,JHARGRAM,0.0,0.0,0.0,800000000
2020153N13072,NISARGA,2020,WEST BENGAL,JALP>IGURI,0.0,0.0,0.0,800000000
2020153N13072,NISARGA,2020,WEST BENGAL,HUGLI,0.0,0.0,0.0,800000000
2020153N13072,NISARGA,2020,WEST BENGAL,B>NKURA,0.0,0.0,0.0,800000000
2020153N13072,NISARGA,2020,WEST BENGAL,>L|PUR DU>R,0.0,0.0,0.0,800000000
2020153N13072,NISARGA,2020,WEST BENGAL,UTTAR DIN>JPUR,0.0,0.0,0.0,800000000
2020153N13072,NISARGA,2020,WEST BENGAL,PURBA MEDIN|PUR,0.0,0.0,0.0,800000000
2020153N13072,NISARGA,2020,WEST BENGAL,PURBA BARDDHAM>N,0.0,0.0,0.0,800000000
2020153N13072,NISARGA,2020,WEST BENGAL,NADIA,0.0,0.0,0.0,800000000
2020153N13072,NISARGA,2020,WEST BENGAL,M>LDAH,0.0,0.0,0.0,800000000
2020153N13072,NISARGA,2020,WEST BENGAL,K>LIMPONG,0.0,0.0,0.0,800000000
2020153N13072,NISARGA,2020,WEST BENGAL,H>ORA,0.0,0.0,0.0,800000000
2020153N13072,NISARGA,2020,WEST BENGAL,D>RJILING,0.0,0.0,0.0,800000000
2020153N13072,NISARGA,2020,WEST BENGAL,DAKSHIN DIN>JPUR,0.0,0.0,0.0,800000000
2020153N13072,NISARGA,2020,WEST BENGAL,B|RBH@M,0.0,0.0,0.0,800000000
2020153N13072,NISARGA,2020,WEST BENGAL,P@RBA MEDIN|PUR,0.0,0.0,0.0,800000000
2020153N13072,NISARGA,2020,KARNATAKA,UDUPI,0.0,0.0,0.0,800000000
2020153N13072,NISARGA,2020,ODISHA,KENDRAPARA,0.0,0.0,0.0,800000000
2020153N13072,NISARGA,2020,ODISHA,BHADRAK,0.0,0.0,0.0,800000000
2020153N13072,NISARGA,2020,ODISHA,BARGARH,0.0,0.0,0.0,800000000
2020153N13072,NISARGA,2020,ODISHA,KEONJHAR (KENDUJHAR),0.0,0.0,0.0,800000000
2020153N13072,NISARGA,2020,ODISHA,ANUGUL,0.0,0.0,0.0,800000000
2020153N13072,NISARGA,2020,ODISHA,BALANGIR,0.0,0.0,0.0,800000000
2020153N13072,NISARGA,2020,ODISHA,BALASORE,0.0,0.0,0.0,800000000
2020153N13072,NISARGA,2020,ODISHA,DHENKANAL,0.0,0.0,0.0,800000000
2020153N13072,NISARGA,2020,ODISHA,JHARSUGUDA,0.0,0.0,0.0,800000000
2020153N13072,NISARGA,2020,ODISHA,MAYURBHANJ,0.0,0.0,0.0,800000000
2020153N13072,NISARGA,2020,ODISHA,JAGATSINGHPUR,0.0,0.0,0.0,800000000
2020153N13072,NISARGA,2020,ODISHA,KANDHAMAL,0.0,0.0,0.0,800000000
2020153N13072,NISARGA,2020,ODISHA,CUTTACK,0.0,0.0,0.0,800000000
2020153N13072,NISARGA,2020,ODISHA,KORAPUT,0.0,0.0,0.0,800000000
2020153N13072,NISARGA,2020,ODISHA,NABARANGAPUR,0.0,0.0,0.0,800000000
2020153N13072,NISARGA,2020,ODISHA,PURI,0.0,0.0,0.0,800000000
2020153N13072,NISARGA,2020,ODISHA,SAMBALPUR,0.0,0.0,0.0,800000000
2020153N13072,NISARGA,2020,ODISHA,GAJAPATI,0.0,0.0,0.0,800000000
2020153N13072,NISARGA,2020,ODISHA,GANJAM,0.0,0.0,0.0,800000000
2020153N13072,NISARGA,2020,ODISHA,MALKANGIRI,0.0,0.0,0.0,800000000
2020153N13072,NISARGA,2020,ODISHA,KHORDHA,0.0,0.0,0.0,800000000
2020153N13072,NISARGA,2020,ODISHA,BOUDH,0.0,0.0,0.0,800000000
2020153N13072,NISARGA,2020,ODISHA,DEOGARH,0.0,0.0,0.0,800000000
2020153N13072,NISARGA,2020,ODISHA,NUAPARHA,0.0,0.0,0.0,800000000
2020153N13072,NISARGA,2020,ODISHA,JAJAPUR,0.0,0.0,0.0,800000000
2020153N13072,NISARGA,2020,ODISHA,SUNDARGARH,0.0,0.0,0.0,800000000
2020153N13072,NISARGA,2020,ODISHA,KALAHANDI,0.0,0.0,0.0,800000000
2020153N13072,NISARGA,2020,ODISHA,SUBARNAPUR,0.0,0.0,0.0,800000000
2020153N13072,NISARGA,2020,ODISHA,RAYAGARHA,0.0,0.0,0.0,800000000
2020153N13072,NISARGA,2020,ODISHA,NAYAGARH,0.0,0.0,0.0,800000000
2020153N13072,NISARGA,2020,CHANDIGARH,CHANDIGARH,0.0,0.0,0.0,800000000
2020153N13072,NISARGA,2020,UTTARAKHAND,ALMORA,0.0,0.0,0.0,800000000
2020153N13072,NISARGA,2020,UTTARAKHAND,DEHRAD@N,0.0,0.0,0.0,800000000
2020153N13072,NISARGA,2020,KARNATAKA,TUMAK#RU,0.0,0.0,0.0,800000000
2020153N13072,NISARGA,2020,KARNATAKA,B\DAR,0.0,0.0,0.0,800000000
2020153N13072,NISARGA,2020,MADHYA PRADESH,SIDHI,0.0,0.0,0.0,800000000
2020153N13072,NISARGA,2020,KARNATAKA,KODAGU,0.0,0.0,0.0,800000000
2020153N13072,NISARGA,2020,MADHYA PRADESH,DATIA,0.0,0.0,0.0,800000000
2020153N13072,NISARGA,2020,UTTAR PRADESH,AGRA,0.0,0.0,0.0,800000000
2020153N13072,NISARGA,2020,UTTAR PRADESH,ALIGARH,0.0,0.0,0.0,800000000
2020153N13072,NISARGA,2020,UTTAR PRADESH,AMBEDKAR NAGAR,0.0,0.0,0.0,800000000
2020153N13072,NISARGA,2020,UTTAR PRADESH,AMETHI,0.0,0.0,0.0,800000000
2020153N13072,NISARGA,2020,UTTAR PRADESH,AMROHA,0.0,0.0,0.0,800000000
2020153N13072,NISARGA,2020,UTTAR PRADESH,AURAIYA,0.0,0.0,0.0,800000000
2020153N13072,NISARGA,2020,UTTAR PRADESH,AYODHYA,0.0,0.0,0.0,800000000
2020153N13072,NISARGA,2020,UTTAR PRADESH,AZAMGARH,0.0,0.0,0.0,800000000
2020153N13072,NISARGA,2020,UTTAR PRADESH,BAGHPAT,0.0,0.0,0.0,800000000
2020153N13072,NISARGA,2020,UTTAR PRADESH,BAHRAICH,0.0,0.0,0.0,800000000
2020153N13072,NISARGA,2020,UTTAR PRADESH,BALLIA,0.0,0.0,0.0,800000000
2020153N13072,NISARGA,2020,UTTAR PRADESH,BARA BANKI,0.0,0.0,0.0,800000000
2020153N13072,NISARGA,2020,UTTAR PRADESH,BAREILLY,0.0,0.0,0.0,800000000
2020153N13072,NISARGA,2020,UTTAR PRADESH,BASTI,0.0,0.0,0.0,800000000
2020153N13072,NISARGA,2020,UTTAR PRADESH,BHADOHI,0.0,0.0,0.0,800000000
2020153N13072,NISARGA,2020,UTTAR PRADESH,BIJNOR,0.0,0.0,0.0,800000000
2020153N13072,NISARGA,2020,UTTAR PRADESH,BUDAUN,0.0,0.0,0.0,800000000
2020153N13072,NISARGA,2020,UTTAR PRADESH,BULANDSHAHR,0.0,0.0,0.0,800000000
2020153N13072,NISARGA,2020,UTTAR PRADESH,CHANDAULI,0.0,0.0,0.0,800000000
2020153N13072,NISARGA,2020,UTTAR PRADESH,CHITRAKOOT,0.0,0.0,0.0,800000000
2020153N13072,NISARGA,2020,UTTAR PRADESH,DEORIA,0.0,0.0,0.0,800000000
2020153N13072,NISARGA,2020,UTTAR PRADESH,ETAH,0.0,0.0,0.0,800000000
2020153N13072,NISARGA,2020,UTTAR PRADESH,ETAWAH,0.0,0.0,0.0,800000000
2020153N13072,NISARGA,2020,UTTAR PRADESH,FARRUKHABAD,0.0,0.0,0.0,800000000
2020153N13072,NISARGA,2020,UTTAR PRADESH,FATEHPUR,0.0,0.0,0.0,800000000
2020153N13072,NISARGA,2020,UTTAR PRADESH,FIROZABAD,0.0,0.0,0.0,800000000
2020153N13072,NISARGA,2020,UTTAR PRADESH,GAUTAM BUDDHA NAGAR,0.0,0.0,0.0,800000000
2020153N13072,NISARGA,2020,UTTAR PRADESH,GHAZIABAD,0.0,0.0,0.0,800000000
2020153N13072,NISARGA,2020,UTTAR PRADESH,GHAZIPUR,0.0,0.0,0.0,800000000
2020153N13072,NISARGA,2020,UTTAR PRADESH,GONDA,0.0,0.0,0.0,800000000
2020153N13072,NISARGA,2020,UTTAR PRADESH,GORAKHPUR,0.0,0.0,0.0,800000000
2020153N13072,NISARGA,2020,UTTAR PRADESH,HAMIRPUR,0.0,0.0,0.0,800000000
2020153N13072,NISARGA,2020,UTTAR PRADESH,HAPUR,0.0,0.0,0.0,800000000
2020153N13072,NISARGA,2020,UTTAR PRADESH,HARDOI,0.0,0.0,0.0,800000000
2020153N13072,NISARGA,2020,UTTAR PRADESH,HATHRAS,0.0,0.0,0.0,800000000
2020153N13072,NISARGA,2020,UTTAR PRADESH,JALAUN,0.0,0.0,0.0,800000000
2020153N13072,NISARGA,2020,UTTAR PRADESH,JAUNPUR,0.0,0.0,0.0,800000000
2020153N13072,NISARGA,2020,UTTAR PRADESH,JHANSI,0.0,0.0,0.0,800000000
2020153N13072,NISARGA,2020,UTTAR PRADESH,KANNAUJ,0.0,0.0,0.0,800000000
2020153N13072,NISARGA,2020,UTTAR PRADESH,KANPUR DEHAT,0.0,0.0,0.0,800000000
2020153N13072,NISARGA,2020,UTTAR PRADESH,KANPUR NAGAR,0.0,0.0,0.0,800000000
2020153N13072,NISARGA,2020,UTTAR PRADESH,KASGANJ,0.0,0.0,0.0,800000000
2020153N13072,NISARGA,2020,UTTAR PRADESH,KAUSHAMBI,0.0,0.0,0.0,800000000
2020153N13072,NISARGA,2020,UTTAR PRADESH,KHERI,0.0,0.0,0.0,800000000
2020153N13072,NISARGA,2020,UTTAR PRADESH,KUSHINAGAR,0.0,0.0,0.0,800000000
2020153N13072,NISARGA,2020,UTTAR PRADESH,LALITPUR,0.0,0.0,0.0,800000000
2020153N13072,NISARGA,2020,UTTAR PRADESH,LUCKNOW,0.0,0.0,0.0,800000000
2020153N13072,NISARGA,2020,UTTAR PRADESH,MAHOBA,0.0,0.0,0.0,800000000
2020153N13072,NISARGA,2020,UTTAR PRADESH,MAHRAJGANJ,0.0,0.0,0.0,800000000
2020153N13072,NISARGA,2020,UTTAR PRADESH,MAINPURI,0.0,0.0,0.0,800000000
2020153N13072,NISARGA,2020,UTTAR PRADESH,MATHURA,0.0,0.0,0.0,800000000
2020153N13072,NISARGA,2020,UTTAR PRADESH,MAU,0.0,0.0,0.0,800000000
2020153N13072,NISARGA,2020,UTTAR PRADESH,MEERUT,0.0,0.0,0.0,800000000
2020153N13072,NISARGA,2020,UTTAR PRADESH,MIRZAPUR,0.0,0.0,0.0,800000000
2020153N13072,NISARGA,2020,UTTAR PRADESH,MORADABAD,0.0,0.0,0.0,800000000
2020153N13072,NISARGA,2020,UTTAR PRADESH,MUZAFFARNAGAR,0.0,0.0,0.0,800000000
2020153N13072,NISARGA,2020,UTTAR PRADESH,PILIBHIT,0.0,0.0,0.0,800000000
2020153N13072,NISARGA,2020,UTTAR PRADESH,PRAYAGRAJ,0.0,0.0,0.0,800000000
2020153N13072,NISARGA,2020,UTTAR PRADESH,RAE BARELI,0.0,0.0,0.0,800000000
2020153N13072,NISARGA,2020,UTTAR PRADESH,RAMPUR,0.0,0.0,0.0,800000000
2020153N13072,NISARGA,2020,UTTAR PRADESH,SAHARANPUR,0.0,0.0,0.0,800000000
2020153N13072,NISARGA,2020,UTTAR PRADESH,SAMBHAL,0.0,0.0,0.0,800000000
2020153N13072,NISARGA,2020,UTTAR PRADESH,SANT KABIR NAGAR,0.0,0.0,0.0,800000000
2020153N13072,NISARGA,2020,UTTAR PRADESH,SHAHJAHANPUR,0.0,0.0,0.0,800000000
2020153N13072,NISARGA,2020,UTTAR PRADESH,SHAMLI,0.0,0.0,0.0,800000000
2020153N13072,NISARGA,2020,UTTAR PRADESH,SHRAWASTI,0.0,0.0,0.0,800000000
2020153N13072,NISARGA,2020,UTTAR PRADESH,SIDDHARTHNAGAR,0.0,0.0,0.0,800000000
2020153N13072,NISARGA,2020,UTTAR PRADESH,SITAPUR,0.0,0.0,0.0,800000000
2020153N13072,NISARGA,2020,UTTAR PRADESH,SONBHADRA,0.0,0.0,0.0,800000000
2020153N13072,NISARGA,2020,UTTAR PRADESH,SULTANPUR,0.0,0.0,0.0,800000000
2020153N13072,NISARGA,2020,UTTAR PRADESH,UNNAO,0.0,0.0,0.0,800000000
2020153N13072,NISARGA,2020,UTTAR PRADESH,VARANASI,0.0,0.0,0.0,800000000
2020153N13072,NISARGA,2020,UTTAR PRADESH,BANDA,0.0,0.0,0.0,800000000
2020153N13072,NISARGA,2020,WEST BENGAL,KOLK>TA,0.0,0.0,0.0,800000000
2020153N13072,NISARGA,2020,MIZORAM,KHAWZAWL,0.0,0.0,0.0,800000000
2020153N13072,NISARGA,2020,ARUNACHAL PRADESH,LOHIT,0.0,0.0,0.0,800000000
2020153N13072,NISARGA,2020,LAKSHADWEEP,LAKSHADWEEP,0.0,0.0,0.0,800000000
2013281N12098,PHAILIN,2013,ANDHRA PRADESH,ALLURI SITHARAMA RAJU,0.0,0.0,0.0,4150000000
2013281N12098,PHAILIN,2013,ANDHRA PRADESH,ANAKAPALLI,0.0,0.0,0.0,4150000000
2013281N12098,PHAILIN,2013,ANDHRA PRADESH,ANANTHAPURAMU,0.0,0.0,0.0,4150000000
2013281N12098,PHAILIN,2013,ANDHRA PRADESH,ANNAMAYYA,0.0,0.0,0.0,4150000000
2013281N12098,PHAILIN,2013,ANDHRA PRADESH,BAPATLA,0.0,0.0,0.0,4150000000
2013281N12098,PHAILIN,2013,ANDHRA PRADESH,CHITTOOR,0.0,0.0,0.0,4150000000
2013281N12098,PHAILIN,2013,ANDHRA PRADESH,DR.B.R.AMBEDKAR KONASEEMA,0.0,0.0,0.0,4150000000
2013281N12098,PHAILIN,2013,ANDHRA PRADESH,EAST GODAVARI,0.0,0.0,0.0,4150000000
2013281N12098,PHAILIN,2013,ANDHRA PRADESH,ELURU,0.0,0.0,0.0,4150000000
2013281N12098,PHAILIN,2013,ANDHRA PRADESH,GUNTUR,0.0,0.0,0.0,4150000000
2013281N12098,PHAILIN,2013,ANDHRA PRADESH,KAKINADA,0.0,0.0,0.0,4150000000
2013281N12098,PHAILIN,2013,ANDHRA PRADESH,KRISHNA,0.0,0.0,0.0,4150000000
2013281N12098,PHAILIN,2013,ANDHRA PRADESH,KURNOOL,0.0,0.0,0.0,4150000000
2013281N12098,PHAILIN,2013,ANDHRA PRADESH,NANDYAL,0.0,0.0,0.0,4150000000
2013281N12098,PHAILIN,2013,ANDHRA PRADESH,NTR,0.0,0.0,0.0,4150000000
2013281N12098,PHAILIN,2013,ANDHRA PRADESH,PALNADU,0.0,0.0,0.0,4150000000
2013281N12098,PHAILIN,2013,ANDHRA PRADESH,PARVATHIPURAM MANYAM,0.0,0.0,0.0,4150000000
2013281N12098,PHAILIN,2013,ANDHRA PRADESH,PRAKASAM,0.0,0.0,0.0,4150000000
2013281N12098,PHAILIN,2013,ANDHRA PRADESH,SRI POTTI SRIRAMULU NELLORE,0.0,0.0,0.0,4150000000
2013281N12098,PHAILIN,2013,ANDHRA PRADESH,SRI SATHYA SAI,0.0,0.0,0.0,4150000000
2013281N12098,PHAILIN,2013,ANDHRA PRADESH,SRIKAKULAM,35429091.80397932,0.0468889426689359,194589112.076084,4150000000
2013281N12098,PHAILIN,2013,ANDHRA PRADESH,TIRUPATI,0.0,0.0,0.0,4150000000
2013281N12098,PHAILIN,2013,ANDHRA PRADESH,VISAKHAPATNAM,0.0,0.0,0.0,4150000000
2013281N12098,PHAILIN,2013,ANDHRA PRADESH,VIZIANAGARAM,0.0,0.0,0.0,4150000000
2013281N12098,PHAILIN,2013,ANDHRA PRADESH,WEST GODAVARI,0.0,0.0,0.0,4150000000
2013281N12098,PHAILIN,2013,PUDUCHERRY,YANAM,0.0,0.0,0.0,4150000000
2013281N12098,PHAILIN,2013,ANDHRA PRADESH,YSR KADAPA,0.0,0.0,0.0,4150000000
2013281N12098,PHAILIN,2013,ANDAMAN AND NICOBAR ISLANDS,NICOBARS,0.0,0.0,0.0,4150000000
2013281N12098,PHAILIN,2013,ANDAMAN AND NICOBAR ISLANDS,NORTH AND MIDDLE ANDAMAN,0.0,0.0,0.0,4150000000
2013281N12098,PHAILIN,2013,ANDAMAN AND NICOBAR ISLANDS,SOUTH ANDAMANS,0.0,0.0,0.0,4150000000
2013281N12098,PHAILIN,2013,ARUNACHAL PRADESH,>NJ>W,0.0,0.0,0.0,4150000000
2013281N12098,PHAILIN,2013,ARUNACHAL PRADESH,CH>NGL>NG,0.0,0.0,0.0,4150000000
2013281N12098,PHAILIN,2013,ARUNACHAL PRADESH,DIB>NG VALLEY,0.0,0.0,0.0,4150000000
2013281N12098,PHAILIN,2013,ARUNACHAL PRADESH,EAST KAMENG,0.0,0.0,0.0,4150000000
2013281N12098,PHAILIN,2013,ARUNACHAL PRADESH,EAST SIANG,0.0,0.0,0.0,4150000000
2013281N12098,PHAILIN,2013,ARUNACHAL PRADESH,KURUNG KUMEY,0.0,0.0,0.0,4150000000
2013281N12098,PHAILIN,2013,ARUNACHAL PRADESH,LOWER DIB>NG VALLEY,0.0,0.0,0.0,4150000000
2013281N12098,PHAILIN,2013,ARUNACHAL PRADESH,PAPUMPARE,0.0,0.0,0.0,4150000000
2013281N12098,PHAILIN,2013,ARUNACHAL PRADESH,TAWANG,0.0,0.0,0.0,4150000000
2013281N12098,PHAILIN,2013,ARUNACHAL PRADESH,TIR>P,0.0,0.0,0.0,4150000000
2013281N12098,PHAILIN,2013,ARUNACHAL PRADESH,UPPER SIANG,0.0,0.0,0.0,4150000000
2013281N12098,PHAILIN,2013,ARUNACHAL PRADESH,UPPER SUBANSIRI,0.0,0.0,0.0,4150000000
2013281N12098,PHAILIN,2013,ARUNACHAL PRADESH,WEST KAMENG,0.0,0.0,0.0,4150000000
2013281N12098,PHAILIN,2013,ARUNACHAL PRADESH,SHI YOMI,0.0,0.0,0.0,4150000000
2013281N12098,PHAILIN,2013,ARUNACHAL PRADESH,NAMSAI,0.0,0.0,0.0,4150000000
2013281N12098,PHAILIN,2013,ARUNACHAL PRADESH,WEST SIANG,0.0,0.0,0.0,4150000000
2013281N12098,PHAILIN,2013,ARUNACHAL PRADESH,SIANG,0.0,0.0,0.0,4150000000
2013281N12098,PHAILIN,2013,ARUNACHAL PRADESH,LONGDING,0.0,0.0,0.0,4150000000
2013281N12098,PHAILIN,2013,ARUNACHAL PRADESH,PAKKE KESSANG,0.0,0.0,0.0,4150000000
2013281N12098,PHAILIN,2013,ARUNACHAL PRADESH,LOWER SIANG,0.0,0.0,0.0,4150000000
2013281N12098,PHAILIN,2013,ARUNACHAL PRADESH,LEPA RADA,0.0,0.0,0.0,4150000000
2013281N12098,PHAILIN,2013,ARUNACHAL PRADESH,BICHOM,0.0,0.0,0.0,4150000000
2013281N12098,PHAILIN,2013,ARUNACHAL PRADESH,KRA DAADI,0.0,0.0,0.0,4150000000
2013281N12098,PHAILIN,2013,ARUNACHAL PRADESH,KAMLE,0.0,0.0,0.0,4150000000
2013281N12098,PHAILIN,2013,ARUNACHAL PRADESH,KEYI PANYOR,0.0,0.0,0.0,4150000000
2013281N12098,PHAILIN,2013,ARUNACHAL PRADESH,LOWER SUBANSIRI,0.0,0.0,0.0,4150000000
2013281N12098,PHAILIN,2013,ASSAM,KOKRAJHAR,0.0,0.0,0.0,4150000000
2013281N12098,PHAILIN,2013,ASSAM,CHIRANG,0.0,0.0,0.0,4150000000
2013281N12098,PHAILIN,2013,ASSAM,UDALGURI,0.0,0.0,0.0,4150000000
2013281N12098,PHAILIN,2013,ASSAM,BAKSA,0.0,0.0,0.0,4150000000
2013281N12098,PHAILIN,2013,ASSAM,DHUBRI,0.0,0.0,0.0,4150000000
2013281N12098,PHAILIN,2013,ASSAM,DARANG,0.0,0.0,0.0,4150000000
2013281N12098,PHAILIN,2013,ASSAM,KARBI ANGLONG,0.0,0.0,0.0,4150000000
2013281N12098,PHAILIN,2013,ASSAM,DIMA HASAO,0.0,0.0,0.0,4150000000
2013281N12098,PHAILIN,2013,ASSAM,CACHAR,0.0,0.0,0.0,4150000000
2013281N12098,PHAILIN,2013,ASSAM,KARIMGANJ,0.0,0.0,0.0,4150000000
2013281N12098,PHAILIN,2013,ASSAM,HAILAKANDI,0.0,0.0,0.0,4150000000
2013281N12098,PHAILIN,2013,ASSAM,WEST KARBI ANGLONG,0.0,0.0,0.0,4150000000
2013281N12098,PHAILIN,2013,ASSAM,JORHAT,0.0,0.0,0.0,4150000000
2013281N12098,PHAILIN,2013,ASSAM,GOLAGHAT,0.0,0.0,0.0,4150000000
2013281N12098,PHAILIN,2013,ASSAM,SONITPUR,0.0,0.0,0.0,4150000000
2013281N12098,PHAILIN,2013,ASSAM,DHEMAJI,0.0,0.0,0.0,4150000000
2013281N12098,PHAILIN,2013,ASSAM,CHARAIDEO,0.0,0.0,0.0,4150000000
2013281N12098,PHAILIN,2013,ASSAM,TINSUKIA,0.0,0.0,0.0,4150000000
2013281N12098,PHAILIN,2013,ASSAM,LAKHIMPUR,0.0,0.0,0.0,4150000000
2013281N12098,PHAILIN,2013,ASSAM,MAJULI,0.0,0.0,0.0,4150000000
2013281N12098,PHAILIN,2013,ASSAM,SIBSAGAR,0.0,0.0,0.0,4150000000
2013281N12098,PHAILIN,2013,ASSAM,NAGAON,0.0,0.0,0.0,4150000000
2013281N12098,PHAILIN,2013,ASSAM,MARIGAON,0.0,0.0,0.0,4150000000
2013281N12098,PHAILIN,2013,ASSAM,KAMRUP METRO,0.0,0.0,0.0,4150000000
2013281N12098,PHAILIN,2013,ASSAM,NALBARI,0.0,0.0,0.0,4150000000
2013281N12098,PHAILIN,2013,ASSAM,GOALPARA,0.0,0.0,0.0,4150000000
2013281N12098,PHAILIN,2013,ASSAM,BONGAIGAON,0.0,0.0,0.0,4150000000
2013281N12098,PHAILIN,2013,ASSAM,KAMRUP RURAL,0.0,0.0,0.0,4150000000
2013281N12098,PHAILIN,2013,ASSAM,DIBRUGARH,0.0,0.0,0.0,4150000000
2013281N12098,PHAILIN,2013,ASSAM,HOJAI,0.0,0.0,0.0,4150000000
2013281N12098,PHAILIN,2013,ASSAM,TAMULPUR,0.0,0.0,0.0,4150000000
2013281N12098,PHAILIN,2013,ASSAM,BISWANATH,0.0,0.0,0.0,4150000000
2013281N12098,PHAILIN,2013,ASSAM,BARPETA,0.0,0.0,0.0,4150000000
2013281N12098,PHAILIN,2013,ASSAM,BAJALI,0.0,0.0,0.0,4150000000
2013281N12098,PHAILIN,2013,ASSAM,SOUTH SALMARA MANCACHAR,0.0,0.0,0.0,4150000000
2013281N12098,PHAILIN,2013,BIHAR,ARARIA,0.0,0.0,0.0,4150000000
2013281N12098,PHAILIN,2013,BIHAR,ARWAL,0.0,0.0,0.0,4150000000
2013281N12098,PHAILIN,2013,BIHAR,AURANGABAD,0.0,0.0,0.0,4150000000
2013281N12098,PHAILIN,2013,BIHAR,BANKA,0.0,0.0,0.0,4150000000
2013281N12098,PHAILIN,2013,BIHAR,BEGUSARAI,0.0,0.0,0.0,4150000000
2013281N12098,PHAILIN,2013,BIHAR,BHAGALPUR,0.0,0.0,0.0,4150000000
2013281N12098,PHAILIN,2013,BIHAR,BHOJPUR,0.0,0.0,0.0,4150000000
2013281N12098,PHAILIN,2013,BIHAR,BUXAR,0.0,0.0,0.0,4150000000
2013281N12098,PHAILIN,2013,BIHAR,DARBHANGA,0.0,0.0,0.0,4150000000
2013281N12098,PHAILIN,2013,BIHAR,GAYA,0.0,0.0,0.0,4150000000
2013281N12098,PHAILIN,2013,BIHAR,GOPALGANJ,0.0,0.0,0.0,4150000000
2013281N12098,PHAILIN,2013,BIHAR,JAHANABAD,0.0,0.0,0.0,4150000000
2013281N12098,PHAILIN,2013,BIHAR,JAMUI,0.0,0.0,0.0,4150000000
2013281N12098,PHAILIN,2013,BIHAR,KAIMUR,0.0,0.0,0.0,4150000000
2013281N12098,PHAILIN,2013,BIHAR,KATIHAR,0.0,0.0,0.0,4150000000
2013281N12098,PHAILIN,2013,BIHAR,KHAGARIA,0.0,0.0,0.0,4150000000
2013281N12098,PHAILIN,2013,BIHAR,KISHANGANJ,0.0,0.0,0.0,4150000000
2013281N12098,PHAILIN,2013,BIHAR,LAKHISARAI,0.0,0.0,0.0,4150000000
2013281N12098,PHAILIN,2013,BIHAR,MADHEPURA,0.0,0.0,0.0,4150000000
2013281N12098,PHAILIN,2013,BIHAR,MADHUBANI,0.0,0.0,0.0,4150000000
2013281N12098,PHAILIN,2013,BIHAR,MUNGER,0.0,0.0,0.0,4150000000
2013281N12098,PHAILIN,2013,BIHAR,MUZAFFARPUR,0.0,0.0,0.0,4150000000
2013281N12098,PHAILIN,2013,BIHAR,NALANDA,0.0,0.0,0.0,4150000000
2013281N12098,PHAILIN,2013,BIHAR,NAWADA,0.0,0.0,0.0,4150000000
2013281N12098,PHAILIN,2013,BIHAR,PASHCHIMI CHAMPARAN,0.0,0.0,0.0,4150000000
2013281N12098,PHAILIN,2013,BIHAR,PATNA,0.0,0.0,0.0,4150000000
2013281N12098,PHAILIN,2013,BIHAR,PURBI CHAMPARAN,0.0,0.0,0.0,4150000000
2013281N12098,PHAILIN,2013,BIHAR,PURNIA,0.0,0.0,0.0,4150000000
2013281N12098,PHAILIN,2013,BIHAR,ROHTAS,0.0,0.0,0.0,4150000000
2013281N12098,PHAILIN,2013,BIHAR,SAHARSA,0.0,0.0,0.0,4150000000
2013281N12098,PHAILIN,2013,BIHAR,SAMASTIPUR,0.0,0.0,0.0,4150000000
2013281N12098,PHAILIN,2013,BIHAR,SARAN,0.0,0.0,0.0,4150000000
2013281N12098,PHAILIN,2013,BIHAR,SHEIKHPURA,0.0,0.0,0.0,4150000000
2013281N12098,PHAILIN,2013,BIHAR,SHEOHAR,0.0,0.0,0.0,4150000000
2013281N12098,PHAILIN,2013,BIHAR,SITAMARHI,0.0,0.0,0.0,4150000000
2013281N12098,PHAILIN,2013,BIHAR,SIWAN,0.0,0.0,0.0,4150000000
2013281N12098,PHAILIN,2013,BIHAR,SUPAUL,0.0,0.0,0.0,4150000000
2013281N12098,PHAILIN,2013,BIHAR,VAISHALI,0.0,0.0,0.0,4150000000
2013281N12098,PHAILIN,2013,CHHATTISGARH,KAWARDHA (KABIRDHAM),0.0,0.0,0.0,4150000000
2013281N12098,PHAILIN,2013,CHHATTISGARH,GAURELA-PENDRA-MARWAHI,0.0,0.0,0.0,4150000000
2013281N12098,PHAILIN,2013,CHHATTISGARH,SURAJPUR,0.0,0.0,0.0,4150000000
2013281N12098,PHAILIN,2013,CHHATTISGARH,BALRAMPUR,0.0,0.0,0.0,4150000000
2013281N12098,PHAILIN,2013,CHHATTISGARH,MUNGELI,0.0,0.0,0.0,4150000000
2013281N12098,PHAILIN,2013,CHHATTISGARH,DAKSHIN BASTAR DANTEWARA,0.0,0.0,0.0,4150000000
2013281N12098,PHAILIN,2013,CHHATTISGARH,BIJAPUR,0.0,0.0,0.0,4150000000
2013281N12098,PHAILIN,2013,CHHATTISGARH,BASTAR,0.0,0.0,0.0,4150000000
2013281N12098,PHAILIN,2013,CHHATTISGARH,SUKMA,0.0,0.0,0.0,4150000000
2013281N12098,PHAILIN,2013,CHHATTISGARH,KONDAGAON,0.0,0.0,0.0,4150000000
2013281N12098,PHAILIN,2013,CHHATTISGARH,NARAYANPUR,0.0,0.0,0.0,4150000000
2013281N12098,PHAILIN,2013,CHHATTISGARH,UTTAR BASTAR KANKER,0.0,0.0,0.0,4150000000
2013281N12098,PHAILIN,2013,CHHATTISGARH,GARIYABAND,0.0,0.0,0.0,4150000000
2013281N12098,PHAILIN,2013,CHHATTISGARH,DHAMTARI,0.0,0.0,0.0,4150000000
2013281N12098,PHAILIN,2013,CHHATTISGARH,BALOD,0.0,0.0,0.0,4150000000
2013281N12098,PHAILIN,2013,CHHATTISGARH,MAHASAMUND,0.0,0.0,0.0,4150000000
2013281N12098,PHAILIN,2013,CHHATTISGARH,DURG,0.0,0.0,0.0,4150000000
2013281N12098,PHAILIN,2013,CHHATTISGARH,RAIPUR,0.0,0.0,0.0,4150000000
2013281N12098,PHAILIN,2013,CHHATTISGARH,BEMETARA,0.0,0.0,0.0,4150000000
2013281N12098,PHAILIN,2013,CHHATTISGARH,BILASPUR,0.0,0.0,0.0,4150000000
2013281N12098,PHAILIN,2013,CHHATTISGARH,KORBA,0.0,0.0,0.0,4150000000
2013281N12098,PHAILIN,2013,CHHATTISGARH,JASHPUR,0.0,0.0,0.0,4150000000
2013281N12098,PHAILIN,2013,CHHATTISGARH,SURGUJA,0.0,0.0,0.0,4150000000
2013281N12098,PHAILIN,2013,CHHATTISGARH,KHAIRGARH-CHHUIKHADAN-GANDAI,0.0,0.0,0.0,4150000000
2013281N12098,PHAILIN,2013,CHHATTISGARH,RAJNANDGAON,0.0,0.0,0.0,4150000000
2013281N12098,PHAILIN,2013,CHHATTISGARH,MOHLA-MANPUR-AMBAGARH CHOWKI,0.0,0.0,0.0,4150000000
2013281N12098,PHAILIN,2013,CHHATTISGARH,JANJGIR - CHAMPA,0.0,0.0,0.0,4150000000
2013281N12098,PHAILIN,2013,CHHATTISGARH,SAKTI,0.0,0.0,0.0,4150000000
2013281N12098,PHAILIN,2013,CHHATTISGARH,RAIGARH,0.0,0.0,0.0,4150000000
2013281N12098,PHAILIN,2013,CHHATTISGARH,KOREA,0.0,0.0,0.0,4150000000
2013281N12098,PHAILIN,2013,CHHATTISGARH,MANENDRAGARH-CHIRMIRI-BHARATPUR,0.0,0.0,0.0,4150000000
2013281N12098,PHAILIN,2013,CHHATTISGARH,SARANGARH-BILAIGARH,0.0,0.0,0.0,4150000000
2013281N12098,PHAILIN,2013,CHHATTISGARH,BALODA BAZAR,0.0,0.0,0.0,4150000000
2013281N12098,PHAILIN,2013,DELHI,NAZUL,0.0,0.0,0.0,4150000000
2013281N12098,PHAILIN,2013,DELHI,SOUTH WEST,0.0,0.0,0.0,4150000000
2013281N12098,PHAILIN,2013,DELHI,WEST,0.0,0.0,0.0,4150000000
2013281N12098,PHAILIN,2013,DELHI,CENTRAL,0.0,0.0,0.0,4150000000
2013281N12098,PHAILIN,2013,DELHI,EAST,0.0,0.0,0.0,4150000000
2013281N12098,PHAILIN,2013,DELHI,NEW DELHI,0.0,0.0,0.0,4150000000
2013281N12098,PHAILIN,2013,DELHI,NORTH,0.0,0.0,0.0,4150000000
2013281N12098,PHAILIN,2013,DELHI,SHAHADARA,0.0,0.0,0.0,4150000000
2013281N12098,PHAILIN,2013,DELHI,NORTH EAST,0.0,0.0,0.0,4150000000
2013281N12098,PHAILIN,2013,DELHI,SOUTH EAST,0.0,0.0,0.0,4150000000
2013281N12098,PHAILIN,2013,DELHI,SOUTH,0.0,0.0,0.0,4150000000
2013281N12098,PHAILIN,2013,DELHI,NORTH WEST,0.0,0.0,0.0,4150000000
2013281N12098,PHAILIN,2013,GOA,NORTH GOA,0.0,0.0,0.0,4150000000
2013281N12098,PHAILIN,2013,GOA,SOUTH GOA,0.0,0.0,0.0,4150000000
2013281N12098,PHAILIN,2013,DADRA & NAGAR HAVELI & DAMAN & DIU,DADRA AND NAGAR HAVELI,0.0,0.0,0.0,4150000000
2013281N12098,PHAILIN,2013,DADRA & NAGAR HAVELI & DAMAN & DIU,DAMAN,0.0,0.0,0.0,4150000000
2013281N12098,PHAILIN,2013,DADRA & NAGAR HAVELI & DAMAN & DIU,DIU,0.0,0.0,0.0,4150000000
2013281N12098,PHAILIN,2013,GUJARAT,AHMADABAD,0.0,0.0,0.0,4150000000
2013281N12098,PHAILIN,2013,GUJARAT,AMRELI,0.0,0.0,0.0,4150000000
2013281N12098,PHAILIN,2013,GUJARAT,ANAND,0.0,0.0,0.0,4150000000
2013281N12098,PHAILIN,2013,GUJARAT,ARVALLI,0.0,0.0,0.0,4150000000
2013281N12098,PHAILIN,2013,GUJARAT,BANAS KANTHA,0.0,0.0,0.0,4150000000
2013281N12098,PHAILIN,2013,GUJARAT,BHARUCH,0.0,0.0,0.0,4150000000
2013281N12098,PHAILIN,2013,GUJARAT,BHAVNAGAR,0.0,0.0,0.0,4150000000
2013281N12098,PHAILIN,2013,GUJARAT,BOTAD,0.0,0.0,0.0,4150000000
2013281N12098,PHAILIN,2013,GUJARAT,CHHOTAUDEPUR,0.0,0.0,0.0,4150000000
2013281N12098,PHAILIN,2013,GUJARAT,DAHOD,0.0,0.0,0.0,4150000000
2013281N12098,PHAILIN,2013,GUJARAT,DANGS,0.0,0.0,0.0,4150000000
2013281N12098,PHAILIN,2013,GUJARAT,DEVBHUMI DWARKA,0.0,0.0,0.0,4150000000
2013281N12098,PHAILIN,2013,GUJARAT,GANDHINAGAR,0.0,0.0,0.0,4150000000
2013281N12098,PHAILIN,2013,GUJARAT,GIR SOMNATH,0.0,0.0,0.0,4150000000
2013281N12098,PHAILIN,2013,GUJARAT and DNH & DD ISLANDS,ISLAND,0.0,0.0,0.0,4150000000
2013281N12098,PHAILIN,2013,GUJARAT,JAMNAGAR,0.0,0.0,0.0,4150000000
2013281N12098,PHAILIN,2013,GUJARAT,JUNAGADH,0.0,0.0,0.0,4150000000
2013281N12098,PHAILIN,2013,GUJARAT,KACHCHH,0.0,0.0,0.0,4150000000
2013281N12098,PHAILIN,2013,GUJARAT,KHEDA,0.0,0.0,0.0,4150000000
2013281N12098,PHAILIN,2013,GUJARAT,MAHESANA,0.0,0.0,0.0,4150000000
2013281N12098,PHAILIN,2013,GUJARAT,MAHISAGAR,0.0,0.0,0.0,4150000000
2013281N12098,PHAILIN,2013,GUJARAT,MORBI,0.0,0.0,0.0,4150000000
2013281N12098,PHAILIN,2013,GUJARAT,NARMADA,0.0,0.0,0.0,4150000000
2013281N12098,PHAILIN,2013,GUJARAT,NAVSARI,0.0,0.0,0.0,4150000000
2013281N12098,PHAILIN,2013,GUJARAT,PANCH MAHALS,0.0,0.0,0.0,4150000000
2013281N12098,PHAILIN,2013,GUJARAT,PATAN,0.0,0.0,0.0,4150000000
2013281N12098,PHAILIN,2013,GUJARAT,PORBANDAR,0.0,0.0,0.0,4150000000
2013281N12098,PHAILIN,2013,GUJARAT,RAJKOT,0.0,0.0,0.0,4150000000
2013281N12098,PHAILIN,2013,GUJARAT,SABAR KANTHA,0.0,0.0,0.0,4150000000
2013281N12098,PHAILIN,2013,GUJARAT,SURAT,0.0,0.0,0.0,4150000000
2013281N12098,PHAILIN,2013,GUJARAT,SURENDRANAGAR,0.0,0.0,0.0,4150000000
2013281N12098,PHAILIN,2013,GUJARAT,TAPI,0.0,0.0,0.0,4150000000
2013281N12098,PHAILIN,2013,GUJARAT,VADODARA,0.0,0.0,0.0,4150000000
2013281N12098,PHAILIN,2013,GUJARAT,VALSAD,0.0,0.0,0.0,4150000000
2013281N12098,PHAILIN,2013,HARYANA,AMBALA,0.0,0.0,0.0,4150000000
2013281N12098,PHAILIN,2013,HARYANA,BHIWANI,0.0,0.0,0.0,4150000000
2013281N12098,PHAILIN,2013,HARYANA,CHARKI DADRI,0.0,0.0,0.0,4150000000
2013281N12098,PHAILIN,2013,HARYANA,FARIDABAD,0.0,0.0,0.0,4150000000
2013281N12098,PHAILIN,2013,HARYANA,FATEHABAD,0.0,0.0,0.0,4150000000
2013281N12098,PHAILIN,2013,HARYANA,GURUGRAM,0.0,0.0,0.0,4150000000
2013281N12098,PHAILIN,2013,HARYANA,HISAR,0.0,0.0,0.0,4150000000
2013281N12098,PHAILIN,2013,HARYANA,JHAJJAR,0.0,0.0,0.0,4150000000
2013281N12098,PHAILIN,2013,HARYANA,JIND,0.0,0.0,0.0,4150000000
2013281N12098,PHAILIN,2013,HARYANA,KAITHAL,0.0,0.0,0.0,4150000000
2013281N12098,PHAILIN,2013,HARYANA,KARNAL,0.0,0.0,0.0,4150000000
2013281N12098,PHAILIN,2013,HARYANA,KURUKSHETRA,0.0,0.0,0.0,4150000000
2013281N12098,PHAILIN,2013,HARYANA,MAHENDRAGARH,0.0,0.0,0.0,4150000000
2013281N12098,PHAILIN,2013,HARYANA,NUH,0.0,0.0,0.0,4150000000
2013281N12098,PHAILIN,2013,HARYANA,PALWAL,0.0,0.0,0.0,4150000000
2013281N12098,PHAILIN,2013,HARYANA,PANCHKULA,0.0,0.0,0.0,4150000000
2013281N12098,PHAILIN,2013,HARYANA,PANIPAT,0.0,0.0,0.0,4150000000
2013281N12098,PHAILIN,2013,HARYANA,REWARI,0.0,0.0,0.0,4150000000
2013281N12098,PHAILIN,2013,HARYANA,ROHTAK,0.0,0.0,0.0,4150000000
2013281N12098,PHAILIN,2013,HARYANA,SIRSA,0.0,0.0,0.0,4150000000
2013281N12098,PHAILIN,2013,HARYANA,SONIPAT,0.0,0.0,0.0,4150000000
2013281N12098,PHAILIN,2013,HARYANA,YAMUNANAGAR,0.0,0.0,0.0,4150000000
2013281N12098,PHAILIN,2013,HIMACHAL PRADESH,BIL>SPUR,0.0,0.0,0.0,4150000000
2013281N12098,PHAILIN,2013,HIMACHAL PRADESH,SHIMLA,0.0,0.0,0.0,4150000000
2013281N12098,PHAILIN,2013,HIMACHAL PRADESH,KINNAUR,0.0,0.0,0.0,4150000000
2013281N12098,PHAILIN,2013,HIMACHAL PRADESH,SOLAN,0.0,0.0,0.0,4150000000
2013281N12098,PHAILIN,2013,HIMACHAL PRADESH,SIRMAUR,0.0,0.0,0.0,4150000000
2013281N12098,PHAILIN,2013,HIMACHAL PRADESH,KULLU,0.0,0.0,0.0,4150000000
2013281N12098,PHAILIN,2013,HIMACHAL PRADESH,CHAMBA,0.0,0.0,0.0,4150000000
2013281N12098,PHAILIN,2013,HIMACHAL PRADESH,MANDI,0.0,0.0,0.0,4150000000
2013281N12098,PHAILIN,2013,HIMACHAL PRADESH,K>NGRA,0.0,0.0,0.0,4150000000
2013281N12098,PHAILIN,2013,HIMACHAL PRADESH,HAM|RPUR,0.0,0.0,0.0,4150000000
2013281N12098,PHAILIN,2013,HIMACHAL PRADESH,UNA,0.0,0.0,0.0,4150000000
2013281N12098,PHAILIN,2013,HIMACHAL PRADESH,LAHUL & SPITI,0.0,0.0,0.0,4150000000
2013281N12098,PHAILIN,2013,JAMMU AND KASHMIR,MIRPUR,0.0,0.0,0.0,4150000000
2013281N12098,PHAILIN,2013,JAMMU AND KASHMIR,MUZAFFARABAD,0.0,0.0,0.0,4150000000
2013281N12098,PHAILIN,2013,JAMMU AND KASHMIR,PUNCH,0.0,0.0,0.0,4150000000
2013281N12098,PHAILIN,2013,JAMMU AND KASHMIR,ANANTNAG,0.0,0.0,0.0,4150000000
2013281N12098,PHAILIN,2013,JAMMU AND KASHMIR,BARAMULA,0.0,0.0,0.0,4150000000
2013281N12098,PHAILIN,2013,JAMMU AND KASHMIR,KATHUA,0.0,0.0,0.0,4150000000
2013281N12098,PHAILIN,2013,JAMMU AND KASHMIR,UDHAMPUR,0.0,0.0,0.0,4150000000
2013281N12098,PHAILIN,2013,JAMMU AND KASHMIR,BADGAM,0.0,0.0,0.0,4150000000
2013281N12098,PHAILIN,2013,JAMMU AND KASHMIR,BANDIPURA,0.0,0.0,0.0,4150000000
2013281N12098,PHAILIN,2013,JAMMU AND KASHMIR,GANDERBAL,0.0,0.0,0.0,4150000000
2013281N12098,PHAILIN,2013,JAMMU AND KASHMIR,KULGAM,0.0,0.0,0.0,4150000000
2013281N12098,PHAILIN,2013,JAMMU AND KASHMIR,KUPWARA,0.0,0.0,0.0,4150000000
2013281N12098,PHAILIN,2013,JAMMU AND KASHMIR,PULWAMA,0.0,0.0,0.0,4150000000
2013281N12098,PHAILIN,2013,JAMMU AND KASHMIR,RAJAURI,0.0,0.0,0.0,4150000000
2013281N12098,PHAILIN,2013,JAMMU AND KASHMIR,RAMBAN,0.0,0.0,0.0,4150000000
2013281N12098,PHAILIN,2013,JAMMU AND KASHMIR,RIASI,0.0,0.0,0.0,4150000000
2013281N12098,PHAILIN,2013,JAMMU AND KASHMIR,SHUPIYAN,0.0,0.0,0.0,4150000000
2013281N12098,PHAILIN,2013,JAMMU AND KASHMIR,SRINAGAR,0.0,0.0,0.0,4150000000
2013281N12098,PHAILIN,2013,JAMMU AND KASHMIR,KISHTWAR,0.0,0.0,0.0,4150000000
2013281N12098,PHAILIN,2013,JAMMU AND KASHMIR,DODA,0.0,0.0,0.0,4150000000
2013281N12098,PHAILIN,2013,JAMMU AND KASHMIR,SAMBA,0.0,0.0,0.0,4150000000
2013281N12098,PHAILIN,2013,JAMMU AND KASHMIR,JAMMU,0.0,0.0,0.0,4150000000
2013281N12098,PHAILIN,2013,,NONE,0.0,0.0,0.0,4150000000
2013281N12098,PHAILIN,2013,JHARKHAND,GARHWA,0.0,0.0,0.0,4150000000
2013281N12098,PHAILIN,2013,JHARKHAND,CHATRA,0.0,0.0,0.0,4150000000
2013281N12098,PHAILIN,2013,JHARKHAND,KODERMA,0.0,0.0,0.0,4150000000
2013281N12098,PHAILIN,2013,JHARKHAND,GIRIDIH,0.0,0.0,0.0,4150000000
2013281N12098,PHAILIN,2013,JHARKHAND,DEOGHAR,0.0,0.0,0.0,4150000000
2013281N12098,PHAILIN,2013,JHARKHAND,GODDA,0.0,0.0,0.0,4150000000
2013281N12098,PHAILIN,2013,JHARKHAND,SAHIBGANJ,0.0,0.0,0.0,4150000000
2013281N12098,PHAILIN,2013,JHARKHAND,PAKUR,0.0,0.0,0.0,4150000000
2013281N12098,PHAILIN,2013,JHARKHAND,DHANBAD,0.0,0.0,0.0,4150000000
2013281N12098,PHAILIN,2013,JHARKHAND,BOKARO,0.0,0.0,0.0,4150000000
2013281N12098,PHAILIN,2013,JHARKHAND,LOHARDAGA,0.0,0.0,0.0,4150000000
2013281N12098,PHAILIN,2013,JHARKHAND,EAST SINGHBHUM,0.0,0.0,0.0,4150000000
2013281N12098,PHAILIN,2013,JHARKHAND,PALAMU,0.0,0.0,0.0,4150000000
2013281N12098,PHAILIN,2013,JHARKHAND,LATEHAR,0.0,0.0,0.0,4150000000
2013281N12098,PHAILIN,2013,JHARKHAND,HAZARIBAGH,0.0,0.0,0.0,4150000000
2013281N12098,PHAILIN,2013,JHARKHAND,RAMGARH,0.0,0.0,0.0,4150000000
2013281N12098,PHAILIN,2013,JHARKHAND,DUMKA,0.0,0.0,0.0,4150000000
2013281N12098,PHAILIN,2013,JHARKHAND,JAMTARA,0.0,0.0,0.0,4150000000
2013281N12098,PHAILIN,2013,JHARKHAND,RANCHI,0.0,0.0,0.0,4150000000
2013281N12098,PHAILIN,2013,JHARKHAND,KHUNTI,0.0,0.0,0.0,4150000000
2013281N12098,PHAILIN,2013,JHARKHAND,GUMLA,0.0,0.0,0.0,4150000000
2013281N12098,PHAILIN,2013,JHARKHAND,SIMDEGA,0.0,0.0,0.0,4150000000
2013281N12098,PHAILIN,2013,JHARKHAND,WEST SINGHBHUM,0.0,0.0,0.0,4150000000
2013281N12098,PHAILIN,2013,JHARKHAND,SARAIKELA-KHARSAWAN,0.0,0.0,0.0,4150000000
2013281N12098,PHAILIN,2013,KARNATAKA,B,0.0,0.0,0.0,4150000000
2013281N12098,PHAILIN,2013,KARNATAKA,BENGAL#RU (RURAL),0.0,0.0,0.0,4150000000
2013281N12098,PHAILIN,2013,KARNATAKA,BELAG,0.0,0.0,0.0,4150000000
2013281N12098,PHAILIN,2013,KARNATAKA,CHIKKAMAGAL#RU,0.0,0.0,0.0,4150000000
2013281N12098,PHAILIN,2013,KARNATAKA,BALL,0.0,0.0,0.0,4150000000
2013281N12098,PHAILIN,2013,KARNATAKA,CH,0.0,0.0,0.0,4150000000
2013281N12098,PHAILIN,2013,KARNATAKA,CHITRADURGA,0.0,0.0,0.0,4150000000
2013281N12098,PHAILIN,2013,KARNATAKA,KOPPAL,0.0,0.0,0.0,4150000000
2013281N12098,PHAILIN,2013,KARNATAKA,VIJAYANAGARA,0.0,0.0,0.0,4150000000
2013281N12098,PHAILIN,2013,KARNATAKA,RAICH#R,0.0,0.0,0.0,4150000000
2013281N12098,PHAILIN,2013,KARNATAKA,CHIKKABALL,0.0,0.0,0.0,4150000000
2013281N12098,PHAILIN,2013,KARNATAKA,D,0.0,0.0,0.0,4150000000
2013281N12098,PHAILIN,2013,KARNATAKA,DH,0.0,0.0,0.0,4150000000
2013281N12098,PHAILIN,2013,KARNATAKA,GADAG,0.0,0.0,0.0,4150000000
2013281N12098,PHAILIN,2013,KARNATAKA,H,0.0,0.0,0.0,4150000000
2013281N12098,PHAILIN,2013,KARNATAKA,KALABURAGI,0.0,0.0,0.0,4150000000
2013281N12098,PHAILIN,2013,KARNATAKA,BENGAL#RU (URBAN),0.0,0.0,0.0,4150000000
2013281N12098,PHAILIN,2013,KARNATAKA,KOL,0.0,0.0,0.0,4150000000
2013281N12098,PHAILIN,2013,KARNATAKA,MANDYA,0.0,0.0,0.0,4150000000
2013281N12098,PHAILIN,2013,KARNATAKA,MYS#RU,0.0,0.0,0.0,4150000000
2013281N12098,PHAILIN,2013,KARNATAKA,SHIVAMOGGA,0.0,0.0,0.0,4150000000
2013281N12098,PHAILIN,2013,KARNATAKA,DAKSHINA KANNADA,0.0,0.0,0.0,4150000000
2013281N12098,PHAILIN,2013,KARNATAKA,UTTARA KANNADA,0.0,0.0,0.0,4150000000
2013281N12098,PHAILIN,2013,KARNATAKA,VIJAYAPURA,0.0,0.0,0.0,4150000000
2013281N12098,PHAILIN,2013,KARNATAKA,Y,0.0,0.0,0.0,4150000000
2013281N12098,PHAILIN,2013,KARNATAKA,R,0.0,0.0,0.0,4150000000
2013281N12098,PHAILIN,2013,KERALA,PALAKKAD,0.0,0.0,0.0,4150000000
2013281N12098,PHAILIN,2013,KERALA,ALAPPUZHA,0.0,0.0,0.0,4150000000
2013281N12098,PHAILIN,2013,KERALA,KOTTAYAM,0.0,0.0,0.0,4150000000
2013281N12098,PHAILIN,2013,KERALA,KOLLAM,0.0,0.0,0.0,4150000000
2013281N12098,PHAILIN,2013,KERALA,KOZHIKODE,0.0,0.0,0.0,4150000000
2013281N12098,PHAILIN,2013,KERALA,KASARAGOD,0.0,0.0,0.0,4150000000
2013281N12098,PHAILIN,2013,KERALA,MALAPPURAM,0.0,0.0,0.0,4150000000
2013281N12098,PHAILIN,2013,KERALA,WAYANAD,0.0,0.0,0.0,4150000000
2013281N12098,PHAILIN,2013,KERALA,PATHANAMTHITTA,0.0,0.0,0.0,4150000000
2013281N12098,PHAILIN,2013,KERALA,IDUKKI,0.0,0.0,0.0,4150000000
2013281N12098,PHAILIN,2013,KERALA,THRISSUR,0.0,0.0,0.0,4150000000
2013281N12098,PHAILIN,2013,KERALA,ERNAKULAM,0.0,0.0,0.0,4150000000
2013281N12098,PHAILIN,2013,KERALA,THIRUVANANTHAPURAM,0.0,0.0,0.0,4150000000
2013281N12098,PHAILIN,2013,KERALA,KANNUR,0.0,0.0,0.0,4150000000
2013281N12098,PHAILIN,2013,LADAKH,LEH,0.0,0.0,0.0,4150000000
2013281N12098,PHAILIN,2013,LADAKH,KARGIL,0.0,0.0,0.0,4150000000
2013281N12098,PHAILIN,2013,MADHYA PRADESH,AGAR MALWA,0.0,0.0,0.0,4150000000
2013281N12098,PHAILIN,2013,MADHYA PRADESH,ALIRAJPUR,0.0,0.0,0.0,4150000000
2013281N12098,PHAILIN,2013,MADHYA PRADESH,ANUPPUR,0.0,0.0,0.0,4150000000
2013281N12098,PHAILIN,2013,MADHYA PRADESH,ASHOKNAGAR,0.0,0.0,0.0,4150000000
2013281N12098,PHAILIN,2013,MADHYA PRADESH,BALAGHAT,0.0,0.0,0.0,4150000000
2013281N12098,PHAILIN,2013,MADHYA PRADESH,BARWANI,0.0,0.0,0.0,4150000000
2013281N12098,PHAILIN,2013,MADHYA PRADESH,BETUL,0.0,0.0,0.0,4150000000
2013281N12098,PHAILIN,2013,MADHYA PRADESH,BHIND,0.0,0.0,0.0,4150000000
2013281N12098,PHAILIN,2013,MADHYA PRADESH,BHOPAL,0.0,0.0,0.0,4150000000
2013281N12098,PHAILIN,2013,MADHYA PRADESH,BURHANPUR,0.0,0.0,0.0,4150000000
2013281N12098,PHAILIN,2013,MADHYA PRADESH,CHHATARPUR,0.0,0.0,0.0,4150000000
2013281N12098,PHAILIN,2013,MADHYA PRADESH,CHHINDWARA,0.0,0.0,0.0,4150000000
2013281N12098,PHAILIN,2013,MADHYA PRADESH,DAMOH,0.0,0.0,0.0,4150000000
2013281N12098,PHAILIN,2013,MADHYA PRADESH,DEWAS,0.0,0.0,0.0,4150000000
2013281N12098,PHAILIN,2013,MADHYA PRADESH,DHAR,0.0,0.0,0.0,4150000000
2013281N12098,PHAILIN,2013,MADHYA PRADESH,DINDORI,0.0,0.0,0.0,4150000000
2013281N12098,PHAILIN,2013,MADHYA PRADESH,GUNA,0.0,0.0,0.0,4150000000
2013281N12098,PHAILIN,2013,MADHYA PRADESH,GWALIOR,0.0,0.0,0.0,4150000000
2013281N12098,PHAILIN,2013,MADHYA PRADESH,HARDA,0.0,0.0,0.0,4150000000
2013281N12098,PHAILIN,2013,MADHYA PRADESH,INDORE,0.0,0.0,0.0,4150000000
2013281N12098,PHAILIN,2013,MADHYA PRADESH,JABALPUR,0.0,0.0,0.0,4150000000
2013281N12098,PHAILIN,2013,MADHYA PRADESH,JHABUA,0.0,0.0,0.0,4150000000
2013281N12098,PHAILIN,2013,MADHYA PRADESH,KATNI,0.0,0.0,0.0,4150000000
2013281N12098,PHAILIN,2013,MADHYA PRADESH,KHANDWA,0.0,0.0,0.0,4150000000
2013281N12098,PHAILIN,2013,MADHYA PRADESH,KHARGONE,0.0,0.0,0.0,4150000000
2013281N12098,PHAILIN,2013,MADHYA PRADESH,MAIHAR,0.0,0.0,0.0,4150000000
2013281N12098,PHAILIN,2013,MADHYA PRADESH,MANDLA,0.0,0.0,0.0,4150000000
2013281N12098,PHAILIN,2013,MADHYA PRADESH,MANDSAUR,0.0,0.0,0.0,4150000000
2013281N12098,PHAILIN,2013,MADHYA PRADESH,MAUGANJ,0.0,0.0,0.0,4150000000
2013281N12098,PHAILIN,2013,MADHYA PRADESH,MORENA,0.0,0.0,0.0,4150000000
2013281N12098,PHAILIN,2013,MADHYA PRADESH,NARMADAPURAM,0.0,0.0,0.0,4150000000
2013281N12098,PHAILIN,2013,MADHYA PRADESH,NARSINGHPUR,0.0,0.0,0.0,4150000000
2013281N12098,PHAILIN,2013,MADHYA PRADESH,NEEMUCH,0.0,0.0,0.0,4150000000
2013281N12098,PHAILIN,2013,MADHYA PRADESH,NIWARI,0.0,0.0,0.0,4150000000
2013281N12098,PHAILIN,2013,MADHYA PRADESH,PANDHURNA,0.0,0.0,0.0,4150000000
2013281N12098,PHAILIN,2013,MADHYA PRADESH,PANNA,0.0,0.0,0.0,4150000000
2013281N12098,PHAILIN,2013,MADHYA PRADESH,RAISEN,0.0,0.0,0.0,4150000000
2013281N12098,PHAILIN,2013,MADHYA PRADESH,RAJGARH,0.0,0.0,0.0,4150000000
2013281N12098,PHAILIN,2013,MADHYA PRADESH,RATLAM,0.0,0.0,0.0,4150000000
2013281N12098,PHAILIN,2013,MADHYA PRADESH,REWA,0.0,0.0,0.0,4150000000
2013281N12098,PHAILIN,2013,MADHYA PRADESH,SAGAR,0.0,0.0,0.0,4150000000
2013281N12098,PHAILIN,2013,MADHYA PRADESH,SATNA,0.0,0.0,0.0,4150000000
2013281N12098,PHAILIN,2013,MADHYA PRADESH,SEHORE,0.0,0.0,0.0,4150000000
2013281N12098,PHAILIN,2013,MADHYA PRADESH,SEONI,0.0,0.0,0.0,4150000000
2013281N12098,PHAILIN,2013,MADHYA PRADESH,SHAHDOL,0.0,0.0,0.0,4150000000
2013281N12098,PHAILIN,2013,MADHYA PRADESH,SHAJAPUR,0.0,0.0,0.0,4150000000
2013281N12098,PHAILIN,2013,MADHYA PRADESH,SHEOPUR,0.0,0.0,0.0,4150000000
2013281N12098,PHAILIN,2013,MADHYA PRADESH,SHIVPURI,0.0,0.0,0.0,4150000000
2013281N12098,PHAILIN,2013,MADHYA PRADESH,SINGRAULI,0.0,0.0,0.0,4150000000
2013281N12098,PHAILIN,2013,MADHYA PRADESH,TIKAMGARH,0.0,0.0,0.0,4150000000
2013281N12098,PHAILIN,2013,MADHYA PRADESH,UJJAIN,0.0,0.0,0.0,4150000000
2013281N12098,PHAILIN,2013,MADHYA PRADESH,UMARIA,0.0,0.0,0.0,4150000000
2013281N12098,PHAILIN,2013,MADHYA PRADESH,VIDISHA,0.0,0.0,0.0,4150000000
2013281N12098,PHAILIN,2013,MAHARASHTRA,AHMEDNAGAR,0.0,0.0,0.0,4150000000
2013281N12098,PHAILIN,2013,MAHARASHTRA,BEED,0.0,0.0,0.0,4150000000
2013281N12098,PHAILIN,2013,MAHARASHTRA,BHANDARA,0.0,0.0,0.0,4150000000
2013281N12098,PHAILIN,2013,MAHARASHTRA,CHANDRAPUR,0.0,0.0,0.0,4150000000
2013281N12098,PHAILIN,2013,MAHARASHTRA,DHULE,0.0,0.0,0.0,4150000000
2013281N12098,PHAILIN,2013,MAHARASHTRA,GADCHIROLI,0.0,0.0,0.0,4150000000
2013281N12098,PHAILIN,2013,MAHARASHTRA,GONDIA,0.0,0.0,0.0,4150000000
2013281N12098,PHAILIN,2013,MAHARASHTRA,HINGOLI,0.0,0.0,0.0,4150000000
2013281N12098,PHAILIN,2013,MAHARASHTRA,JALGAON,0.0,0.0,0.0,4150000000
2013281N12098,PHAILIN,2013,MAHARASHTRA,KOLHAPUR,0.0,0.0,0.0,4150000000
2013281N12098,PHAILIN,2013,MAHARASHTRA,LATUR,0.0,0.0,0.0,4150000000
2013281N12098,PHAILIN,2013,MAHARASHTRA,MUMBAI,0.0,0.0,0.0,4150000000
2013281N12098,PHAILIN,2013,MAHARASHTRA,NAGPUR,0.0,0.0,0.0,4150000000
2013281N12098,PHAILIN,2013,MAHARASHTRA,NANDED,0.0,0.0,0.0,4150000000
2013281N12098,PHAILIN,2013,MAHARASHTRA,NASHIK,0.0,0.0,0.0,4150000000
2013281N12098,PHAILIN,2013,MAHARASHTRA,NANDURBAR,0.0,0.0,0.0,4150000000
2013281N12098,PHAILIN,2013,MAHARASHTRA,PALGHAR,0.0,0.0,0.0,4150000000
2013281N12098,PHAILIN,2013,MAHARASHTRA,PUNE,0.0,0.0,0.0,4150000000
2013281N12098,PHAILIN,2013,MAHARASHTRA,RATNAGIRI,0.0,0.0,0.0,4150000000
2013281N12098,PHAILIN,2013,MAHARASHTRA,SANGLI,0.0,0.0,0.0,4150000000
2013281N12098,PHAILIN,2013,MAHARASHTRA,SATARA,0.0,0.0,0.0,4150000000
2013281N12098,PHAILIN,2013,MAHARASHTRA,SINDHUDURG,0.0,0.0,0.0,4150000000
2013281N12098,PHAILIN,2013,MAHARASHTRA,SOLAPUR,0.0,0.0,0.0,4150000000
2013281N12098,PHAILIN,2013,MAHARASHTRA,MUMBAI SUBURBAN,0.0,0.0,0.0,4150000000
2013281N12098,PHAILIN,2013,MAHARASHTRA,THANE,0.0,0.0,0.0,4150000000
2013281N12098,PHAILIN,2013,MAHARASHTRA,DHARASHIV,0.0,0.0,0.0,4150000000
2013281N12098,PHAILIN,2013,MAHARASHTRA,WASHIM,0.0,0.0,0.0,4150000000
2013281N12098,PHAILIN,2013,MAHARASHTRA,WARDHA,0.0,0.0,0.0,4150000000
2013281N12098,PHAILIN,2013,MAHARASHTRA,YAVATMAL,0.0,0.0,0.0,4150000000
2013281N12098,PHAILIN,2013,MAHARASHTRA,AKOLA,0.0,0.0,0.0,4150000000
2013281N12098,PHAILIN,2013,MAHARASHTRA,AMRAVATI,0.0,0.0,0.0,4150000000
2013281N12098,PHAILIN,2013,MAHARASHTRA,BULDHANA,0.0,0.0,0.0,4150000000
2013281N12098,PHAILIN,2013,MAHARASHTRA,PARBHANI,0.0,0.0,0.0,4150000000
2013281N12098,PHAILIN,2013,MAHARASHTRA,JALNA,0.0,0.0,0.0,4150000000
2013281N12098,PHAILIN,2013,MAHARASHTRA,CHHATRAPATI SAMBHAJINAGAR,0.0,0.0,0.0,4150000000
2013281N12098,PHAILIN,2013,MANIPUR,BISHNUPUR,0.0,0.0,0.0,4150000000
2013281N12098,PHAILIN,2013,MANIPUR,CHANDEL,0.0,0.0,0.0,4150000000
2013281N12098,PHAILIN,2013,MANIPUR,CHURACHANDPUR,0.0,0.0,0.0,4150000000
2013281N12098,PHAILIN,2013,MANIPUR,IMPHAL EAST,0.0,0.0,0.0,4150000000
2013281N12098,PHAILIN,2013,MANIPUR,IMPHAL WEST,0.0,0.0,0.0,4150000000
2013281N12098,PHAILIN,2013,MANIPUR,JIRIBAM,0.0,0.0,0.0,4150000000
2013281N12098,PHAILIN,2013,MANIPUR,KAKCHING,0.0,0.0,0.0,4150000000
2013281N12098,PHAILIN,2013,MANIPUR,KAMJANG,0.0,0.0,0.0,4150000000
2013281N12098,PHAILIN,2013,MANIPUR,KANGPOKPI,0.0,0.0,0.0,4150000000
2013281N12098,PHAILIN,2013,MANIPUR,NONEY,0.0,0.0,0.0,4150000000
2013281N12098,PHAILIN,2013,MANIPUR,PHERZAWL,0.0,0.0,0.0,4150000000
2013281N12098,PHAILIN,2013,MANIPUR,SENAPATI,0.0,0.0,0.0,4150000000
2013281N12098,PHAILIN,2013,MANIPUR,TAMENGLONG,0.0,0.0,0.0,4150000000
2013281N12098,PHAILIN,2013,MANIPUR,TENGNOUPAL,0.0,0.0,0.0,4150000000
2013281N12098,PHAILIN,2013,MANIPUR,THOUBAL,0.0,0.0,0.0,4150000000
2013281N12098,PHAILIN,2013,MANIPUR,UKHRUL,0.0,0.0,0.0,4150000000
2013281N12098,PHAILIN,2013,MEGHALAYA,EAST G>RO HILLS,0.0,0.0,0.0,4150000000
2013281N12098,PHAILIN,2013,MEGHALAYA,EAST JAINTIA HILLS,0.0,0.0,0.0,4150000000
2013281N12098,PHAILIN,2013,MEGHALAYA,EAST KH>SI HILLS,0.0,0.0,0.0,4150000000
2013281N12098,PHAILIN,2013,MEGHALAYA,NORTH G>RO HILLS,0.0,0.0,0.0,4150000000
2013281N12098,PHAILIN,2013,MEGHALAYA,RI-BHOI,0.0,0.0,0.0,4150000000
2013281N12098,PHAILIN,2013,MEGHALAYA,SOUTH G>RO HILLS,0.0,0.0,0.0,4150000000
2013281N12098,PHAILIN,2013,MEGHALAYA,SOUTH WEST G>RO HILLS,0.0,0.0,0.0,4150000000
2013281N12098,PHAILIN,2013,MEGHALAYA,WEST G>RO HILLS,0.0,0.0,0.0,4150000000
2013281N12098,PHAILIN,2013,MEGHALAYA,WEST JAINTIA HILLS,0.0,0.0,0.0,4150000000
2013281N12098,PHAILIN,2013,MEGHALAYA,SOUTH WEST KH>SI HILLS,0.0,0.0,0.0,4150000000
2013281N12098,PHAILIN,2013,MEGHALAYA,EASTERN WEST KHASI HILLS,0.0,0.0,0.0,4150000000
2013281N12098,PHAILIN,2013,MEGHALAYA,WEST KHASI HILLS,0.0,0.0,0.0,4150000000
2013281N12098,PHAILIN,2013,MIZORAM,CHAMPHAI,0.0,0.0,0.0,4150000000
2013281N12098,PHAILIN,2013,MIZORAM,HNAHTHIAL,0.0,0.0,0.0,4150000000
2013281N12098,PHAILIN,2013,MIZORAM,SERCHHIP,0.0,0.0,0.0,4150000000
2013281N12098,PHAILIN,2013,MIZORAM,LUNGLEI,0.0,0.0,0.0,4150000000
2013281N12098,PHAILIN,2013,MIZORAM,MAMIT,0.0,0.0,0.0,4150000000
2013281N12098,PHAILIN,2013,MIZORAM,KOLASIB,0.0,0.0,0.0,4150000000
2013281N12098,PHAILIN,2013,MIZORAM,AIZAWL,0.0,0.0,0.0,4150000000
2013281N12098,PHAILIN,2013,MIZORAM,SAIHA,0.0,0.0,0.0,4150000000
2013281N12098,PHAILIN,2013,MIZORAM,SAITUAL,0.0,0.0,0.0,4150000000
2013281N12098,PHAILIN,2013,MIZORAM,LAWNGTLAI,0.0,0.0,0.0,4150000000
2013281N12098,PHAILIN,2013,NAGALAND,LONGLENG,0.0,0.0,0.0,4150000000
2013281N12098,PHAILIN,2013,NAGALAND,TUENSANG,0.0,0.0,0.0,4150000000
2013281N12098,PHAILIN,2013,NAGALAND,SHAMATOR,0.0,0.0,0.0,4150000000
2013281N12098,PHAILIN,2013,NAGALAND,DIMAPUR,0.0,0.0,0.0,4150000000
2013281N12098,PHAILIN,2013,NAGALAND,CHUMOUKEDIMA,0.0,0.0,0.0,4150000000
2013281N12098,PHAILIN,2013,NAGALAND,NIULAND,0.0,0.0,0.0,4150000000
2013281N12098,PHAILIN,2013,NAGALAND,PEREN,0.0,0.0,0.0,4150000000
2013281N12098,PHAILIN,2013,NAGALAND,KOHIMA,0.0,0.0,0.0,4150000000
2013281N12098,PHAILIN,2013,NAGALAND,MON,0.0,0.0,0.0,4150000000
2013281N12098,PHAILIN,2013,NAGALAND,KIPHIRE,0.0,0.0,0.0,4150000000
2013281N12098,PHAILIN,2013,NAGALAND,PHEK,0.0,0.0,0.0,4150000000
2013281N12098,PHAILIN,2013,NAGALAND,MOKOKCHUNG,0.0,0.0,0.0,4150000000
2013281N12098,PHAILIN,2013,NAGALAND,ZUNHEBOTO,0.0,0.0,0.0,4150000000
2013281N12098,PHAILIN,2013,NAGALAND,WOKHA,0.0,0.0,0.0,4150000000
2013281N12098,PHAILIN,2013,NAGALAND,TSEMINYU,0.0,0.0,0.0,4150000000
2013281N12098,PHAILIN,2013,NAGALAND,NOKLAK,0.0,0.0,0.0,4150000000
2013281N12098,PHAILIN,2013,PUDUCHERRY,KARAIKAL,0.0,0.0,0.0,4150000000
2013281N12098,PHAILIN,2013,PUDUCHERRY,MAHE,0.0,0.0,0.0,4150000000
2013281N12098,PHAILIN,2013,PUDUCHERRY,PUDUCHERRY,0.0,0.0,0.0,4150000000
2013281N12098,PHAILIN,2013,PUNJAB,FIROZPUR,0.0,0.0,0.0,4150000000
2013281N12098,PHAILIN,2013,PUNJAB,LUDHIANA,0.0,0.0,0.0,4150000000
2013281N12098,PHAILIN,2013,PUNJAB,RUPNAGAR,0.0,0.0,0.0,4150000000
2013281N12098,PHAILIN,2013,PUNJAB,MANSA,0.0,0.0,0.0,4150000000
2013281N12098,PHAILIN,2013,PUNJAB,SRI MUKTSAR SAHIB,0.0,0.0,0.0,4150000000
2013281N12098,PHAILIN,2013,PUNJAB,SAS NAGAR (SAHIBZADA AJIT SINGH NAGAR),0.0,0.0,0.0,4150000000
2013281N12098,PHAILIN,2013,PUNJAB,JALANDHAR,0.0,0.0,0.0,4150000000
2013281N12098,PHAILIN,2013,PUNJAB,PATHANKOT,0.0,0.0,0.0,4150000000
2013281N12098,PHAILIN,2013,PUNJAB,FARIDKOT,0.0,0.0,0.0,4150000000
2013281N12098,PHAILIN,2013,PUNJAB,MOGA,0.0,0.0,0.0,4150000000
2013281N12098,PHAILIN,2013,PUNJAB,HOSHIARPUR,0.0,0.0,0.0,4150000000
2013281N12098,PHAILIN,2013,PUNJAB,BATHINDA,0.0,0.0,0.0,4150000000
2013281N12098,PHAILIN,2013,PUNJAB,TARN TARAN,0.0,0.0,0.0,4150000000
2013281N12098,PHAILIN,2013,PUNJAB,FAZILKA,0.0,0.0,0.0,4150000000
2013281N12098,PHAILIN,2013,PUNJAB,PATIALA,0.0,0.0,0.0,4150000000
2013281N12098,PHAILIN,2013,PUNJAB,SHAHID BHAGAT SINGH NAGAR,0.0,0.0,0.0,4150000000
2013281N12098,PHAILIN,2013,PUNJAB,BARNALA,0.0,0.0,0.0,4150000000
2013281N12098,PHAILIN,2013,PUNJAB,GURDASPUR,0.0,0.0,0.0,4150000000
2013281N12098,PHAILIN,2013,PUNJAB,KAPURTHALA,0.0,0.0,0.0,4150000000
2013281N12098,PHAILIN,2013,PUNJAB,FATEHGARH SAHIB,0.0,0.0,0.0,4150000000
2013281N12098,PHAILIN,2013,PUNJAB,AMRITSAR,0.0,0.0,0.0,4150000000
2013281N12098,PHAILIN,2013,PUNJAB,MALER KOTLA,0.0,0.0,0.0,4150000000
2013281N12098,PHAILIN,2013,PUNJAB,SANGRUR,0.0,0.0,0.0,4150000000
2013281N12098,PHAILIN,2013,RAJASTHAN,AJMER,0.0,0.0,0.0,4150000000
2013281N12098,PHAILIN,2013,RAJASTHAN,ALWAR,0.0,0.0,0.0,4150000000
2013281N12098,PHAILIN,2013,RAJASTHAN,ANOOPGARH,0.0,0.0,0.0,4150000000
2013281N12098,PHAILIN,2013,RAJASTHAN,BALOTRA,0.0,0.0,0.0,4150000000
2013281N12098,PHAILIN,2013,RAJASTHAN,BANSWARA,0.0,0.0,0.0,4150000000
2013281N12098,PHAILIN,2013,RAJASTHAN,BARAN,0.0,0.0,0.0,4150000000
2013281N12098,PHAILIN,2013,RAJASTHAN,BARMER,0.0,0.0,0.0,4150000000
2013281N12098,PHAILIN,2013,RAJASTHAN,BEAWAR,0.0,0.0,0.0,4150000000
2013281N12098,PHAILIN,2013,RAJASTHAN,BHARATPUR,0.0,0.0,0.0,4150000000
2013281N12098,PHAILIN,2013,RAJASTHAN,BHILWARA,0.0,0.0,0.0,4150000000
2013281N12098,PHAILIN,2013,RAJASTHAN,BIKANER,0.0,0.0,0.0,4150000000
2013281N12098,PHAILIN,2013,RAJASTHAN,BUNDI,0.0,0.0,0.0,4150000000
2013281N12098,PHAILIN,2013,RAJASTHAN,CHITTAURGARH,0.0,0.0,0.0,4150000000
2013281N12098,PHAILIN,2013,RAJASTHAN,CHURU,0.0,0.0,0.0,4150000000
2013281N12098,PHAILIN,2013,RAJASTHAN,DAUSA,0.0,0.0,0.0,4150000000
2013281N12098,PHAILIN,2013,RAJASTHAN,DEEG,0.0,0.0,0.0,4150000000
2013281N12098,PHAILIN,2013,RAJASTHAN,DHAULPUR,0.0,0.0,0.0,4150000000
2013281N12098,PHAILIN,2013,RAJASTHAN,DIDWANA-KUCHAMAN,0.0,0.0,0.0,4150000000
2013281N12098,PHAILIN,2013,RAJASTHAN,DUDU,0.0,0.0,0.0,4150000000
2013281N12098,PHAILIN,2013,RAJASTHAN,DUNGARPUR,0.0,0.0,0.0,4150000000
2013281N12098,PHAILIN,2013,RAJASTHAN,GANGANAGAR,0.0,0.0,0.0,4150000000
2013281N12098,PHAILIN,2013,RAJASTHAN,GANGAPURCITY,0.0,0.0,0.0,4150000000
2013281N12098,PHAILIN,2013,RAJASTHAN,HANUMANGARH,0.0,0.0,0.0,4150000000
2013281N12098,PHAILIN,2013,RAJASTHAN,JAIPUR,0.0,0.0,0.0,4150000000
2013281N12098,PHAILIN,2013,RAJASTHAN,JAIPUR(GRAMIN),0.0,0.0,0.0,4150000000
2013281N12098,PHAILIN,2013,RAJASTHAN,JAISALMER,0.0,0.0,0.0,4150000000
2013281N12098,PHAILIN,2013,RAJASTHAN,JALOR,0.0,0.0,0.0,4150000000
2013281N12098,PHAILIN,2013,RAJASTHAN,JHALAWAR,0.0,0.0,0.0,4150000000
2013281N12098,PHAILIN,2013,RAJASTHAN,JHUNJHUNUN,0.0,0.0,0.0,4150000000
2013281N12098,PHAILIN,2013,RAJASTHAN,JODHPUR,0.0,0.0,0.0,4150000000
2013281N12098,PHAILIN,2013,RAJASTHAN,JODHPUR GRAMIN,0.0,0.0,0.0,4150000000
2013281N12098,PHAILIN,2013,RAJASTHAN,KARAULI,0.0,0.0,0.0,4150000000
2013281N12098,PHAILIN,2013,RAJASTHAN,KEKRI,0.0,0.0,0.0,4150000000
2013281N12098,PHAILIN,2013,RAJASTHAN,KHAIRTHAL-TIJARA,0.0,0.0,0.0,4150000000
2013281N12098,PHAILIN,2013,RAJASTHAN,KOTA,0.0,0.0,0.0,4150000000
2013281N12098,PHAILIN,2013,RAJASTHAN,KOTPUTLI-BEHROR,0.0,0.0,0.0,4150000000
2013281N12098,PHAILIN,2013,RAJASTHAN,NAGAUR,0.0,0.0,0.0,4150000000
2013281N12098,PHAILIN,2013,RAJASTHAN,NEEM-KA-THANA,0.0,0.0,0.0,4150000000
2013281N12098,PHAILIN,2013,RAJASTHAN,PALI,0.0,0.0,0.0,4150000000
2013281N12098,PHAILIN,2013,RAJASTHAN,PHALODI,0.0,0.0,0.0,4150000000
2013281N12098,PHAILIN,2013,RAJASTHAN,PRATAPGARH,0.0,0.0,0.0,4150000000
2013281N12098,PHAILIN,2013,RAJASTHAN,RAJSAMAND,0.0,0.0,0.0,4150000000
2013281N12098,PHAILIN,2013,RAJASTHAN,SALUMBAR,0.0,0.0,0.0,4150000000
2013281N12098,PHAILIN,2013,RAJASTHAN,SANCHORE,0.0,0.0,0.0,4150000000
2013281N12098,PHAILIN,2013,RAJASTHAN,SAWAI MADHOPUR,0.0,0.0,0.0,4150000000
2013281N12098,PHAILIN,2013,RAJASTHAN,SHAHPURA,0.0,0.0,0.0,4150000000
2013281N12098,PHAILIN,2013,RAJASTHAN,SIKAR,0.0,0.0,0.0,4150000000
2013281N12098,PHAILIN,2013,RAJASTHAN,SIROHI,0.0,0.0,0.0,4150000000
2013281N12098,PHAILIN,2013,RAJASTHAN,TONK,0.0,0.0,0.0,4150000000
2013281N12098,PHAILIN,2013,RAJASTHAN,UDAIPUR,0.0,0.0,0.0,4150000000
2013281N12098,PHAILIN,2013,SIKKIM,GYALSHING,0.0,0.0,0.0,4150000000
2013281N12098,PHAILIN,2013,SIKKIM,PAKYONG,0.0,0.0,0.0,4150000000
2013281N12098,PHAILIN,2013,SIKKIM,NAMCHI,0.0,0.0,0.0,4150000000
2013281N12098,PHAILIN,2013,SIKKIM,MANGAN,0.0,0.0,0.0,4150000000
2013281N12098,PHAILIN,2013,SIKKIM,GANGTOK,0.0,0.0,0.0,4150000000
2013281N12098,PHAILIN,2013,SIKKIM,SORENG,0.0,0.0,0.0,4150000000
2013281N12098,PHAILIN,2013,TAMIL NADU,ARIYALUR,0.0,0.0,0.0,4150000000
2013281N12098,PHAILIN,2013,TAMIL NADU,CHENGALPATTU,0.0,0.0,0.0,4150000000
2013281N12098,PHAILIN,2013,TAMIL NADU,CHENNAI,0.0,0.0,0.0,4150000000
2013281N12098,PHAILIN,2013,TAMIL NADU,COIMBATORE,0.0,0.0,0.0,4150000000
2013281N12098,PHAILIN,2013,TAMIL NADU,CUDDALORE,0.0,0.0,0.0,4150000000
2013281N12098,PHAILIN,2013,TAMIL NADU,DHARMAPURI,0.0,0.0,0.0,4150000000
2013281N12098,PHAILIN,2013,TAMIL NADU,DINDIGUL,0.0,0.0,0.0,4150000000
2013281N12098,PHAILIN,2013,TAMIL NADU,ERODE,0.0,0.0,0.0,4150000000
2013281N12098,PHAILIN,2013,TAMIL NADU,KALLAKKURICHI,0.0,0.0,0.0,4150000000
2013281N12098,PHAILIN,2013,TAMIL NADU,KANCHIPURAM,0.0,0.0,0.0,4150000000
2013281N12098,PHAILIN,2013,TAMIL NADU,KANNIYAKUMARI,0.0,0.0,0.0,4150000000
2013281N12098,PHAILIN,2013,TAMIL NADU,KARUR,0.0,0.0,0.0,4150000000
2013281N12098,PHAILIN,2013,TAMIL NADU,KRISHNAGIRI,0.0,0.0,0.0,4150000000
2013281N12098,PHAILIN,2013,TAMIL NADU,MADURAI,0.0,0.0,0.0,4150000000
2013281N12098,PHAILIN,2013,TAMIL NADU,MAYILADUTHURAI,0.0,0.0,0.0,4150000000
2013281N12098,PHAILIN,2013,TAMIL NADU,NAGAPATTINAM,0.0,0.0,0.0,4150000000
2013281N12098,PHAILIN,2013,TAMIL NADU,NAMAKKAL,0.0,0.0,0.0,4150000000
2013281N12098,PHAILIN,2013,TAMIL NADU,PERAMBALUR,0.0,0.0,0.0,4150000000
2013281N12098,PHAILIN,2013,TAMIL NADU,PUDUKKOTTAI,0.0,0.0,0.0,4150000000
2013281N12098,PHAILIN,2013,TAMIL NADU,RAMANATHAPURAM,0.0,0.0,0.0,4150000000
2013281N12098,PHAILIN,2013,TAMIL NADU,RANIPET,0.0,0.0,0.0,4150000000
2013281N12098,PHAILIN,2013,TAMIL NADU,SALEM,0.0,0.0,0.0,4150000000
2013281N12098,PHAILIN,2013,TAMIL NADU,SIVAGANGA,0.0,0.0,0.0,4150000000
2013281N12098,PHAILIN,2013,TAMIL NADU,TENKASI,0.0,0.0,0.0,4150000000
2013281N12098,PHAILIN,2013,TAMIL NADU,THANJAVUR,0.0,0.0,0.0,4150000000
2013281N12098,PHAILIN,2013,TAMIL NADU,THE NILGIRIS,0.0,0.0,0.0,4150000000
2013281N12098,PHAILIN,2013,TAMIL NADU,THENI,0.0,0.0,0.0,4150000000
2013281N12098,PHAILIN,2013,TAMIL NADU,THIRUVALLUR,0.0,0.0,0.0,4150000000
2013281N12098,PHAILIN,2013,TAMIL NADU,THIRUVARUR,0.0,0.0,0.0,4150000000
2013281N12098,PHAILIN,2013,TAMIL NADU,THOOTHUKUDI,0.0,0.0,0.0,4150000000
2013281N12098,PHAILIN,2013,TAMIL NADU,TIRUCHIRAPPALLI,0.0,0.0,0.0,4150000000
2013281N12098,PHAILIN,2013,TAMIL NADU,TIRUNELVELI,0.0,0.0,0.0,4150000000
2013281N12098,PHAILIN,2013,TAMIL NADU,TIRUPATHUR,0.0,0.0,0.0,4150000000
2013281N12098,PHAILIN,2013,TAMIL NADU,TIRUPPUR,0.0,0.0,0.0,4150000000
2013281N12098,PHAILIN,2013,TAMIL NADU,TIRUVANNAMALAI,0.0,0.0,0.0,4150000000
2013281N12098,PHAILIN,2013,TAMIL NADU,VELLORE,0.0,0.0,0.0,4150000000
2013281N12098,PHAILIN,2013,TAMIL NADU,VILUPPURAM,0.0,0.0,0.0,4150000000
2013281N12098,PHAILIN,2013,TAMIL NADU,VIRUDHUNAGAR,0.0,0.0,0.0,4150000000
2013281N12098,PHAILIN,2013,TELANGANA,ADILABAD,0.0,0.0,0.0,4150000000
2013281N12098,PHAILIN,2013,TELANGANA,BHADRADRI KOTHAGUDEM,0.0,0.0,0.0,4150000000
2013281N12098,PHAILIN,2013,TELANGANA,HANUMAKONDA,0.0,0.0,0.0,4150000000
2013281N12098,PHAILIN,2013,TELANGANA,HYDERABAD,0.0,0.0,0.0,4150000000
2013281N12098,PHAILIN,2013,TELANGANA,JAGTIAL,0.0,0.0,0.0,4150000000
2013281N12098,PHAILIN,2013,TELANGANA,JANGOAN,0.0,0.0,0.0,4150000000
2013281N12098,PHAILIN,2013,TELANGANA,JAYASHANKAR BHUPALPALLI,0.0,0.0,0.0,4150000000
2013281N12098,PHAILIN,2013,TELANGANA,JOGULAMBA GADWAL,0.0,0.0,0.0,4150000000
2013281N12098,PHAILIN,2013,TELANGANA,KAMAREDDY,0.0,0.0,0.0,4150000000
2013281N12098,PHAILIN,2013,TELANGANA,KARIMNAGAR,0.0,0.0,0.0,4150000000
2013281N12098,PHAILIN,2013,TELANGANA,KHAMMAM,0.0,0.0,0.0,4150000000
2013281N12098,PHAILIN,2013,TELANGANA,KOMARRAM BHEEM,0.0,0.0,0.0,4150000000
2013281N12098,PHAILIN,2013,TELANGANA,MAHABUBABAD,0.0,0.0,0.0,4150000000
2013281N12098,PHAILIN,2013,TELANGANA,MAHABUBNAGAR,0.0,0.0,0.0,4150000000
2013281N12098,PHAILIN,2013,TELANGANA,MANCHERIAL,0.0,0.0,0.0,4150000000
2013281N12098,PHAILIN,2013,TELANGANA,MEDAK,0.0,0.0,0.0,4150000000
2013281N12098,PHAILIN,2013,TELANGANA,MEDCHAL_MALKAJGIRI,0.0,0.0,0.0,4150000000
2013281N12098,PHAILIN,2013,TELANGANA,MULUGU,0.0,0.0,0.0,4150000000
2013281N12098,PHAILIN,2013,TELANGANA,NAGARKURNOOL,0.0,0.0,0.0,4150000000
2013281N12098,PHAILIN,2013,TELANGANA,NALGONDA,0.0,0.0,0.0,4150000000
2013281N12098,PHAILIN,2013,TELANGANA,NARAYANPET,0.0,0.0,0.0,4150000000
2013281N12098,PHAILIN,2013,TELANGANA,NIRMAL,0.0,0.0,0.0,4150000000
2013281N12098,PHAILIN,2013,TELANGANA,NIZAMABAD,0.0,0.0,0.0,4150000000
2013281N12098,PHAILIN,2013,TELANGANA,PEDDAPALLI,0.0,0.0,0.0,4150000000
2013281N12098,PHAILIN,2013,TELANGANA,RAJANNA SIRCILLA,0.0,0.0,0.0,4150000000
2013281N12098,PHAILIN,2013,TELANGANA,RANGA REDDY,0.0,0.0,0.0,4150000000
2013281N12098,PHAILIN,2013,TELANGANA,SANGAREDDY,0.0,0.0,0.0,4150000000
2013281N12098,PHAILIN,2013,TELANGANA,SIDDIPET,0.0,0.0,0.0,4150000000
2013281N12098,PHAILIN,2013,TELANGANA,SURIYAPET,0.0,0.0,0.0,4150000000
2013281N12098,PHAILIN,2013,TELANGANA,VIKARABAD,0.0,0.0,0.0,4150000000
2013281N12098,PHAILIN,2013,TELANGANA,WANPARTI,0.0,0.0,0.0,4150000000
2013281N12098,PHAILIN,2013,TELANGANA,WARANGAL,0.0,0.0,0.0,4150000000
2013281N12098,PHAILIN,2013,TELANGANA,YADADRI BHUVANAGIRI,0.0,0.0,0.0,4150000000
2013281N12098,PHAILIN,2013,TRIPURA,SOUTH TRIPURA,0.0,0.0,0.0,4150000000
2013281N12098,PHAILIN,2013,TRIPURA,WEST TRIPURA,0.0,0.0,0.0,4150000000
2013281N12098,PHAILIN,2013,TRIPURA,DHALAI,0.0,0.0,0.0,4150000000
2013281N12098,PHAILIN,2013,TRIPURA,KHOWAI,0.0,0.0,0.0,4150000000
2013281N12098,PHAILIN,2013,TRIPURA,UNAKOTI,0.0,0.0,0.0,4150000000
2013281N12098,PHAILIN,2013,TRIPURA,NORTH TRIPURA,0.0,0.0,0.0,4150000000
2013281N12098,PHAILIN,2013,TRIPURA,SEPAHIJALA,0.0,0.0,0.0,4150000000
2013281N12098,PHAILIN,2013,TRIPURA,GOMTI,0.0,0.0,0.0,4150000000
2013281N12098,PHAILIN,2013,UTTARAKHAND,B>GESHWAR,0.0,0.0,0.0,4150000000
2013281N12098,PHAILIN,2013,UTTARAKHAND,CHAMP>WAT,0.0,0.0,0.0,4150000000
2013281N12098,PHAILIN,2013,UTTARAKHAND,HARIDW>R,0.0,0.0,0.0,4150000000
2013281N12098,PHAILIN,2013,UTTARAKHAND,NAINIT>L,0.0,0.0,0.0,4150000000
2013281N12098,PHAILIN,2013,UTTARAKHAND,PAURI GARHW>L,0.0,0.0,0.0,4150000000
2013281N12098,PHAILIN,2013,UTTARAKHAND,RUDRAPRAY>G,0.0,0.0,0.0,4150000000
2013281N12098,PHAILIN,2013,UTTARAKHAND,TEHRI GARHW>L,0.0,0.0,0.0,4150000000
2013281N12098,PHAILIN,2013,UTTARAKHAND,UDHAM SINGH NAGAR,0.0,0.0,0.0,4150000000
2013281N12098,PHAILIN,2013,UTTARAKHAND,CHAMOLI,0.0,0.0,0.0,4150000000
2013281N12098,PHAILIN,2013,UTTARAKHAND,PITHOR>GARH,0.0,0.0,0.0,4150000000
2013281N12098,PHAILIN,2013,UTTARAKHAND,UTTARK>SHI,0.0,0.0,0.0,4150000000
2013281N12098,PHAILIN,2013,WEST BENGAL,MURSHID>B>D,0.0,0.0,0.0,4150000000
2013281N12098,PHAILIN,2013,WEST BENGAL,SOUTH 24PARGANAS,0.0,0.0,0.0,4150000000
2013281N12098,PHAILIN,2013,WEST BENGAL,PURULIYA,0.0,0.0,0.0,4150000000
2013281N12098,PHAILIN,2013,WEST BENGAL,PASCHIM MEDIN|PUR,0.0,0.0,0.0,4150000000
2013281N12098,PHAILIN,2013,WEST BENGAL,PASCHIM BARDDHAM>N,0.0,0.0,0.0,4150000000
2013281N12098,PHAILIN,2013,WEST BENGAL,NORTH TWENTY-FOUR PARGANAS,0.0,0.0,0.0,4150000000
2013281N12098,PHAILIN,2013,WEST BENGAL,KOCH BIH>R,0.0,0.0,0.0,4150000000
2013281N12098,PHAILIN,2013,WEST BENGAL,JHARGRAM,0.0,0.0,0.0,4150000000
2013281N12098,PHAILIN,2013,WEST BENGAL,JALP>IGURI,0.0,0.0,0.0,4150000000
2013281N12098,PHAILIN,2013,WEST BENGAL,HUGLI,0.0,0.0,0.0,4150000000
2013281N12098,PHAILIN,2013,WEST BENGAL,B>NKURA,0.0,0.0,0.0,4150000000
2013281N12098,PHAILIN,2013,WEST BENGAL,>L|PUR DU>R,0.0,0.0,0.0,4150000000
2013281N12098,PHAILIN,2013,WEST BENGAL,UTTAR DIN>JPUR,0.0,0.0,0.0,4150000000
2013281N12098,PHAILIN,2013,WEST BENGAL,PURBA MEDIN|PUR,0.0,0.0,0.0,4150000000
2013281N12098,PHAILIN,2013,WEST BENGAL,PURBA BARDDHAM>N,0.0,0.0,0.0,4150000000
2013281N12098,PHAILIN,2013,WEST BENGAL,NADIA,0.0,0.0,0.0,4150000000
2013281N12098,PHAILIN,2013,WEST BENGAL,M>LDAH,0.0,0.0,0.0,4150000000
2013281N12098,PHAILIN,2013,WEST BENGAL,K>LIMPONG,0.0,0.0,0.0,4150000000
2013281N12098,PHAILIN,2013,WEST BENGAL,H>ORA,0.0,0.0,0.0,4150000000
2013281N12098,PHAILIN,2013,WEST BENGAL,D>RJILING,0.0,0.0,0.0,4150000000
2013281N12098,PHAILIN,2013,WEST BENGAL,DAKSHIN DIN>JPUR,0.0,0.0,0.0,4150000000
2013281N12098,PHAILIN,2013,WEST BENGAL,B|RBH@M,0.0,0.0,0.0,4150000000
2013281N12098,PHAILIN,2013,WEST BENGAL,P@RBA MEDIN|PUR,0.0,0.0,0.0,4150000000
2013281N12098,PHAILIN,2013,KARNATAKA,UDUPI,0.0,0.0,0.0,4150000000
2013281N12098,PHAILIN,2013,ODISHA,KENDRAPARA,0.0,0.0,0.0,4150000000
2013281N12098,PHAILIN,2013,ODISHA,BHADRAK,0.0,0.0,0.0,4150000000
2013281N12098,PHAILIN,2013,ODISHA,BARGARH,0.0,0.0,0.0,4150000000
2013281N12098,PHAILIN,2013,ODISHA,KEONJHAR (KENDUJHAR),0.0,0.0,0.0,4150000000
2013281N12098,PHAILIN,2013,ODISHA,ANUGUL,2119941.511300925,0.0920299903703645,381924460.03701305,4150000000
2013281N12098,PHAILIN,2013,ODISHA,BALANGIR,0.0,0.0,0.0,4150000000
2013281N12098,PHAILIN,2013,ODISHA,BALASORE,0.0,0.0,0.0,4150000000
2013281N12098,PHAILIN,2013,ODISHA,DHENKANAL,0.0,0.0,0.0,4150000000
2013281N12098,PHAILIN,2013,ODISHA,JHARSUGUDA,0.0,0.0,0.0,4150000000
2013281N12098,PHAILIN,2013,ODISHA,MAYURBHANJ,0.0,0.0,0.0,4150000000
2013281N12098,PHAILIN,2013,ODISHA,JAGATSINGHPUR,0.0,0.0,0.0,4150000000
2013281N12098,PHAILIN,2013,ODISHA,KANDHAMAL,8254217.1625484945,0.0037691575566089,15642003.859927038,4150000000
2013281N12098,PHAILIN,2013,ODISHA,CUTTACK,158769.0133368477,0.198125196369689,822219564.9342095,4150000000
2013281N12098,PHAILIN,2013,ODISHA,KORAPUT,0.0,0.0,0.0,4150000000
2013281N12098,PHAILIN,2013,ODISHA,NABARANGAPUR,0.0,0.0,0.0,4150000000
2013281N12098,PHAILIN,2013,ODISHA,PURI,35455599.800319575,0.0843498022516282,350051679.3442571,4150000000
2013281N12098,PHAILIN,2013,ODISHA,SAMBALPUR,0.0,0.0,0.0,4150000000
2013281N12098,PHAILIN,2013,ODISHA,GAJAPATI,1061029.0014574083,0.0025737504777549,10681064.482682887,4150000000
2013281N12098,PHAILIN,2013,ODISHA,GANJAM,2919298864.488265,0.2180194787209156,904780836.6918,4150000000
2013281N12098,PHAILIN,2013,ODISHA,MALKANGIRI,0.0,0.0,0.0,4150000000
2013281N12098,PHAILIN,2013,ODISHA,KHORDHA,37748375.95303893,0.3404884750907213,1413027171.6264932,4150000000
2013281N12098,PHAILIN,2013,ODISHA,BOUDH,0.0,0.0,0.0,4150000000
2013281N12098,PHAILIN,2013,ODISHA,DEOGARH,0.0,0.0,0.0,4150000000
2013281N12098,PHAILIN,2013,ODISHA,NUAPARHA,0.0,0.0,0.0,4150000000
2013281N12098,PHAILIN,2013,ODISHA,JAJAPUR,0.0,0.0,0.0,4150000000
2013281N12098,PHAILIN,2013,ODISHA,SUNDARGARH,0.0,0.0,0.0,4150000000
2013281N12098,PHAILIN,2013,ODISHA,KALAHANDI,0.0,0.0,0.0,4150000000
2013281N12098,PHAILIN,2013,ODISHA,SUBARNAPUR,0.0,0.0,0.0,4150000000
2013281N12098,PHAILIN,2013,ODISHA,RAYAGARHA,0.0,0.0,0.0,4150000000
2013281N12098,PHAILIN,2013,ODISHA,NAYAGARH,15033208.026902732,0.0137552064933814,57084106.94753287,4150000000
2013281N12098,PHAILIN,2013,CHANDIGARH,CHANDIGARH,0.0,0.0,0.0,4150000000
2013281N12098,PHAILIN,2013,UTTARAKHAND,ALMORA,0.0,0.0,0.0,4150000000
2013281N12098,PHAILIN,2013,UTTARAKHAND,DEHRAD@N,0.0,0.0,0.0,4150000000
2013281N12098,PHAILIN,2013,KARNATAKA,TUMAK#RU,0.0,0.0,0.0,4150000000
2013281N12098,PHAILIN,2013,KARNATAKA,B\DAR,0.0,0.0,0.0,4150000000
2013281N12098,PHAILIN,2013,MADHYA PRADESH,SIDHI,0.0,0.0,0.0,4150000000
2013281N12098,PHAILIN,2013,KARNATAKA,KODAGU,0.0,0.0,0.0,4150000000
2013281N12098,PHAILIN,2013,MADHYA PRADESH,DATIA,0.0,0.0,0.0,4150000000
2013281N12098,PHAILIN,2013,UTTAR PRADESH,AGRA,0.0,0.0,0.0,4150000000
2013281N12098,PHAILIN,2013,UTTAR PRADESH,ALIGARH,0.0,0.0,0.0,4150000000
2013281N12098,PHAILIN,2013,UTTAR PRADESH,AMBEDKAR NAGAR,0.0,0.0,0.0,4150000000
2013281N12098,PHAILIN,2013,UTTAR PRADESH,AMETHI,0.0,0.0,0.0,4150000000
2013281N12098,PHAILIN,2013,UTTAR PRADESH,AMROHA,0.0,0.0,0.0,4150000000
2013281N12098,PHAILIN,2013,UTTAR PRADESH,AURAIYA,0.0,0.0,0.0,4150000000
2013281N12098,PHAILIN,2013,UTTAR PRADESH,AYODHYA,0.0,0.0,0.0,4150000000
2013281N12098,PHAILIN,2013,UTTAR PRADESH,AZAMGARH,0.0,0.0,0.0,4150000000
2013281N12098,PHAILIN,2013,UTTAR PRADESH,BAGHPAT,0.0,0.0,0.0,4150000000
2013281N12098,PHAILIN,2013,UTTAR PRADESH,BAHRAICH,0.0,0.0,0.0,4150000000
2013281N12098,PHAILIN,2013,UTTAR PRADESH,BALLIA,0.0,0.0,0.0,4150000000
2013281N12098,PHAILIN,2013,UTTAR PRADESH,BARA BANKI,0.0,0.0,0.0,4150000000
2013281N12098,PHAILIN,2013,UTTAR PRADESH,BAREILLY,0.0,0.0,0.0,4150000000
2013281N12098,PHAILIN,2013,UTTAR PRADESH,BASTI,0.0,0.0,0.0,4150000000
2013281N12098,PHAILIN,2013,UTTAR PRADESH,BHADOHI,0.0,0.0,0.0,4150000000
2013281N12098,PHAILIN,2013,UTTAR PRADESH,BIJNOR,0.0,0.0,0.0,4150000000
2013281N12098,PHAILIN,2013,UTTAR PRADESH,BUDAUN,0.0,0.0,0.0,4150000000
2013281N12098,PHAILIN,2013,UTTAR PRADESH,BULANDSHAHR,0.0,0.0,0.0,4150000000
2013281N12098,PHAILIN,2013,UTTAR PRADESH,CHANDAULI,0.0,0.0,0.0,4150000000
2013281N12098,PHAILIN,2013,UTTAR PRADESH,CHITRAKOOT,0.0,0.0,0.0,4150000000
2013281N12098,PHAILIN,2013,UTTAR PRADESH,DEORIA,0.0,0.0,0.0,4150000000
2013281N12098,PHAILIN,2013,UTTAR PRADESH,ETAH,0.0,0.0,0.0,4150000000
2013281N12098,PHAILIN,2013,UTTAR PRADESH,ETAWAH,0.0,0.0,0.0,4150000000
2013281N12098,PHAILIN,2013,UTTAR PRADESH,FARRUKHABAD,0.0,0.0,0.0,4150000000
2013281N12098,PHAILIN,2013,UTTAR PRADESH,FATEHPUR,0.0,0.0,0.0,4150000000
2013281N12098,PHAILIN,2013,UTTAR PRADESH,FIROZABAD,0.0,0.0,0.0,4150000000
2013281N12098,PHAILIN,2013,UTTAR PRADESH,GAUTAM BUDDHA NAGAR,0.0,0.0,0.0,4150000000
2013281N12098,PHAILIN,2013,UTTAR PRADESH,GHAZIABAD,0.0,0.0,0.0,4150000000
2013281N12098,PHAILIN,2013,UTTAR PRADESH,GHAZIPUR,0.0,0.0,0.0,4150000000
2013281N12098,PHAILIN,2013,UTTAR PRADESH,GONDA,0.0,0.0,0.0,4150000000
2013281N12098,PHAILIN,2013,UTTAR PRADESH,GORAKHPUR,0.0,0.0,0.0,4150000000
2013281N12098,PHAILIN,2013,UTTAR PRADESH,HAMIRPUR,0.0,0.0,0.0,4150000000
2013281N12098,PHAILIN,2013,UTTAR PRADESH,HAPUR,0.0,0.0,0.0,4150000000
2013281N12098,PHAILIN,2013,UTTAR PRADESH,HARDOI,0.0,0.0,0.0,4150000000
2013281N12098,PHAILIN,2013,UTTAR PRADESH,HATHRAS,0.0,0.0,0.0,4150000000
2013281N12098,PHAILIN,2013,UTTAR PRADESH,JALAUN,0.0,0.0,0.0,4150000000
2013281N12098,PHAILIN,2013,UTTAR PRADESH,JAUNPUR,0.0,0.0,0.0,4150000000
2013281N12098,PHAILIN,2013,UTTAR PRADESH,JHANSI,0.0,0.0,0.0,4150000000
2013281N12098,PHAILIN,2013,UTTAR PRADESH,KANNAUJ,0.0,0.0,0.0,4150000000
2013281N12098,PHAILIN,2013,UTTAR PRADESH,KANPUR DEHAT,0.0,0.0,0.0,4150000000
2013281N12098,PHAILIN,2013,UTTAR PRADESH,KANPUR NAGAR,0.0,0.0,0.0,4150000000
2013281N12098,PHAILIN,2013,UTTAR PRADESH,KASGANJ,0.0,0.0,0.0,4150000000
2013281N12098,PHAILIN,2013,UTTAR PRADESH,KAUSHAMBI,0.0,0.0,0.0,4150000000
2013281N12098,PHAILIN,2013,UTTAR PRADESH,KHERI,0.0,0.0,0.0,4150000000
2013281N12098,PHAILIN,2013,UTTAR PRADESH,KUSHINAGAR,0.0,0.0,0.0,4150000000
2013281N12098,PHAILIN,2013,UTTAR PRADESH,LALITPUR,0.0,0.0,0.0,4150000000
2013281N12098,PHAILIN,2013,UTTAR PRADESH,LUCKNOW,0.0,0.0,0.0,4150000000
2013281N12098,PHAILIN,2013,UTTAR PRADESH,MAHOBA,0.0,0.0,0.0,4150000000
2013281N12098,PHAILIN,2013,UTTAR PRADESH,MAHRAJGANJ,0.0,0.0,0.0,4150000000
2013281N12098,PHAILIN,2013,UTTAR PRADESH,MAINPURI,0.0,0.0,0.0,4150000000
2013281N12098,PHAILIN,2013,UTTAR PRADESH,MATHURA,0.0,0.0,0.0,4150000000
2013281N12098,PHAILIN,2013,UTTAR PRADESH,MAU,0.0,0.0,0.0,4150000000
2013281N12098,PHAILIN,2013,UTTAR PRADESH,MEERUT,0.0,0.0,0.0,4150000000
2013281N12098,PHAILIN,2013,UTTAR PRADESH,MIRZAPUR,0.0,0.0,0.0,4150000000
2013281N12098,PHAILIN,2013,UTTAR PRADESH,MORADABAD,0.0,0.0,0.0,4150000000
2013281N12098,PHAILIN,2013,UTTAR PRADESH,MUZAFFARNAGAR,0.0,0.0,0.0,4150000000
2013281N12098,PHAILIN,2013,UTTAR PRADESH,PILIBHIT,0.0,0.0,0.0,4150000000
2013281N12098,PHAILIN,2013,UTTAR PRADESH,PRAYAGRAJ,0.0,0.0,0.0,4150000000
2013281N12098,PHAILIN,2013,UTTAR PRADESH,RAE BARELI,0.0,0.0,0.0,4150000000
2013281N12098,PHAILIN,2013,UTTAR PRADESH,RAMPUR,0.0,0.0,0.0,4150000000
2013281N12098,PHAILIN,2013,UTTAR PRADESH,SAHARANPUR,0.0,0.0,0.0,4150000000
2013281N12098,PHAILIN,2013,UTTAR PRADESH,SAMBHAL,0.0,0.0,0.0,4150000000
2013281N12098,PHAILIN,2013,UTTAR PRADESH,SANT KABIR NAGAR,0.0,0.0,0.0,4150000000
2013281N12098,PHAILIN,2013,UTTAR PRADESH,SHAHJAHANPUR,0.0,0.0,0.0,4150000000
2013281N12098,PHAILIN,2013,UTTAR PRADESH,SHAMLI,0.0,0.0,0.0,4150000000
2013281N12098,PHAILIN,2013,UTTAR PRADESH,SHRAWASTI,0.0,0.0,0.0,4150000000
2013281N12098,PHAILIN,2013,UTTAR PRADESH,SIDDHARTHNAGAR,0.0,0.0,0.0,4150000000
2013281N12098,PHAILIN,2013,UTTAR PRADESH,SITAPUR,0.0,0.0,0.0,4150000000
2013281N12098,PHAILIN,2013,UTTAR PRADESH,SONBHADRA,0.0,0.0,0.0,4150000000
2013281N12098,PHAILIN,2013,UTTAR PRADESH,SULTANPUR,0.0,0.0,0.0,4150000000
2013281N12098,PHAILIN,2013,UTTAR PRADESH,UNNAO,0.0,0.0,0.0,4150000000
2013281N12098,PHAILIN,2013,UTTAR PRADESH,VARANASI,0.0,0.0,0.0,4150000000
2013281N12098,PHAILIN,2013,UTTAR PRADESH,BANDA,0.0,0.0,0.0,4150000000
2013281N12098,PHAILIN,2013,WEST BENGAL,KOLK>TA,0.0,0.0,0.0,4150000000
2013281N12098,PHAILIN,2013,MIZORAM,KHAWZAWL,0.0,0.0,0.0,4150000000
2013281N12098,PHAILIN,2013,ARUNACHAL PRADESH,LOHIT,0.0,0.0,0.0,4150000000
2013281N12098,PHAILIN,2013,LAKSHADWEEP,LAKSHADWEEP,0.0,0.0,0.0,4150000000
2014279N11096,HUDHUD,2014,ANDHRA PRADESH,ALLURI SITHARAMA RAJU,15305244.795194536,0.0042980475519975,15043166.431991551,3500000000
2014279N11096,HUDHUD,2014,ANDHRA PRADESH,ANAKAPALLI,3192255823.853364,0.2006051308594615,702117958.0081152,3500000000
2014279N11096,HUDHUD,2014,ANDHRA PRADESH,ANANTHAPURAMU,0.0,0.0,0.0,3500000000
2014279N11096,HUDHUD,2014,ANDHRA PRADESH,ANNAMAYYA,0.0,0.0,0.0,3500000000
2014279N11096,HUDHUD,2014,ANDHRA PRADESH,BAPATLA,0.0,0.0,0.0,3500000000
2014279N11096,HUDHUD,2014,ANDHRA PRADESH,CHITTOOR,0.0,0.0,0.0,3500000000
2014279N11096,HUDHUD,2014,ANDHRA PRADESH,DR.B.R.AMBEDKAR KONASEEMA,0.0,0.0,0.0,3500000000
2014279N11096,HUDHUD,2014,ANDHRA PRADESH,EAST GODAVARI,0.0,0.0,0.0,3500000000
2014279N11096,HUDHUD,2014,ANDHRA PRADESH,ELURU,0.0,0.0,0.0,3500000000
2014279N11096,HUDHUD,2014,ANDHRA PRADESH,GUNTUR,0.0,0.0,0.0,3500000000
2014279N11096,HUDHUD,2014,ANDHRA PRADESH,KAKINADA,22405335.33000667,0.1440807227974461,504282529.7910616,3500000000
2014279N11096,HUDHUD,2014,ANDHRA PRADESH,KRISHNA,0.0,0.0,0.0,3500000000
2014279N11096,HUDHUD,2014,ANDHRA PRADESH,KURNOOL,0.0,0.0,0.0,3500000000
2014279N11096,HUDHUD,2014,ANDHRA PRADESH,NANDYAL,0.0,0.0,0.0,3500000000
2014279N11096,HUDHUD,2014,ANDHRA PRADESH,NTR,0.0,0.0,0.0,3500000000
2014279N11096,HUDHUD,2014,ANDHRA PRADESH,PALNADU,0.0,0.0,0.0,3500000000
2014279N11096,HUDHUD,2014,ANDHRA PRADESH,PARVATHIPURAM MANYAM,6742439.024951282,0.0047020467476029,16457163.616610285,3500000000
2014279N11096,HUDHUD,2014,ANDHRA PRADESH,PRAKASAM,0.0,0.0,0.0,3500000000
2014279N11096,HUDHUD,2014,ANDHRA PRADESH,SRI POTTI SRIRAMULU NELLORE,0.0,0.0,0.0,3500000000
2014279N11096,HUDHUD,2014,ANDHRA PRADESH,SRI SATHYA SAI,0.0,0.0,0.0,3500000000
2014279N11096,HUDHUD,2014,ANDHRA PRADESH,SRIKAKULAM,151185208.2951818,0.0584482776695848,204568971.8435469,3500000000
2014279N11096,HUDHUD,2014,ANDHRA PRADESH,TIRUPATI,0.0,0.0,0.0,3500000000
2014279N11096,HUDHUD,2014,ANDHRA PRADESH,VISAKHAPATNAM,8490362752.690896,0.4828993441824625,1690147704.6386187,3500000000
2014279N11096,HUDHUD,2014,ANDHRA PRADESH,VIZIANAGARAM,1018393921.711925,0.0807532060321132,282636221.1123963,3500000000
2014279N11096,HUDHUD,2014,ANDHRA PRADESH,WEST GODAVARI,0.0,0.0,0.0,3500000000
2014279N11096,HUDHUD,2014,PUDUCHERRY,YANAM,0.0,0.0,0.0,3500000000
2014279N11096,HUDHUD,2014,ANDHRA PRADESH,YSR KADAPA,0.0,0.0,0.0,3500000000
2014279N11096,HUDHUD,2014,ANDAMAN AND NICOBAR ISLANDS,NICOBARS,0.0,0.0,0.0,3500000000
2014279N11096,HUDHUD,2014,ANDAMAN AND NICOBAR ISLANDS,NORTH AND MIDDLE ANDAMAN,0.0,0.0,0.0,3500000000
2014279N11096,HUDHUD,2014,ANDAMAN AND NICOBAR ISLANDS,SOUTH ANDAMANS,0.0,0.0,0.0,3500000000
2014279N11096,HUDHUD,2014,ARUNACHAL PRADESH,>NJ>W,0.0,0.0,0.0,3500000000
2014279N11096,HUDHUD,2014,ARUNACHAL PRADESH,CH>NGL>NG,0.0,0.0,0.0,3500000000
2014279N11096,HUDHUD,2014,ARUNACHAL PRADESH,DIB>NG VALLEY,0.0,0.0,0.0,3500000000
2014279N11096,HUDHUD,2014,ARUNACHAL PRADESH,EAST KAMENG,0.0,0.0,0.0,3500000000
2014279N11096,HUDHUD,2014,ARUNACHAL PRADESH,EAST SIANG,0.0,0.0,0.0,3500000000
2014279N11096,HUDHUD,2014,ARUNACHAL PRADESH,KURUNG KUMEY,0.0,0.0,0.0,3500000000
2014279N11096,HUDHUD,2014,ARUNACHAL PRADESH,LOWER DIB>NG VALLEY,0.0,0.0,0.0,3500000000
2014279N11096,HUDHUD,2014,ARUNACHAL PRADESH,PAPUMPARE,0.0,0.0,0.0,3500000000
2014279N11096,HUDHUD,2014,ARUNACHAL PRADESH,TAWANG,0.0,0.0,0.0,3500000000
2014279N11096,HUDHUD,2014,ARUNACHAL PRADESH,TIR>P,0.0,0.0,0.0,3500000000
2014279N11096,HUDHUD,2014,ARUNACHAL PRADESH,UPPER SIANG,0.0,0.0,0.0,3500000000
2014279N11096,HUDHUD,2014,ARUNACHAL PRADESH,UPPER SUBANSIRI,0.0,0.0,0.0,3500000000
2014279N11096,HUDHUD,2014,ARUNACHAL PRADESH,WEST KAMENG,0.0,0.0,0.0,3500000000
2014279N11096,HUDHUD,2014,ARUNACHAL PRADESH,SHI YOMI,0.0,0.0,0.0,3500000000
2014279N11096,HUDHUD,2014,ARUNACHAL PRADESH,NAMSAI,0.0,0.0,0.0,3500000000
2014279N11096,HUDHUD,2014,ARUNACHAL PRADESH,WEST SIANG,0.0,0.0,0.0,3500000000
2014279N11096,HUDHUD,2014,ARUNACHAL PRADESH,SIANG,0.0,0.0,0.0,3500000000
2014279N11096,HUDHUD,2014,ARUNACHAL PRADESH,LONGDING,0.0,0.0,0.0,3500000000
2014279N11096,HUDHUD,2014,ARUNACHAL PRADESH,PAKKE KESSANG,0.0,0.0,0.0,3500000000
2014279N11096,HUDHUD,2014,ARUNACHAL PRADESH,LOWER SIANG,0.0,0.0,0.0,3500000000
2014279N11096,HUDHUD,2014,ARUNACHAL PRADESH,LEPA RADA,0.0,0.0,0.0,3500000000
2014279N11096,HUDHUD,2014,ARUNACHAL PRADESH,BICHOM,0.0,0.0,0.0,3500000000
2014279N11096,HUDHUD,2014,ARUNACHAL PRADESH,KRA DAADI,0.0,0.0,0.0,3500000000
2014279N11096,HUDHUD,2014,ARUNACHAL PRADESH,KAMLE,0.0,0.0,0.0,3500000000
2014279N11096,HUDHUD,2014,ARUNACHAL PRADESH,KEYI PANYOR,0.0,0.0,0.0,3500000000
2014279N11096,HUDHUD,2014,ARUNACHAL PRADESH,LOWER SUBANSIRI,0.0,0.0,0.0,3500000000
2014279N11096,HUDHUD,2014,ASSAM,KOKRAJHAR,0.0,0.0,0.0,3500000000
2014279N11096,HUDHUD,2014,ASSAM,CHIRANG,0.0,0.0,0.0,3500000000
2014279N11096,HUDHUD,2014,ASSAM,UDALGURI,0.0,0.0,0.0,3500000000
2014279N11096,HUDHUD,2014,ASSAM,BAKSA,0.0,0.0,0.0,3500000000
2014279N11096,HUDHUD,2014,ASSAM,DHUBRI,0.0,0.0,0.0,3500000000
2014279N11096,HUDHUD,2014,ASSAM,DARANG,0.0,0.0,0.0,3500000000
2014279N11096,HUDHUD,2014,ASSAM,KARBI ANGLONG,0.0,0.0,0.0,3500000000
2014279N11096,HUDHUD,2014,ASSAM,DIMA HASAO,0.0,0.0,0.0,3500000000
2014279N11096,HUDHUD,2014,ASSAM,CACHAR,0.0,0.0,0.0,3500000000
2014279N11096,HUDHUD,2014,ASSAM,KARIMGANJ,0.0,0.0,0.0,3500000000
2014279N11096,HUDHUD,2014,ASSAM,HAILAKANDI,0.0,0.0,0.0,3500000000
2014279N11096,HUDHUD,2014,ASSAM,WEST KARBI ANGLONG,0.0,0.0,0.0,3500000000
2014279N11096,HUDHUD,2014,ASSAM,JORHAT,0.0,0.0,0.0,3500000000
2014279N11096,HUDHUD,2014,ASSAM,GOLAGHAT,0.0,0.0,0.0,3500000000
2014279N11096,HUDHUD,2014,ASSAM,SONITPUR,0.0,0.0,0.0,3500000000
2014279N11096,HUDHUD,2014,ASSAM,DHEMAJI,0.0,0.0,0.0,3500000000
2014279N11096,HUDHUD,2014,ASSAM,CHARAIDEO,0.0,0.0,0.0,3500000000
2014279N11096,HUDHUD,2014,ASSAM,TINSUKIA,0.0,0.0,0.0,3500000000
2014279N11096,HUDHUD,2014,ASSAM,LAKHIMPUR,0.0,0.0,0.0,3500000000
2014279N11096,HUDHUD,2014,ASSAM,MAJULI,0.0,0.0,0.0,3500000000
2014279N11096,HUDHUD,2014,ASSAM,SIBSAGAR,0.0,0.0,0.0,3500000000
2014279N11096,HUDHUD,2014,ASSAM,NAGAON,0.0,0.0,0.0,3500000000
2014279N11096,HUDHUD,2014,ASSAM,MARIGAON,0.0,0.0,0.0,3500000000
2014279N11096,HUDHUD,2014,ASSAM,KAMRUP METRO,0.0,0.0,0.0,3500000000
2014279N11096,HUDHUD,2014,ASSAM,NALBARI,0.0,0.0,0.0,3500000000
2014279N11096,HUDHUD,2014,ASSAM,GOALPARA,0.0,0.0,0.0,3500000000
2014279N11096,HUDHUD,2014,ASSAM,BONGAIGAON,0.0,0.0,0.0,3500000000
2014279N11096,HUDHUD,2014,ASSAM,KAMRUP RURAL,0.0,0.0,0.0,3500000000
2014279N11096,HUDHUD,2014,ASSAM,DIBRUGARH,0.0,0.0,0.0,3500000000
2014279N11096,HUDHUD,2014,ASSAM,HOJAI,0.0,0.0,0.0,3500000000
2014279N11096,HUDHUD,2014,ASSAM,TAMULPUR,0.0,0.0,0.0,3500000000
2014279N11096,HUDHUD,2014,ASSAM,BISWANATH,0.0,0.0,0.0,3500000000
2014279N11096,HUDHUD,2014,ASSAM,BARPETA,0.0,0.0,0.0,3500000000
2014279N11096,HUDHUD,2014,ASSAM,BAJALI,0.0,0.0,0.0,3500000000
2014279N11096,HUDHUD,2014,ASSAM,SOUTH SALMARA MANCACHAR,0.0,0.0,0.0,3500000000
2014279N11096,HUDHUD,2014,BIHAR,ARARIA,0.0,0.0,0.0,3500000000
2014279N11096,HUDHUD,2014,BIHAR,ARWAL,0.0,0.0,0.0,3500000000
2014279N11096,HUDHUD,2014,BIHAR,AURANGABAD,0.0,0.0,0.0,3500000000
2014279N11096,HUDHUD,2014,BIHAR,BANKA,0.0,0.0,0.0,3500000000
2014279N11096,HUDHUD,2014,BIHAR,BEGUSARAI,0.0,0.0,0.0,3500000000
2014279N11096,HUDHUD,2014,BIHAR,BHAGALPUR,0.0,0.0,0.0,3500000000
2014279N11096,HUDHUD,2014,BIHAR,BHOJPUR,0.0,0.0,0.0,3500000000
2014279N11096,HUDHUD,2014,BIHAR,BUXAR,0.0,0.0,0.0,3500000000
2014279N11096,HUDHUD,2014,BIHAR,DARBHANGA,0.0,0.0,0.0,3500000000
2014279N11096,HUDHUD,2014,BIHAR,GAYA,0.0,0.0,0.0,3500000000
2014279N11096,HUDHUD,2014,BIHAR,GOPALGANJ,0.0,0.0,0.0,3500000000
2014279N11096,HUDHUD,2014,BIHAR,JAHANABAD,0.0,0.0,0.0,3500000000
2014279N11096,HUDHUD,2014,BIHAR,JAMUI,0.0,0.0,0.0,3500000000
2014279N11096,HUDHUD,2014,BIHAR,KAIMUR,0.0,0.0,0.0,3500000000
2014279N11096,HUDHUD,2014,BIHAR,KATIHAR,0.0,0.0,0.0,3500000000
2014279N11096,HUDHUD,2014,BIHAR,KHAGARIA,0.0,0.0,0.0,3500000000
2014279N11096,HUDHUD,2014,BIHAR,KISHANGANJ,0.0,0.0,0.0,3500000000
2014279N11096,HUDHUD,2014,BIHAR,LAKHISARAI,0.0,0.0,0.0,3500000000
2014279N11096,HUDHUD,2014,BIHAR,MADHEPURA,0.0,0.0,0.0,3500000000
2014279N11096,HUDHUD,2014,BIHAR,MADHUBANI,0.0,0.0,0.0,3500000000
2014279N11096,HUDHUD,2014,BIHAR,MUNGER,0.0,0.0,0.0,3500000000
2014279N11096,HUDHUD,2014,BIHAR,MUZAFFARPUR,0.0,0.0,0.0,3500000000
2014279N11096,HUDHUD,2014,BIHAR,NALANDA,0.0,0.0,0.0,3500000000
2014279N11096,HUDHUD,2014,BIHAR,NAWADA,0.0,0.0,0.0,3500000000
2014279N11096,HUDHUD,2014,BIHAR,PASHCHIMI CHAMPARAN,0.0,0.0,0.0,3500000000
2014279N11096,HUDHUD,2014,BIHAR,PATNA,0.0,0.0,0.0,3500000000
2014279N11096,HUDHUD,2014,BIHAR,PURBI CHAMPARAN,0.0,0.0,0.0,3500000000
2014279N11096,HUDHUD,2014,BIHAR,PURNIA,0.0,0.0,0.0,3500000000
2014279N11096,HUDHUD,2014,BIHAR,ROHTAS,0.0,0.0,0.0,3500000000
2014279N11096,HUDHUD,2014,BIHAR,SAHARSA,0.0,0.0,0.0,3500000000
2014279N11096,HUDHUD,2014,BIHAR,SAMASTIPUR,0.0,0.0,0.0,3500000000
2014279N11096,HUDHUD,2014,BIHAR,SARAN,0.0,0.0,0.0,3500000000
2014279N11096,HUDHUD,2014,BIHAR,SHEIKHPURA,0.0,0.0,0.0,3500000000
2014279N11096,HUDHUD,2014,BIHAR,SHEOHAR,0.0,0.0,0.0,3500000000
2014279N11096,HUDHUD,2014,BIHAR,SITAMARHI,0.0,0.0,0.0,3500000000
2014279N11096,HUDHUD,2014,BIHAR,SIWAN,0.0,0.0,0.0,3500000000
2014279N11096,HUDHUD,2014,BIHAR,SUPAUL,0.0,0.0,0.0,3500000000
2014279N11096,HUDHUD,2014,BIHAR,VAISHALI,0.0,0.0,0.0,3500000000
2014279N11096,HUDHUD,2014,CHHATTISGARH,KAWARDHA (KABIRDHAM),0.0,0.0,0.0,3500000000
2014279N11096,HUDHUD,2014,CHHATTISGARH,GAURELA-PENDRA-MARWAHI,0.0,0.0,0.0,3500000000
2014279N11096,HUDHUD,2014,CHHATTISGARH,SURAJPUR,0.0,0.0,0.0,3500000000
2014279N11096,HUDHUD,2014,CHHATTISGARH,BALRAMPUR,0.0,0.0,0.0,3500000000
2014279N11096,HUDHUD,2014,CHHATTISGARH,MUNGELI,0.0,0.0,0.0,3500000000
2014279N11096,HUDHUD,2014,CHHATTISGARH,DAKSHIN BASTAR DANTEWARA,0.0,0.0,0.0,3500000000
2014279N11096,HUDHUD,2014,CHHATTISGARH,BIJAPUR,0.0,0.0,0.0,3500000000
2014279N11096,HUDHUD,2014,CHHATTISGARH,BASTAR,0.0,0.0,0.0,3500000000
2014279N11096,HUDHUD,2014,CHHATTISGARH,SUKMA,0.0,0.0,0.0,3500000000
2014279N11096,HUDHUD,2014,CHHATTISGARH,KONDAGAON,0.0,0.0,0.0,3500000000
2014279N11096,HUDHUD,2014,CHHATTISGARH,NARAYANPUR,0.0,0.0,0.0,3500000000
2014279N11096,HUDHUD,2014,CHHATTISGARH,UTTAR BASTAR KANKER,0.0,0.0,0.0,3500000000
2014279N11096,HUDHUD,2014,CHHATTISGARH,GARIYABAND,0.0,0.0,0.0,3500000000
2014279N11096,HUDHUD,2014,CHHATTISGARH,DHAMTARI,0.0,0.0,0.0,3500000000
2014279N11096,HUDHUD,2014,CHHATTISGARH,BALOD,0.0,0.0,0.0,3500000000
2014279N11096,HUDHUD,2014,CHHATTISGARH,MAHASAMUND,0.0,0.0,0.0,3500000000
2014279N11096,HUDHUD,2014,CHHATTISGARH,DURG,0.0,0.0,0.0,3500000000
2014279N11096,HUDHUD,2014,CHHATTISGARH,RAIPUR,0.0,0.0,0.0,3500000000
2014279N11096,HUDHUD,2014,CHHATTISGARH,BEMETARA,0.0,0.0,0.0,3500000000
2014279N11096,HUDHUD,2014,CHHATTISGARH,BILASPUR,0.0,0.0,0.0,3500000000
2014279N11096,HUDHUD,2014,CHHATTISGARH,KORBA,0.0,0.0,0.0,3500000000
2014279N11096,HUDHUD,2014,CHHATTISGARH,JASHPUR,0.0,0.0,0.0,3500000000
2014279N11096,HUDHUD,2014,CHHATTISGARH,SURGUJA,0.0,0.0,0.0,3500000000
2014279N11096,HUDHUD,2014,CHHATTISGARH,KHAIRGARH-CHHUIKHADAN-GANDAI,0.0,0.0,0.0,3500000000
2014279N11096,HUDHUD,2014,CHHATTISGARH,RAJNANDGAON,0.0,0.0,0.0,3500000000
2014279N11096,HUDHUD,2014,CHHATTISGARH,MOHLA-MANPUR-AMBAGARH CHOWKI,0.0,0.0,0.0,3500000000
2014279N11096,HUDHUD,2014,CHHATTISGARH,JANJGIR - CHAMPA,0.0,0.0,0.0,3500000000
2014279N11096,HUDHUD,2014,CHHATTISGARH,SAKTI,0.0,0.0,0.0,3500000000
2014279N11096,HUDHUD,2014,CHHATTISGARH,RAIGARH,0.0,0.0,0.0,3500000000
2014279N11096,HUDHUD,2014,CHHATTISGARH,KOREA,0.0,0.0,0.0,3500000000
2014279N11096,HUDHUD,2014,CHHATTISGARH,MANENDRAGARH-CHIRMIRI-BHARATPUR,0.0,0.0,0.0,3500000000
2014279N11096,HUDHUD,2014,CHHATTISGARH,SARANGARH-BILAIGARH,0.0,0.0,0.0,3500000000
2014279N11096,HUDHUD,2014,CHHATTISGARH,BALODA BAZAR,0.0,0.0,0.0,3500000000
2014279N11096,HUDHUD,2014,DELHI,NAZUL,0.0,0.0,0.0,3500000000
2014279N11096,HUDHUD,2014,DELHI,SOUTH WEST,0.0,0.0,0.0,3500000000
2014279N11096,HUDHUD,2014,DELHI,WEST,0.0,0.0,0.0,3500000000
2014279N11096,HUDHUD,2014,DELHI,CENTRAL,0.0,0.0,0.0,3500000000
2014279N11096,HUDHUD,2014,DELHI,EAST,0.0,0.0,0.0,3500000000
2014279N11096,HUDHUD,2014,DELHI,NEW DELHI,0.0,0.0,0.0,3500000000
2014279N11096,HUDHUD,2014,DELHI,NORTH,0.0,0.0,0.0,3500000000
2014279N11096,HUDHUD,2014,DELHI,SHAHADARA,0.0,0.0,0.0,3500000000
2014279N11096,HUDHUD,2014,DELHI,NORTH EAST,0.0,0.0,0.0,3500000000
2014279N11096,HUDHUD,2014,DELHI,SOUTH EAST,0.0,0.0,0.0,3500000000
2014279N11096,HUDHUD,2014,DELHI,SOUTH,0.0,0.0,0.0,3500000000
2014279N11096,HUDHUD,2014,DELHI,NORTH WEST,0.0,0.0,0.0,3500000000
2014279N11096,HUDHUD,2014,GOA,NORTH GOA,0.0,0.0,0.0,3500000000
2014279N11096,HUDHUD,2014,GOA,SOUTH GOA,0.0,0.0,0.0,3500000000
2014279N11096,HUDHUD,2014,DADRA & NAGAR HAVELI & DAMAN & DIU,DADRA AND NAGAR HAVELI,0.0,0.0,0.0,3500000000
2014279N11096,HUDHUD,2014,DADRA & NAGAR HAVELI & DAMAN & DIU,DAMAN,0.0,0.0,0.0,3500000000
2014279N11096,HUDHUD,2014,DADRA & NAGAR HAVELI & DAMAN & DIU,DIU,0.0,0.0,0.0,3500000000
2014279N11096,HUDHUD,2014,GUJARAT,AHMADABAD,0.0,0.0,0.0,3500000000
2014279N11096,HUDHUD,2014,GUJARAT,AMRELI,0.0,0.0,0.0,3500000000
2014279N11096,HUDHUD,2014,GUJARAT,ANAND,0.0,0.0,0.0,3500000000
2014279N11096,HUDHUD,2014,GUJARAT,ARVALLI,0.0,0.0,0.0,3500000000
2014279N11096,HUDHUD,2014,GUJARAT,BANAS KANTHA,0.0,0.0,0.0,3500000000
2014279N11096,HUDHUD,2014,GUJARAT,BHARUCH,0.0,0.0,0.0,3500000000
2014279N11096,HUDHUD,2014,GUJARAT,BHAVNAGAR,0.0,0.0,0.0,3500000000
2014279N11096,HUDHUD,2014,GUJARAT,BOTAD,0.0,0.0,0.0,3500000000
2014279N11096,HUDHUD,2014,GUJARAT,CHHOTAUDEPUR,0.0,0.0,0.0,3500000000
2014279N11096,HUDHUD,2014,GUJARAT,DAHOD,0.0,0.0,0.0,3500000000
2014279N11096,HUDHUD,2014,GUJARAT,DANGS,0.0,0.0,0.0,3500000000
2014279N11096,HUDHUD,2014,GUJARAT,DEVBHUMI DWARKA,0.0,0.0,0.0,3500000000
2014279N11096,HUDHUD,2014,GUJARAT,GANDHINAGAR,0.0,0.0,0.0,3500000000
2014279N11096,HUDHUD,2014,GUJARAT,GIR SOMNATH,0.0,0.0,0.0,3500000000
2014279N11096,HUDHUD,2014,GUJARAT and DNH & DD ISLANDS,ISLAND,0.0,0.0,0.0,3500000000
2014279N11096,HUDHUD,2014,GUJARAT,JAMNAGAR,0.0,0.0,0.0,3500000000
2014279N11096,HUDHUD,2014,GUJARAT,JUNAGADH,0.0,0.0,0.0,3500000000
2014279N11096,HUDHUD,2014,GUJARAT,KACHCHH,0.0,0.0,0.0,3500000000
2014279N11096,HUDHUD,2014,GUJARAT,KHEDA,0.0,0.0,0.0,3500000000
2014279N11096,HUDHUD,2014,GUJARAT,MAHESANA,0.0,0.0,0.0,3500000000
2014279N11096,HUDHUD,2014,GUJARAT,MAHISAGAR,0.0,0.0,0.0,3500000000
2014279N11096,HUDHUD,2014,GUJARAT,MORBI,0.0,0.0,0.0,3500000000
2014279N11096,HUDHUD,2014,GUJARAT,NARMADA,0.0,0.0,0.0,3500000000
2014279N11096,HUDHUD,2014,GUJARAT,NAVSARI,0.0,0.0,0.0,3500000000
2014279N11096,HUDHUD,2014,GUJARAT,PANCH MAHALS,0.0,0.0,0.0,3500000000
2014279N11096,HUDHUD,2014,GUJARAT,PATAN,0.0,0.0,0.0,3500000000
2014279N11096,HUDHUD,2014,GUJARAT,PORBANDAR,0.0,0.0,0.0,3500000000
2014279N11096,HUDHUD,2014,GUJARAT,RAJKOT,0.0,0.0,0.0,3500000000
2014279N11096,HUDHUD,2014,GUJARAT,SABAR KANTHA,0.0,0.0,0.0,3500000000
2014279N11096,HUDHUD,2014,GUJARAT,SURAT,0.0,0.0,0.0,3500000000
2014279N11096,HUDHUD,2014,GUJARAT,SURENDRANAGAR,0.0,0.0,0.0,3500000000
2014279N11096,HUDHUD,2014,GUJARAT,TAPI,0.0,0.0,0.0,3500000000
2014279N11096,HUDHUD,2014,GUJARAT,VADODARA,0.0,0.0,0.0,3500000000
2014279N11096,HUDHUD,2014,GUJARAT,VALSAD,0.0,0.0,0.0,3500000000
2014279N11096,HUDHUD,2014,HARYANA,AMBALA,0.0,0.0,0.0,3500000000
2014279N11096,HUDHUD,2014,HARYANA,BHIWANI,0.0,0.0,0.0,3500000000
2014279N11096,HUDHUD,2014,HARYANA,CHARKI DADRI,0.0,0.0,0.0,3500000000
2014279N11096,HUDHUD,2014,HARYANA,FARIDABAD,0.0,0.0,0.0,3500000000
2014279N11096,HUDHUD,2014,HARYANA,FATEHABAD,0.0,0.0,0.0,3500000000
2014279N11096,HUDHUD,2014,HARYANA,GURUGRAM,0.0,0.0,0.0,3500000000
2014279N11096,HUDHUD,2014,HARYANA,HISAR,0.0,0.0,0.0,3500000000
2014279N11096,HUDHUD,2014,HARYANA,JHAJJAR,0.0,0.0,0.0,3500000000
2014279N11096,HUDHUD,2014,HARYANA,JIND,0.0,0.0,0.0,3500000000
2014279N11096,HUDHUD,2014,HARYANA,KAITHAL,0.0,0.0,0.0,3500000000
2014279N11096,HUDHUD,2014,HARYANA,KARNAL,0.0,0.0,0.0,3500000000
2014279N11096,HUDHUD,2014,HARYANA,KURUKSHETRA,0.0,0.0,0.0,3500000000
2014279N11096,HUDHUD,2014,HARYANA,MAHENDRAGARH,0.0,0.0,0.0,3500000000
2014279N11096,HUDHUD,2014,HARYANA,NUH,0.0,0.0,0.0,3500000000
2014279N11096,HUDHUD,2014,HARYANA,PALWAL,0.0,0.0,0.0,3500000000
2014279N11096,HUDHUD,2014,HARYANA,PANCHKULA,0.0,0.0,0.0,3500000000
2014279N11096,HUDHUD,2014,HARYANA,PANIPAT,0.0,0.0,0.0,3500000000
2014279N11096,HUDHUD,2014,HARYANA,REWARI,0.0,0.0,0.0,3500000000
2014279N11096,HUDHUD,2014,HARYANA,ROHTAK,0.0,0.0,0.0,3500000000
2014279N11096,HUDHUD,2014,HARYANA,SIRSA,0.0,0.0,0.0,3500000000
2014279N11096,HUDHUD,2014,HARYANA,SONIPAT,0.0,0.0,0.0,3500000000
2014279N11096,HUDHUD,2014,HARYANA,YAMUNANAGAR,0.0,0.0,0.0,3500000000
2014279N11096,HUDHUD,2014,HIMACHAL PRADESH,BIL>SPUR,0.0,0.0,0.0,3500000000
2014279N11096,HUDHUD,2014,HIMACHAL PRADESH,SHIMLA,0.0,0.0,0.0,3500000000
2014279N11096,HUDHUD,2014,HIMACHAL PRADESH,KINNAUR,0.0,0.0,0.0,3500000000
2014279N11096,HUDHUD,2014,HIMACHAL PRADESH,SOLAN,0.0,0.0,0.0,3500000000
2014279N11096,HUDHUD,2014,HIMACHAL PRADESH,SIRMAUR,0.0,0.0,0.0,3500000000
2014279N11096,HUDHUD,2014,HIMACHAL PRADESH,KULLU,0.0,0.0,0.0,3500000000
2014279N11096,HUDHUD,2014,HIMACHAL PRADESH,CHAMBA,0.0,0.0,0.0,3500000000
2014279N11096,HUDHUD,2014,HIMACHAL PRADESH,MANDI,0.0,0.0,0.0,3500000000
2014279N11096,HUDHUD,2014,HIMACHAL PRADESH,K>NGRA,0.0,0.0,0.0,3500000000
2014279N11096,HUDHUD,2014,HIMACHAL PRADESH,HAM|RPUR,0.0,0.0,0.0,3500000000
2014279N11096,HUDHUD,2014,HIMACHAL PRADESH,UNA,0.0,0.0,0.0,3500000000
2014279N11096,HUDHUD,2014,HIMACHAL PRADESH,LAHUL & SPITI,0.0,0.0,0.0,3500000000
2014279N11096,HUDHUD,2014,JAMMU AND KASHMIR,MIRPUR,0.0,0.0,0.0,3500000000
2014279N11096,HUDHUD,2014,JAMMU AND KASHMIR,MUZAFFARABAD,0.0,0.0,0.0,3500000000
2014279N11096,HUDHUD,2014,JAMMU AND KASHMIR,PUNCH,0.0,0.0,0.0,3500000000
2014279N11096,HUDHUD,2014,JAMMU AND KASHMIR,ANANTNAG,0.0,0.0,0.0,3500000000
2014279N11096,HUDHUD,2014,JAMMU AND KASHMIR,BARAMULA,0.0,0.0,0.0,3500000000
2014279N11096,HUDHUD,2014,JAMMU AND KASHMIR,KATHUA,0.0,0.0,0.0,3500000000
2014279N11096,HUDHUD,2014,JAMMU AND KASHMIR,UDHAMPUR,0.0,0.0,0.0,3500000000
2014279N11096,HUDHUD,2014,JAMMU AND KASHMIR,BADGAM,0.0,0.0,0.0,3500000000
2014279N11096,HUDHUD,2014,JAMMU AND KASHMIR,BANDIPURA,0.0,0.0,0.0,3500000000
2014279N11096,HUDHUD,2014,JAMMU AND KASHMIR,GANDERBAL,0.0,0.0,0.0,3500000000
2014279N11096,HUDHUD,2014,JAMMU AND KASHMIR,KULGAM,0.0,0.0,0.0,3500000000
2014279N11096,HUDHUD,2014,JAMMU AND KASHMIR,KUPWARA,0.0,0.0,0.0,3500000000
2014279N11096,HUDHUD,2014,JAMMU AND KASHMIR,PULWAMA,0.0,0.0,0.0,3500000000
2014279N11096,HUDHUD,2014,JAMMU AND KASHMIR,RAJAURI,0.0,0.0,0.0,3500000000
2014279N11096,HUDHUD,2014,JAMMU AND KASHMIR,RAMBAN,0.0,0.0,0.0,3500000000
2014279N11096,HUDHUD,2014,JAMMU AND KASHMIR,RIASI,0.0,0.0,0.0,3500000000
2014279N11096,HUDHUD,2014,JAMMU AND KASHMIR,SHUPIYAN,0.0,0.0,0.0,3500000000
2014279N11096,HUDHUD,2014,JAMMU AND KASHMIR,SRINAGAR,0.0,0.0,0.0,3500000000
2014279N11096,HUDHUD,2014,JAMMU AND KASHMIR,KISHTWAR,0.0,0.0,0.0,3500000000
2014279N11096,HUDHUD,2014,JAMMU AND KASHMIR,DODA,0.0,0.0,0.0,3500000000
2014279N11096,HUDHUD,2014,JAMMU AND KASHMIR,SAMBA,0.0,0.0,0.0,3500000000
2014279N11096,HUDHUD,2014,JAMMU AND KASHMIR,JAMMU,0.0,0.0,0.0,3500000000
2014279N11096,HUDHUD,2014,,NONE,0.0,0.0,0.0,3500000000
2014279N11096,HUDHUD,2014,JHARKHAND,GARHWA,0.0,0.0,0.0,3500000000
2014279N11096,HUDHUD,2014,JHARKHAND,CHATRA,0.0,0.0,0.0,3500000000
2014279N11096,HUDHUD,2014,JHARKHAND,KODERMA,0.0,0.0,0.0,3500000000
2014279N11096,HUDHUD,2014,JHARKHAND,GIRIDIH,0.0,0.0,0.0,3500000000
2014279N11096,HUDHUD,2014,JHARKHAND,DEOGHAR,0.0,0.0,0.0,3500000000
2014279N11096,HUDHUD,2014,JHARKHAND,GODDA,0.0,0.0,0.0,3500000000
2014279N11096,HUDHUD,2014,JHARKHAND,SAHIBGANJ,0.0,0.0,0.0,3500000000
2014279N11096,HUDHUD,2014,JHARKHAND,PAKUR,0.0,0.0,0.0,3500000000
2014279N11096,HUDHUD,2014,JHARKHAND,DHANBAD,0.0,0.0,0.0,3500000000
2014279N11096,HUDHUD,2014,JHARKHAND,BOKARO,0.0,0.0,0.0,3500000000
2014279N11096,HUDHUD,2014,JHARKHAND,LOHARDAGA,0.0,0.0,0.0,3500000000
2014279N11096,HUDHUD,2014,JHARKHAND,EAST SINGHBHUM,0.0,0.0,0.0,3500000000
2014279N11096,HUDHUD,2014,JHARKHAND,PALAMU,0.0,0.0,0.0,3500000000
2014279N11096,HUDHUD,2014,JHARKHAND,LATEHAR,0.0,0.0,0.0,3500000000
2014279N11096,HUDHUD,2014,JHARKHAND,HAZARIBAGH,0.0,0.0,0.0,3500000000
2014279N11096,HUDHUD,2014,JHARKHAND,RAMGARH,0.0,0.0,0.0,3500000000
2014279N11096,HUDHUD,2014,JHARKHAND,DUMKA,0.0,0.0,0.0,3500000000
2014279N11096,HUDHUD,2014,JHARKHAND,JAMTARA,0.0,0.0,0.0,3500000000
2014279N11096,HUDHUD,2014,JHARKHAND,RANCHI,0.0,0.0,0.0,3500000000
2014279N11096,HUDHUD,2014,JHARKHAND,KHUNTI,0.0,0.0,0.0,3500000000
2014279N11096,HUDHUD,2014,JHARKHAND,GUMLA,0.0,0.0,0.0,3500000000
2014279N11096,HUDHUD,2014,JHARKHAND,SIMDEGA,0.0,0.0,0.0,3500000000
2014279N11096,HUDHUD,2014,JHARKHAND,WEST SINGHBHUM,0.0,0.0,0.0,3500000000
2014279N11096,HUDHUD,2014,JHARKHAND,SARAIKELA-KHARSAWAN,0.0,0.0,0.0,3500000000
2014279N11096,HUDHUD,2014,KARNATAKA,B,0.0,0.0,0.0,3500000000
2014279N11096,HUDHUD,2014,KARNATAKA,BENGAL#RU (RURAL),0.0,0.0,0.0,3500000000
2014279N11096,HUDHUD,2014,KARNATAKA,BELAG,0.0,0.0,0.0,3500000000
2014279N11096,HUDHUD,2014,KARNATAKA,CHIKKAMAGAL#RU,0.0,0.0,0.0,3500000000
2014279N11096,HUDHUD,2014,KARNATAKA,BALL,0.0,0.0,0.0,3500000000
2014279N11096,HUDHUD,2014,KARNATAKA,CH,0.0,0.0,0.0,3500000000
2014279N11096,HUDHUD,2014,KARNATAKA,CHITRADURGA,0.0,0.0,0.0,3500000000
2014279N11096,HUDHUD,2014,KARNATAKA,KOPPAL,0.0,0.0,0.0,3500000000
2014279N11096,HUDHUD,2014,KARNATAKA,VIJAYANAGARA,0.0,0.0,0.0,3500000000
2014279N11096,HUDHUD,2014,KARNATAKA,RAICH#R,0.0,0.0,0.0,3500000000
2014279N11096,HUDHUD,2014,KARNATAKA,CHIKKABALL,0.0,0.0,0.0,3500000000
2014279N11096,HUDHUD,2014,KARNATAKA,D,0.0,0.0,0.0,3500000000
2014279N11096,HUDHUD,2014,KARNATAKA,DH,0.0,0.0,0.0,3500000000
2014279N11096,HUDHUD,2014,KARNATAKA,GADAG,0.0,0.0,0.0,3500000000
2014279N11096,HUDHUD,2014,KARNATAKA,H,0.0,0.0,0.0,3500000000
2014279N11096,HUDHUD,2014,KARNATAKA,KALABURAGI,0.0,0.0,0.0,3500000000
2014279N11096,HUDHUD,2014,KARNATAKA,BENGAL#RU (URBAN),0.0,0.0,0.0,3500000000
2014279N11096,HUDHUD,2014,KARNATAKA,KOL,0.0,0.0,0.0,3500000000
2014279N11096,HUDHUD,2014,KARNATAKA,MANDYA,0.0,0.0,0.0,3500000000
2014279N11096,HUDHUD,2014,KARNATAKA,MYS#RU,0.0,0.0,0.0,3500000000
2014279N11096,HUDHUD,2014,KARNATAKA,SHIVAMOGGA,0.0,0.0,0.0,3500000000
2014279N11096,HUDHUD,2014,KARNATAKA,DAKSHINA KANNADA,0.0,0.0,0.0,3500000000
2014279N11096,HUDHUD,2014,KARNATAKA,UTTARA KANNADA,0.0,0.0,0.0,3500000000
2014279N11096,HUDHUD,2014,KARNATAKA,VIJAYAPURA,0.0,0.0,0.0,3500000000
2014279N11096,HUDHUD,2014,KARNATAKA,Y,0.0,0.0,0.0,3500000000
2014279N11096,HUDHUD,2014,KARNATAKA,R,0.0,0.0,0.0,3500000000
2014279N11096,HUDHUD,2014,KERALA,PALAKKAD,0.0,0.0,0.0,3500000000
2014279N11096,HUDHUD,2014,KERALA,ALAPPUZHA,0.0,0.0,0.0,3500000000
2014279N11096,HUDHUD,2014,KERALA,KOTTAYAM,0.0,0.0,0.0,3500000000
2014279N11096,HUDHUD,2014,KERALA,KOLLAM,0.0,0.0,0.0,3500000000
2014279N11096,HUDHUD,2014,KERALA,KOZHIKODE,0.0,0.0,0.0,3500000000
2014279N11096,HUDHUD,2014,KERALA,KASARAGOD,0.0,0.0,0.0,3500000000
2014279N11096,HUDHUD,2014,KERALA,MALAPPURAM,0.0,0.0,0.0,3500000000
2014279N11096,HUDHUD,2014,KERALA,WAYANAD,0.0,0.0,0.0,3500000000
2014279N11096,HUDHUD,2014,KERALA,PATHANAMTHITTA,0.0,0.0,0.0,3500000000
2014279N11096,HUDHUD,2014,KERALA,IDUKKI,0.0,0.0,0.0,3500000000
2014279N11096,HUDHUD,2014,KERALA,THRISSUR,0.0,0.0,0.0,3500000000
2014279N11096,HUDHUD,2014,KERALA,ERNAKULAM,0.0,0.0,0.0,3500000000
2014279N11096,HUDHUD,2014,KERALA,THIRUVANANTHAPURAM,0.0,0.0,0.0,3500000000
2014279N11096,HUDHUD,2014,KERALA,KANNUR,0.0,0.0,0.0,3500000000
2014279N11096,HUDHUD,2014,LADAKH,LEH,0.0,0.0,0.0,3500000000
2014279N11096,HUDHUD,2014,LADAKH,KARGIL,0.0,0.0,0.0,3500000000
2014279N11096,HUDHUD,2014,MADHYA PRADESH,AGAR MALWA,0.0,0.0,0.0,3500000000
2014279N11096,HUDHUD,2014,MADHYA PRADESH,ALIRAJPUR,0.0,0.0,0.0,3500000000
2014279N11096,HUDHUD,2014,MADHYA PRADESH,ANUPPUR,0.0,0.0,0.0,3500000000
2014279N11096,HUDHUD,2014,MADHYA PRADESH,ASHOKNAGAR,0.0,0.0,0.0,3500000000
2014279N11096,HUDHUD,2014,MADHYA PRADESH,BALAGHAT,0.0,0.0,0.0,3500000000
2014279N11096,HUDHUD,2014,MADHYA PRADESH,BARWANI,0.0,0.0,0.0,3500000000
2014279N11096,HUDHUD,2014,MADHYA PRADESH,BETUL,0.0,0.0,0.0,3500000000
2014279N11096,HUDHUD,2014,MADHYA PRADESH,BHIND,0.0,0.0,0.0,3500000000
2014279N11096,HUDHUD,2014,MADHYA PRADESH,BHOPAL,0.0,0.0,0.0,3500000000
2014279N11096,HUDHUD,2014,MADHYA PRADESH,BURHANPUR,0.0,0.0,0.0,3500000000
2014279N11096,HUDHUD,2014,MADHYA PRADESH,CHHATARPUR,0.0,0.0,0.0,3500000000
2014279N11096,HUDHUD,2014,MADHYA PRADESH,CHHINDWARA,0.0,0.0,0.0,3500000000
2014279N11096,HUDHUD,2014,MADHYA PRADESH,DAMOH,0.0,0.0,0.0,3500000000
2014279N11096,HUDHUD,2014,MADHYA PRADESH,DEWAS,0.0,0.0,0.0,3500000000
2014279N11096,HUDHUD,2014,MADHYA PRADESH,DHAR,0.0,0.0,0.0,3500000000
2014279N11096,HUDHUD,2014,MADHYA PRADESH,DINDORI,0.0,0.0,0.0,3500000000
2014279N11096,HUDHUD,2014,MADHYA PRADESH,GUNA,0.0,0.0,0.0,3500000000
2014279N11096,HUDHUD,2014,MADHYA PRADESH,GWALIOR,0.0,0.0,0.0,3500000000
2014279N11096,HUDHUD,2014,MADHYA PRADESH,HARDA,0.0,0.0,0.0,3500000000
2014279N11096,HUDHUD,2014,MADHYA PRADESH,INDORE,0.0,0.0,0.0,3500000000
2014279N11096,HUDHUD,2014,MADHYA PRADESH,JABALPUR,0.0,0.0,0.0,3500000000
2014279N11096,HUDHUD,2014,MADHYA PRADESH,JHABUA,0.0,0.0,0.0,3500000000
2014279N11096,HUDHUD,2014,MADHYA PRADESH,KATNI,0.0,0.0,0.0,3500000000
2014279N11096,HUDHUD,2014,MADHYA PRADESH,KHANDWA,0.0,0.0,0.0,3500000000
2014279N11096,HUDHUD,2014,MADHYA PRADESH,KHARGONE,0.0,0.0,0.0,3500000000
2014279N11096,HUDHUD,2014,MADHYA PRADESH,MAIHAR,0.0,0.0,0.0,3500000000
2014279N11096,HUDHUD,2014,MADHYA PRADESH,MANDLA,0.0,0.0,0.0,3500000000
2014279N11096,HUDHUD,2014,MADHYA PRADESH,MANDSAUR,0.0,0.0,0.0,3500000000
2014279N11096,HUDHUD,2014,MADHYA PRADESH,MAUGANJ,0.0,0.0,0.0,3500000000
2014279N11096,HUDHUD,2014,MADHYA PRADESH,MORENA,0.0,0.0,0.0,3500000000
2014279N11096,HUDHUD,2014,MADHYA PRADESH,NARMADAPURAM,0.0,0.0,0.0,3500000000
2014279N11096,HUDHUD,2014,MADHYA PRADESH,NARSINGHPUR,0.0,0.0,0.0,3500000000
2014279N11096,HUDHUD,2014,MADHYA PRADESH,NEEMUCH,0.0,0.0,0.0,3500000000
2014279N11096,HUDHUD,2014,MADHYA PRADESH,NIWARI,0.0,0.0,0.0,3500000000
2014279N11096,HUDHUD,2014,MADHYA PRADESH,PANDHURNA,0.0,0.0,0.0,3500000000
2014279N11096,HUDHUD,2014,MADHYA PRADESH,PANNA,0.0,0.0,0.0,3500000000
2014279N11096,HUDHUD,2014,MADHYA PRADESH,RAISEN,0.0,0.0,0.0,3500000000
2014279N11096,HUDHUD,2014,MADHYA PRADESH,RAJGARH,0.0,0.0,0.0,3500000000
2014279N11096,HUDHUD,2014,MADHYA PRADESH,RATLAM,0.0,0.0,0.0,3500000000
2014279N11096,HUDHUD,2014,MADHYA PRADESH,REWA,0.0,0.0,0.0,3500000000
2014279N11096,HUDHUD,2014,MADHYA PRADESH,SAGAR,0.0,0.0,0.0,3500000000
2014279N11096,HUDHUD,2014,MADHYA PRADESH,SATNA,0.0,0.0,0.0,3500000000
2014279N11096,HUDHUD,2014,MADHYA PRADESH,SEHORE,0.0,0.0,0.0,3500000000
2014279N11096,HUDHUD,2014,MADHYA PRADESH,SEONI,0.0,0.0,0.0,3500000000
2014279N11096,HUDHUD,2014,MADHYA PRADESH,SHAHDOL,0.0,0.0,0.0,3500000000
2014279N11096,HUDHUD,2014,MADHYA PRADESH,SHAJAPUR,0.0,0.0,0.0,3500000000
2014279N11096,HUDHUD,2014,MADHYA PRADESH,SHEOPUR,0.0,0.0,0.0,3500000000
2014279N11096,HUDHUD,2014,MADHYA PRADESH,SHIVPURI,0.0,0.0,0.0,3500000000
2014279N11096,HUDHUD,2014,MADHYA PRADESH,SINGRAULI,0.0,0.0,0.0,3500000000
2014279N11096,HUDHUD,2014,MADHYA PRADESH,TIKAMGARH,0.0,0.0,0.0,3500000000
2014279N11096,HUDHUD,2014,MADHYA PRADESH,UJJAIN,0.0,0.0,0.0,3500000000
2014279N11096,HUDHUD,2014,MADHYA PRADESH,UMARIA,0.0,0.0,0.0,3500000000
2014279N11096,HUDHUD,2014,MADHYA PRADESH,VIDISHA,0.0,0.0,0.0,3500000000
2014279N11096,HUDHUD,2014,MAHARASHTRA,AHMEDNAGAR,0.0,0.0,0.0,3500000000
2014279N11096,HUDHUD,2014,MAHARASHTRA,BEED,0.0,0.0,0.0,3500000000
2014279N11096,HUDHUD,2014,MAHARASHTRA,BHANDARA,0.0,0.0,0.0,3500000000
2014279N11096,HUDHUD,2014,MAHARASHTRA,CHANDRAPUR,0.0,0.0,0.0,3500000000
2014279N11096,HUDHUD,2014,MAHARASHTRA,DHULE,0.0,0.0,0.0,3500000000
2014279N11096,HUDHUD,2014,MAHARASHTRA,GADCHIROLI,0.0,0.0,0.0,3500000000
2014279N11096,HUDHUD,2014,MAHARASHTRA,GONDIA,0.0,0.0,0.0,3500000000
2014279N11096,HUDHUD,2014,MAHARASHTRA,HINGOLI,0.0,0.0,0.0,3500000000
2014279N11096,HUDHUD,2014,MAHARASHTRA,JALGAON,0.0,0.0,0.0,3500000000
2014279N11096,HUDHUD,2014,MAHARASHTRA,KOLHAPUR,0.0,0.0,0.0,3500000000
2014279N11096,HUDHUD,2014,MAHARASHTRA,LATUR,0.0,0.0,0.0,3500000000
2014279N11096,HUDHUD,2014,MAHARASHTRA,MUMBAI,0.0,0.0,0.0,3500000000
2014279N11096,HUDHUD,2014,MAHARASHTRA,NAGPUR,0.0,0.0,0.0,3500000000
2014279N11096,HUDHUD,2014,MAHARASHTRA,NANDED,0.0,0.0,0.0,3500000000
2014279N11096,HUDHUD,2014,MAHARASHTRA,NASHIK,0.0,0.0,0.0,3500000000
2014279N11096,HUDHUD,2014,MAHARASHTRA,NANDURBAR,0.0,0.0,0.0,3500000000
2014279N11096,HUDHUD,2014,MAHARASHTRA,PALGHAR,0.0,0.0,0.0,3500000000
2014279N11096,HUDHUD,2014,MAHARASHTRA,PUNE,0.0,0.0,0.0,3500000000
2014279N11096,HUDHUD,2014,MAHARASHTRA,RATNAGIRI,0.0,0.0,0.0,3500000000
2014279N11096,HUDHUD,2014,MAHARASHTRA,SANGLI,0.0,0.0,0.0,3500000000
2014279N11096,HUDHUD,2014,MAHARASHTRA,SATARA,0.0,0.0,0.0,3500000000
2014279N11096,HUDHUD,2014,MAHARASHTRA,SINDHUDURG,0.0,0.0,0.0,3500000000
2014279N11096,HUDHUD,2014,MAHARASHTRA,SOLAPUR,0.0,0.0,0.0,3500000000
2014279N11096,HUDHUD,2014,MAHARASHTRA,MUMBAI SUBURBAN,0.0,0.0,0.0,3500000000
2014279N11096,HUDHUD,2014,MAHARASHTRA,THANE,0.0,0.0,0.0,3500000000
2014279N11096,HUDHUD,2014,MAHARASHTRA,DHARASHIV,0.0,0.0,0.0,3500000000
2014279N11096,HUDHUD,2014,MAHARASHTRA,WASHIM,0.0,0.0,0.0,3500000000
2014279N11096,HUDHUD,2014,MAHARASHTRA,WARDHA,0.0,0.0,0.0,3500000000
2014279N11096,HUDHUD,2014,MAHARASHTRA,YAVATMAL,0.0,0.0,0.0,3500000000
2014279N11096,HUDHUD,2014,MAHARASHTRA,AKOLA,0.0,0.0,0.0,3500000000
2014279N11096,HUDHUD,2014,MAHARASHTRA,AMRAVATI,0.0,0.0,0.0,3500000000
2014279N11096,HUDHUD,2014,MAHARASHTRA,BULDHANA,0.0,0.0,0.0,3500000000
2014279N11096,HUDHUD,2014,MAHARASHTRA,PARBHANI,0.0,0.0,0.0,3500000000
2014279N11096,HUDHUD,2014,MAHARASHTRA,JALNA,0.0,0.0,0.0,3500000000
2014279N11096,HUDHUD,2014,MAHARASHTRA,CHHATRAPATI SAMBHAJINAGAR,0.0,0.0,0.0,3500000000
2014279N11096,HUDHUD,2014,MANIPUR,BISHNUPUR,0.0,0.0,0.0,3500000000
2014279N11096,HUDHUD,2014,MANIPUR,CHANDEL,0.0,0.0,0.0,3500000000
2014279N11096,HUDHUD,2014,MANIPUR,CHURACHANDPUR,0.0,0.0,0.0,3500000000
2014279N11096,HUDHUD,2014,MANIPUR,IMPHAL EAST,0.0,0.0,0.0,3500000000
2014279N11096,HUDHUD,2014,MANIPUR,IMPHAL WEST,0.0,0.0,0.0,3500000000
2014279N11096,HUDHUD,2014,MANIPUR,JIRIBAM,0.0,0.0,0.0,3500000000
2014279N11096,HUDHUD,2014,MANIPUR,KAKCHING,0.0,0.0,0.0,3500000000
2014279N11096,HUDHUD,2014,MANIPUR,KAMJANG,0.0,0.0,0.0,3500000000
2014279N11096,HUDHUD,2014,MANIPUR,KANGPOKPI,0.0,0.0,0.0,3500000000
2014279N11096,HUDHUD,2014,MANIPUR,NONEY,0.0,0.0,0.0,3500000000
2014279N11096,HUDHUD,2014,MANIPUR,PHERZAWL,0.0,0.0,0.0,3500000000
2014279N11096,HUDHUD,2014,MANIPUR,SENAPATI,0.0,0.0,0.0,3500000000
2014279N11096,HUDHUD,2014,MANIPUR,TAMENGLONG,0.0,0.0,0.0,3500000000
2014279N11096,HUDHUD,2014,MANIPUR,TENGNOUPAL,0.0,0.0,0.0,3500000000
2014279N11096,HUDHUD,2014,MANIPUR,THOUBAL,0.0,0.0,0.0,3500000000
2014279N11096,HUDHUD,2014,MANIPUR,UKHRUL,0.0,0.0,0.0,3500000000
2014279N11096,HUDHUD,2014,MEGHALAYA,EAST G>RO HILLS,0.0,0.0,0.0,3500000000
2014279N11096,HUDHUD,2014,MEGHALAYA,EAST JAINTIA HILLS,0.0,0.0,0.0,3500000000
2014279N11096,HUDHUD,2014,MEGHALAYA,EAST KH>SI HILLS,0.0,0.0,0.0,3500000000
2014279N11096,HUDHUD,2014,MEGHALAYA,NORTH G>RO HILLS,0.0,0.0,0.0,3500000000
2014279N11096,HUDHUD,2014,MEGHALAYA,RI-BHOI,0.0,0.0,0.0,3500000000
2014279N11096,HUDHUD,2014,MEGHALAYA,SOUTH G>RO HILLS,0.0,0.0,0.0,3500000000
2014279N11096,HUDHUD,2014,MEGHALAYA,SOUTH WEST G>RO HILLS,0.0,0.0,0.0,3500000000
2014279N11096,HUDHUD,2014,MEGHALAYA,WEST G>RO HILLS,0.0,0.0,0.0,3500000000
2014279N11096,HUDHUD,2014,MEGHALAYA,WEST JAINTIA HILLS,0.0,0.0,0.0,3500000000
2014279N11096,HUDHUD,2014,MEGHALAYA,SOUTH WEST KH>SI HILLS,0.0,0.0,0.0,3500000000
2014279N11096,HUDHUD,2014,MEGHALAYA,EASTERN WEST KHASI HILLS,0.0,0.0,0.0,3500000000
2014279N11096,HUDHUD,2014,MEGHALAYA,WEST KHASI HILLS,0.0,0.0,0.0,3500000000
2014279N11096,HUDHUD,2014,MIZORAM,CHAMPHAI,0.0,0.0,0.0,3500000000
2014279N11096,HUDHUD,2014,MIZORAM,HNAHTHIAL,0.0,0.0,0.0,3500000000
2014279N11096,HUDHUD,2014,MIZORAM,SERCHHIP,0.0,0.0,0.0,3500000000
2014279N11096,HUDHUD,2014,MIZORAM,LUNGLEI,0.0,0.0,0.0,3500000000
2014279N11096,HUDHUD,2014,MIZORAM,MAMIT,0.0,0.0,0.0,3500000000
2014279N11096,HUDHUD,2014,MIZORAM,KOLASIB,0.0,0.0,0.0,3500000000
2014279N11096,HUDHUD,2014,MIZORAM,AIZAWL,0.0,0.0,0.0,3500000000
2014279N11096,HUDHUD,2014,MIZORAM,SAIHA,0.0,0.0,0.0,3500000000
2014279N11096,HUDHUD,2014,MIZORAM,SAITUAL,0.0,0.0,0.0,3500000000
2014279N11096,HUDHUD,2014,MIZORAM,LAWNGTLAI,0.0,0.0,0.0,3500000000
2014279N11096,HUDHUD,2014,NAGALAND,LONGLENG,0.0,0.0,0.0,3500000000
2014279N11096,HUDHUD,2014,NAGALAND,TUENSANG,0.0,0.0,0.0,3500000000
2014279N11096,HUDHUD,2014,NAGALAND,SHAMATOR,0.0,0.0,0.0,3500000000
2014279N11096,HUDHUD,2014,NAGALAND,DIMAPUR,0.0,0.0,0.0,3500000000
2014279N11096,HUDHUD,2014,NAGALAND,CHUMOUKEDIMA,0.0,0.0,0.0,3500000000
2014279N11096,HUDHUD,2014,NAGALAND,NIULAND,0.0,0.0,0.0,3500000000
2014279N11096,HUDHUD,2014,NAGALAND,PEREN,0.0,0.0,0.0,3500000000
2014279N11096,HUDHUD,2014,NAGALAND,KOHIMA,0.0,0.0,0.0,3500000000
2014279N11096,HUDHUD,2014,NAGALAND,MON,0.0,0.0,0.0,3500000000
2014279N11096,HUDHUD,2014,NAGALAND,KIPHIRE,0.0,0.0,0.0,3500000000
2014279N11096,HUDHUD,2014,NAGALAND,PHEK,0.0,0.0,0.0,3500000000
2014279N11096,HUDHUD,2014,NAGALAND,MOKOKCHUNG,0.0,0.0,0.0,3500000000
2014279N11096,HUDHUD,2014,NAGALAND,ZUNHEBOTO,0.0,0.0,0.0,3500000000
2014279N11096,HUDHUD,2014,NAGALAND,WOKHA,0.0,0.0,0.0,3500000000
2014279N11096,HUDHUD,2014,NAGALAND,TSEMINYU,0.0,0.0,0.0,3500000000
2014279N11096,HUDHUD,2014,NAGALAND,NOKLAK,0.0,0.0,0.0,3500000000
2014279N11096,HUDHUD,2014,PUDUCHERRY,KARAIKAL,0.0,0.0,0.0,3500000000
2014279N11096,HUDHUD,2014,PUDUCHERRY,MAHE,0.0,0.0,0.0,3500000000
2014279N11096,HUDHUD,2014,PUDUCHERRY,PUDUCHERRY,0.0,0.0,0.0,3500000000
2014279N11096,HUDHUD,2014,PUNJAB,FIROZPUR,0.0,0.0,0.0,3500000000
2014279N11096,HUDHUD,2014,PUNJAB,LUDHIANA,0.0,0.0,0.0,3500000000
2014279N11096,HUDHUD,2014,PUNJAB,RUPNAGAR,0.0,0.0,0.0,3500000000
2014279N11096,HUDHUD,2014,PUNJAB,MANSA,0.0,0.0,0.0,3500000000
2014279N11096,HUDHUD,2014,PUNJAB,SRI MUKTSAR SAHIB,0.0,0.0,0.0,3500000000
2014279N11096,HUDHUD,2014,PUNJAB,SAS NAGAR (SAHIBZADA AJIT SINGH NAGAR),0.0,0.0,0.0,3500000000
2014279N11096,HUDHUD,2014,PUNJAB,JALANDHAR,0.0,0.0,0.0,3500000000
2014279N11096,HUDHUD,2014,PUNJAB,PATHANKOT,0.0,0.0,0.0,3500000000
2014279N11096,HUDHUD,2014,PUNJAB,FARIDKOT,0.0,0.0,0.0,3500000000
2014279N11096,HUDHUD,2014,PUNJAB,MOGA,0.0,0.0,0.0,3500000000
2014279N11096,HUDHUD,2014,PUNJAB,HOSHIARPUR,0.0,0.0,0.0,3500000000
2014279N11096,HUDHUD,2014,PUNJAB,BATHINDA,0.0,0.0,0.0,3500000000
2014279N11096,HUDHUD,2014,PUNJAB,TARN TARAN,0.0,0.0,0.0,3500000000
2014279N11096,HUDHUD,2014,PUNJAB,FAZILKA,0.0,0.0,0.0,3500000000
2014279N11096,HUDHUD,2014,PUNJAB,PATIALA,0.0,0.0,0.0,3500000000
2014279N11096,HUDHUD,2014,PUNJAB,SHAHID BHAGAT SINGH NAGAR,0.0,0.0,0.0,3500000000
2014279N11096,HUDHUD,2014,PUNJAB,BARNALA,0.0,0.0,0.0,3500000000
2014279N11096,HUDHUD,2014,PUNJAB,GURDASPUR,0.0,0.0,0.0,3500000000
2014279N11096,HUDHUD,2014,PUNJAB,KAPURTHALA,0.0,0.0,0.0,3500000000
2014279N11096,HUDHUD,2014,PUNJAB,FATEHGARH SAHIB,0.0,0.0,0.0,3500000000
2014279N11096,HUDHUD,2014,PUNJAB,AMRITSAR,0.0,0.0,0.0,3500000000
2014279N11096,HUDHUD,2014,PUNJAB,MALER KOTLA,0.0,0.0,0.0,3500000000
2014279N11096,HUDHUD,2014,PUNJAB,SANGRUR,0.0,0.0,0.0,3500000000
2014279N11096,HUDHUD,2014,RAJASTHAN,AJMER,0.0,0.0,0.0,3500000000
2014279N11096,HUDHUD,2014,RAJASTHAN,ALWAR,0.0,0.0,0.0,3500000000
2014279N11096,HUDHUD,2014,RAJASTHAN,ANOOPGARH,0.0,0.0,0.0,3500000000
2014279N11096,HUDHUD,2014,RAJASTHAN,BALOTRA,0.0,0.0,0.0,3500000000
2014279N11096,HUDHUD,2014,RAJASTHAN,BANSWARA,0.0,0.0,0.0,3500000000
2014279N11096,HUDHUD,2014,RAJASTHAN,BARAN,0.0,0.0,0.0,3500000000
2014279N11096,HUDHUD,2014,RAJASTHAN,BARMER,0.0,0.0,0.0,3500000000
2014279N11096,HUDHUD,2014,RAJASTHAN,BEAWAR,0.0,0.0,0.0,3500000000
2014279N11096,HUDHUD,2014,RAJASTHAN,BHARATPUR,0.0,0.0,0.0,3500000000
2014279N11096,HUDHUD,2014,RAJASTHAN,BHILWARA,0.0,0.0,0.0,3500000000
2014279N11096,HUDHUD,2014,RAJASTHAN,BIKANER,0.0,0.0,0.0,3500000000
2014279N11096,HUDHUD,2014,RAJASTHAN,BUNDI,0.0,0.0,0.0,3500000000
2014279N11096,HUDHUD,2014,RAJASTHAN,CHITTAURGARH,0.0,0.0,0.0,3500000000
2014279N11096,HUDHUD,2014,RAJASTHAN,CHURU,0.0,0.0,0.0,3500000000
2014279N11096,HUDHUD,2014,RAJASTHAN,DAUSA,0.0,0.0,0.0,3500000000
2014279N11096,HUDHUD,2014,RAJASTHAN,DEEG,0.0,0.0,0.0,3500000000
2014279N11096,HUDHUD,2014,RAJASTHAN,DHAULPUR,0.0,0.0,0.0,3500000000
2014279N11096,HUDHUD,2014,RAJASTHAN,DIDWANA-KUCHAMAN,0.0,0.0,0.0,3500000000
2014279N11096,HUDHUD,2014,RAJASTHAN,DUDU,0.0,0.0,0.0,3500000000
2014279N11096,HUDHUD,2014,RAJASTHAN,DUNGARPUR,0.0,0.0,0.0,3500000000
2014279N11096,HUDHUD,2014,RAJASTHAN,GANGANAGAR,0.0,0.0,0.0,3500000000
2014279N11096,HUDHUD,2014,RAJASTHAN,GANGAPURCITY,0.0,0.0,0.0,3500000000
2014279N11096,HUDHUD,2014,RAJASTHAN,HANUMANGARH,0.0,0.0,0.0,3500000000
2014279N11096,HUDHUD,2014,RAJASTHAN,JAIPUR,0.0,0.0,0.0,3500000000
2014279N11096,HUDHUD,2014,RAJASTHAN,JAIPUR(GRAMIN),0.0,0.0,0.0,3500000000
2014279N11096,HUDHUD,2014,RAJASTHAN,JAISALMER,0.0,0.0,0.0,3500000000
2014279N11096,HUDHUD,2014,RAJASTHAN,JALOR,0.0,0.0,0.0,3500000000
2014279N11096,HUDHUD,2014,RAJASTHAN,JHALAWAR,0.0,0.0,0.0,3500000000
2014279N11096,HUDHUD,2014,RAJASTHAN,JHUNJHUNUN,0.0,0.0,0.0,3500000000
2014279N11096,HUDHUD,2014,RAJASTHAN,JODHPUR,0.0,0.0,0.0,3500000000
2014279N11096,HUDHUD,2014,RAJASTHAN,JODHPUR GRAMIN,0.0,0.0,0.0,3500000000
2014279N11096,HUDHUD,2014,RAJASTHAN,KARAULI,0.0,0.0,0.0,3500000000
2014279N11096,HUDHUD,2014,RAJASTHAN,KEKRI,0.0,0.0,0.0,3500000000
2014279N11096,HUDHUD,2014,RAJASTHAN,KHAIRTHAL-TIJARA,0.0,0.0,0.0,3500000000
2014279N11096,HUDHUD,2014,RAJASTHAN,KOTA,0.0,0.0,0.0,3500000000
2014279N11096,HUDHUD,2014,RAJASTHAN,KOTPUTLI-BEHROR,0.0,0.0,0.0,3500000000
2014279N11096,HUDHUD,2014,RAJASTHAN,NAGAUR,0.0,0.0,0.0,3500000000
2014279N11096,HUDHUD,2014,RAJASTHAN,NEEM-KA-THANA,0.0,0.0,0.0,3500000000
2014279N11096,HUDHUD,2014,RAJASTHAN,PALI,0.0,0.0,0.0,3500000000
2014279N11096,HUDHUD,2014,RAJASTHAN,PHALODI,0.0,0.0,0.0,3500000000
2014279N11096,HUDHUD,2014,RAJASTHAN,PRATAPGARH,0.0,0.0,0.0,3500000000
2014279N11096,HUDHUD,2014,RAJASTHAN,RAJSAMAND,0.0,0.0,0.0,3500000000
2014279N11096,HUDHUD,2014,RAJASTHAN,SALUMBAR,0.0,0.0,0.0,3500000000
2014279N11096,HUDHUD,2014,RAJASTHAN,SANCHORE,0.0,0.0,0.0,3500000000
2014279N11096,HUDHUD,2014,RAJASTHAN,SAWAI MADHOPUR,0.0,0.0,0.0,3500000000
2014279N11096,HUDHUD,2014,RAJASTHAN,SHAHPURA,0.0,0.0,0.0,3500000000
2014279N11096,HUDHUD,2014,RAJASTHAN,SIKAR,0.0,0.0,0.0,3500000000
2014279N11096,HUDHUD,2014,RAJASTHAN,SIROHI,0.0,0.0,0.0,3500000000
2014279N11096,HUDHUD,2014,RAJASTHAN,TONK,0.0,0.0,0.0,3500000000
2014279N11096,HUDHUD,2014,RAJASTHAN,UDAIPUR,0.0,0.0,0.0,3500000000
2014279N11096,HUDHUD,2014,SIKKIM,GYALSHING,0.0,0.0,0.0,3500000000
2014279N11096,HUDHUD,2014,SIKKIM,PAKYONG,0.0,0.0,0.0,3500000000
2014279N11096,HUDHUD,2014,SIKKIM,NAMCHI,0.0,0.0,0.0,3500000000
2014279N11096,HUDHUD,2014,SIKKIM,MANGAN,0.0,0.0,0.0,3500000000
2014279N11096,HUDHUD,2014,SIKKIM,GANGTOK,0.0,0.0,0.0,3500000000
2014279N11096,HUDHUD,2014,SIKKIM,SORENG,0.0,0.0,0.0,3500000000
2014279N11096,HUDHUD,2014,TAMIL NADU,ARIYALUR,0.0,0.0,0.0,3500000000
2014279N11096,HUDHUD,2014,TAMIL NADU,CHENGALPATTU,0.0,0.0,0.0,3500000000
2014279N11096,HUDHUD,2014,TAMIL NADU,CHENNAI,0.0,0.0,0.0,3500000000
2014279N11096,HUDHUD,2014,TAMIL NADU,COIMBATORE,0.0,0.0,0.0,3500000000
2014279N11096,HUDHUD,2014,TAMIL NADU,CUDDALORE,0.0,0.0,0.0,3500000000
2014279N11096,HUDHUD,2014,TAMIL NADU,DHARMAPURI,0.0,0.0,0.0,3500000000
2014279N11096,HUDHUD,2014,TAMIL NADU,DINDIGUL,0.0,0.0,0.0,3500000000
2014279N11096,HUDHUD,2014,TAMIL NADU,ERODE,0.0,0.0,0.0,3500000000
2014279N11096,HUDHUD,2014,TAMIL NADU,KALLAKKURICHI,0.0,0.0,0.0,3500000000
2014279N11096,HUDHUD,2014,TAMIL NADU,KANCHIPURAM,0.0,0.0,0.0,3500000000
2014279N11096,HUDHUD,2014,TAMIL NADU,KANNIYAKUMARI,0.0,0.0,0.0,3500000000
2014279N11096,HUDHUD,2014,TAMIL NADU,KARUR,0.0,0.0,0.0,3500000000
2014279N11096,HUDHUD,2014,TAMIL NADU,KRISHNAGIRI,0.0,0.0,0.0,3500000000
2014279N11096,HUDHUD,2014,TAMIL NADU,MADURAI,0.0,0.0,0.0,3500000000
2014279N11096,HUDHUD,2014,TAMIL NADU,MAYILADUTHURAI,0.0,0.0,0.0,3500000000
2014279N11096,HUDHUD,2014,TAMIL NADU,NAGAPATTINAM,0.0,0.0,0.0,3500000000
2014279N11096,HUDHUD,2014,TAMIL NADU,NAMAKKAL,0.0,0.0,0.0,3500000000
2014279N11096,HUDHUD,2014,TAMIL NADU,PERAMBALUR,0.0,0.0,0.0,3500000000
2014279N11096,HUDHUD,2014,TAMIL NADU,PUDUKKOTTAI,0.0,0.0,0.0,3500000000
2014279N11096,HUDHUD,2014,TAMIL NADU,RAMANATHAPURAM,0.0,0.0,0.0,3500000000
2014279N11096,HUDHUD,2014,TAMIL NADU,RANIPET,0.0,0.0,0.0,3500000000
2014279N11096,HUDHUD,2014,TAMIL NADU,SALEM,0.0,0.0,0.0,3500000000
2014279N11096,HUDHUD,2014,TAMIL NADU,SIVAGANGA,0.0,0.0,0.0,3500000000
2014279N11096,HUDHUD,2014,TAMIL NADU,TENKASI,0.0,0.0,0.0,3500000000
2014279N11096,HUDHUD,2014,TAMIL NADU,THANJAVUR,0.0,0.0,0.0,3500000000
2014279N11096,HUDHUD,2014,TAMIL NADU,THE NILGIRIS,0.0,0.0,0.0,3500000000
2014279N11096,HUDHUD,2014,TAMIL NADU,THENI,0.0,0.0,0.0,3500000000
2014279N11096,HUDHUD,2014,TAMIL NADU,THIRUVALLUR,0.0,0.0,0.0,3500000000
2014279N11096,HUDHUD,2014,TAMIL NADU,THIRUVARUR,0.0,0.0,0.0,3500000000
2014279N11096,HUDHUD,2014,TAMIL NADU,THOOTHUKUDI,0.0,0.0,0.0,3500000000
2014279N11096,HUDHUD,2014,TAMIL NADU,TIRUCHIRAPPALLI,0.0,0.0,0.0,3500000000
2014279N11096,HUDHUD,2014,TAMIL NADU,TIRUNELVELI,0.0,0.0,0.0,3500000000
2014279N11096,HUDHUD,2014,TAMIL NADU,TIRUPATHUR,0.0,0.0,0.0,3500000000
2014279N11096,HUDHUD,2014,TAMIL NADU,TIRUPPUR,0.0,0.0,0.0,3500000000
2014279N11096,HUDHUD,2014,TAMIL NADU,TIRUVANNAMALAI,0.0,0.0,0.0,3500000000
2014279N11096,HUDHUD,2014,TAMIL NADU,VELLORE,0.0,0.0,0.0,3500000000
2014279N11096,HUDHUD,2014,TAMIL NADU,VILUPPURAM,0.0,0.0,0.0,3500000000
2014279N11096,HUDHUD,2014,TAMIL NADU,VIRUDHUNAGAR,0.0,0.0,0.0,3500000000
2014279N11096,HUDHUD,2014,TELANGANA,ADILABAD,0.0,0.0,0.0,3500000000
2014279N11096,HUDHUD,2014,TELANGANA,BHADRADRI KOTHAGUDEM,0.0,0.0,0.0,3500000000
2014279N11096,HUDHUD,2014,TELANGANA,HANUMAKONDA,0.0,0.0,0.0,3500000000
2014279N11096,HUDHUD,2014,TELANGANA,HYDERABAD,0.0,0.0,0.0,3500000000
2014279N11096,HUDHUD,2014,TELANGANA,JAGTIAL,0.0,0.0,0.0,3500000000
2014279N11096,HUDHUD,2014,TELANGANA,JANGOAN,0.0,0.0,0.0,3500000000
2014279N11096,HUDHUD,2014,TELANGANA,JAYASHANKAR BHUPALPALLI,0.0,0.0,0.0,3500000000
2014279N11096,HUDHUD,2014,TELANGANA,JOGULAMBA GADWAL,0.0,0.0,0.0,3500000000
2014279N11096,HUDHUD,2014,TELANGANA,KAMAREDDY,0.0,0.0,0.0,3500000000
2014279N11096,HUDHUD,2014,TELANGANA,KARIMNAGAR,0.0,0.0,0.0,3500000000
2014279N11096,HUDHUD,2014,TELANGANA,KHAMMAM,0.0,0.0,0.0,3500000000
2014279N11096,HUDHUD,2014,TELANGANA,KOMARRAM BHEEM,0.0,0.0,0.0,3500000000
2014279N11096,HUDHUD,2014,TELANGANA,MAHABUBABAD,0.0,0.0,0.0,3500000000
2014279N11096,HUDHUD,2014,TELANGANA,MAHABUBNAGAR,0.0,0.0,0.0,3500000000
2014279N11096,HUDHUD,2014,TELANGANA,MANCHERIAL,0.0,0.0,0.0,3500000000
2014279N11096,HUDHUD,2014,TELANGANA,MEDAK,0.0,0.0,0.0,3500000000
2014279N11096,HUDHUD,2014,TELANGANA,MEDCHAL_MALKAJGIRI,0.0,0.0,0.0,3500000000
2014279N11096,HUDHUD,2014,TELANGANA,MULUGU,0.0,0.0,0.0,3500000000
2014279N11096,HUDHUD,2014,TELANGANA,NAGARKURNOOL,0.0,0.0,0.0,3500000000
2014279N11096,HUDHUD,2014,TELANGANA,NALGONDA,0.0,0.0,0.0,3500000000
2014279N11096,HUDHUD,2014,TELANGANA,NARAYANPET,0.0,0.0,0.0,3500000000
2014279N11096,HUDHUD,2014,TELANGANA,NIRMAL,0.0,0.0,0.0,3500000000
2014279N11096,HUDHUD,2014,TELANGANA,NIZAMABAD,0.0,0.0,0.0,3500000000
2014279N11096,HUDHUD,2014,TELANGANA,PEDDAPALLI,0.0,0.0,0.0,3500000000
2014279N11096,HUDHUD,2014,TELANGANA,RAJANNA SIRCILLA,0.0,0.0,0.0,3500000000
2014279N11096,HUDHUD,2014,TELANGANA,RANGA REDDY,0.0,0.0,0.0,3500000000
2014279N11096,HUDHUD,2014,TELANGANA,SANGAREDDY,0.0,0.0,0.0,3500000000
2014279N11096,HUDHUD,2014,TELANGANA,SIDDIPET,0.0,0.0,0.0,3500000000
2014279N11096,HUDHUD,2014,TELANGANA,SURIYAPET,0.0,0.0,0.0,3500000000
2014279N11096,HUDHUD,2014,TELANGANA,VIKARABAD,0.0,0.0,0.0,3500000000
2014279N11096,HUDHUD,2014,TELANGANA,WANPARTI,0.0,0.0,0.0,3500000000
2014279N11096,HUDHUD,2014,TELANGANA,WARANGAL,0.0,0.0,0.0,3500000000
2014279N11096,HUDHUD,2014,TELANGANA,YADADRI BHUVANAGIRI,0.0,0.0,0.0,3500000000
2014279N11096,HUDHUD,2014,TRIPURA,SOUTH TRIPURA,0.0,0.0,0.0,3500000000
2014279N11096,HUDHUD,2014,TRIPURA,WEST TRIPURA,0.0,0.0,0.0,3500000000
2014279N11096,HUDHUD,2014,TRIPURA,DHALAI,0.0,0.0,0.0,3500000000
2014279N11096,HUDHUD,2014,TRIPURA,KHOWAI,0.0,0.0,0.0,3500000000
2014279N11096,HUDHUD,2014,TRIPURA,UNAKOTI,0.0,0.0,0.0,3500000000
2014279N11096,HUDHUD,2014,TRIPURA,NORTH TRIPURA,0.0,0.0,0.0,3500000000
2014279N11096,HUDHUD,2014,TRIPURA,SEPAHIJALA,0.0,0.0,0.0,3500000000
2014279N11096,HUDHUD,2014,TRIPURA,GOMTI,0.0,0.0,0.0,3500000000
2014279N11096,HUDHUD,2014,UTTARAKHAND,B>GESHWAR,0.0,0.0,0.0,3500000000
2014279N11096,HUDHUD,2014,UTTARAKHAND,CHAMP>WAT,0.0,0.0,0.0,3500000000
2014279N11096,HUDHUD,2014,UTTARAKHAND,HARIDW>R,0.0,0.0,0.0,3500000000
2014279N11096,HUDHUD,2014,UTTARAKHAND,NAINIT>L,0.0,0.0,0.0,3500000000
2014279N11096,HUDHUD,2014,UTTARAKHAND,PAURI GARHW>L,0.0,0.0,0.0,3500000000
2014279N11096,HUDHUD,2014,UTTARAKHAND,RUDRAPRAY>G,0.0,0.0,0.0,3500000000
2014279N11096,HUDHUD,2014,UTTARAKHAND,TEHRI GARHW>L,0.0,0.0,0.0,3500000000
2014279N11096,HUDHUD,2014,UTTARAKHAND,UDHAM SINGH NAGAR,0.0,0.0,0.0,3500000000
2014279N11096,HUDHUD,2014,UTTARAKHAND,CHAMOLI,0.0,0.0,0.0,3500000000
2014279N11096,HUDHUD,2014,UTTARAKHAND,PITHOR>GARH,0.0,0.0,0.0,3500000000
2014279N11096,HUDHUD,2014,UTTARAKHAND,UTTARK>SHI,0.0,0.0,0.0,3500000000
2014279N11096,HUDHUD,2014,WEST BENGAL,MURSHID>B>D,0.0,0.0,0.0,3500000000
2014279N11096,HUDHUD,2014,WEST BENGAL,SOUTH 24PARGANAS,0.0,0.0,0.0,3500000000
2014279N11096,HUDHUD,2014,WEST BENGAL,PURULIYA,0.0,0.0,0.0,3500000000
2014279N11096,HUDHUD,2014,WEST BENGAL,PASCHIM MEDIN|PUR,0.0,0.0,0.0,3500000000
2014279N11096,HUDHUD,2014,WEST BENGAL,PASCHIM BARDDHAM>N,0.0,0.0,0.0,3500000000
2014279N11096,HUDHUD,2014,WEST BENGAL,NORTH TWENTY-FOUR PARGANAS,0.0,0.0,0.0,3500000000
2014279N11096,HUDHUD,2014,WEST BENGAL,KOCH BIH>R,0.0,0.0,0.0,3500000000
2014279N11096,HUDHUD,2014,WEST BENGAL,JHARGRAM,0.0,0.0,0.0,3500000000
2014279N11096,HUDHUD,2014,WEST BENGAL,JALP>IGURI,0.0,0.0,0.0,3500000000
2014279N11096,HUDHUD,2014,WEST BENGAL,HUGLI,0.0,0.0,0.0,3500000000
2014279N11096,HUDHUD,2014,WEST BENGAL,B>NKURA,0.0,0.0,0.0,3500000000
2014279N11096,HUDHUD,2014,WEST BENGAL,>L|PUR DU>R,0.0,0.0,0.0,3500000000
2014279N11096,HUDHUD,2014,WEST BENGAL,UTTAR DIN>JPUR,0.0,0.0,0.0,3500000000
2014279N11096,HUDHUD,2014,WEST BENGAL,PURBA MEDIN|PUR,0.0,0.0,0.0,3500000000
2014279N11096,HUDHUD,2014,WEST BENGAL,PURBA BARDDHAM>N,0.0,0.0,0.0,3500000000
2014279N11096,HUDHUD,2014,WEST BENGAL,NADIA,0.0,0.0,0.0,3500000000
2014279N11096,HUDHUD,2014,WEST BENGAL,M>LDAH,0.0,0.0,0.0,3500000000
2014279N11096,HUDHUD,2014,WEST BENGAL,K>LIMPONG,0.0,0.0,0.0,3500000000
2014279N11096,HUDHUD,2014,WEST BENGAL,H>ORA,0.0,0.0,0.0,3500000000
2014279N11096,HUDHUD,2014,WEST BENGAL,D>RJILING,0.0,0.0,0.0,3500000000
2014279N11096,HUDHUD,2014,WEST BENGAL,DAKSHIN DIN>JPUR,0.0,0.0,0.0,3500000000
2014279N11096,HUDHUD,2014,WEST BENGAL,B|RBH@M,0.0,0.0,0.0,3500000000
2014279N11096,HUDHUD,2014,WEST BENGAL,P@RBA MEDIN|PUR,0.0,0.0,0.0,3500000000
2014279N11096,HUDHUD,2014,KARNATAKA,UDUPI,0.0,0.0,0.0,3500000000
2014279N11096,HUDHUD,2014,ODISHA,KENDRAPARA,0.0,0.0,0.0,3500000000
2014279N11096,HUDHUD,2014,ODISHA,BHADRAK,0.0,0.0,0.0,3500000000
2014279N11096,HUDHUD,2014,ODISHA,BARGARH,0.0,0.0,0.0,3500000000
2014279N11096,HUDHUD,2014,ODISHA,KEONJHAR (KENDUJHAR),0.0,0.0,0.0,3500000000
2014279N11096,HUDHUD,2014,ODISHA,ANUGUL,0.0,0.0,0.0,3500000000
2014279N11096,HUDHUD,2014,ODISHA,BALANGIR,0.0,0.0,0.0,3500000000
2014279N11096,HUDHUD,2014,ODISHA,BALASORE,0.0,0.0,0.0,3500000000
2014279N11096,HUDHUD,2014,ODISHA,DHENKANAL,0.0,0.0,0.0,3500000000
2014279N11096,HUDHUD,2014,ODISHA,JHARSUGUDA,0.0,0.0,0.0,3500000000
2014279N11096,HUDHUD,2014,ODISHA,MAYURBHANJ,0.0,0.0,0.0,3500000000
2014279N11096,HUDHUD,2014,ODISHA,JAGATSINGHPUR,0.0,0.0,0.0,3500000000
2014279N11096,HUDHUD,2014,ODISHA,KANDHAMAL,0.0,0.0,0.0,3500000000
2014279N11096,HUDHUD,2014,ODISHA,CUTTACK,0.0,0.0,0.0,3500000000
2014279N11096,HUDHUD,2014,ODISHA,KORAPUT,29613157.57371121,0.0225932228457039,79076279.95996389,3500000000
2014279N11096,HUDHUD,2014,ODISHA,NABARANGAPUR,0.0,0.0,0.0,3500000000
2014279N11096,HUDHUD,2014,ODISHA,PURI,0.0,0.0,0.0,3500000000
2014279N11096,HUDHUD,2014,ODISHA,SAMBALPUR,0.0,0.0,0.0,3500000000
2014279N11096,HUDHUD,2014,ODISHA,GAJAPATI,13943.973428840396,0.0,0.0,3500000000
2014279N11096,HUDHUD,2014,ODISHA,GANJAM,0.0,0.0,0.0,3500000000
2014279N11096,HUDHUD,2014,ODISHA,MALKANGIRI,545556.9246355065,0.0016200013136271,5670004.597695122,3500000000
2014279N11096,HUDHUD,2014,ODISHA,KHORDHA,0.0,0.0,0.0,3500000000
2014279N11096,HUDHUD,2014,ODISHA,BOUDH,0.0,0.0,0.0,3500000000
2014279N11096,HUDHUD,2014,ODISHA,DEOGARH,0.0,0.0,0.0,3500000000
2014279N11096,HUDHUD,2014,ODISHA,NUAPARHA,0.0,0.0,0.0,3500000000
2014279N11096,HUDHUD,2014,ODISHA,JAJAPUR,0.0,0.0,0.0,3500000000
2014279N11096,HUDHUD,2014,ODISHA,SUNDARGARH,0.0,0.0,0.0,3500000000
2014279N11096,HUDHUD,2014,ODISHA,KALAHANDI,0.0,0.0,0.0,3500000000
2014279N11096,HUDHUD,2014,ODISHA,SUBARNAPUR,0.0,0.0,0.0,3500000000
2014279N11096,HUDHUD,2014,ODISHA,RAYAGARHA,0.0,0.0,0.0,3500000000
2014279N11096,HUDHUD,2014,ODISHA,NAYAGARH,0.0,0.0,0.0,3500000000
2014279N11096,HUDHUD,2014,CHANDIGARH,CHANDIGARH,0.0,0.0,0.0,3500000000
2014279N11096,HUDHUD,2014,UTTARAKHAND,ALMORA,0.0,0.0,0.0,3500000000
2014279N11096,HUDHUD,2014,UTTARAKHAND,DEHRAD@N,0.0,0.0,0.0,3500000000
2014279N11096,HUDHUD,2014,KARNATAKA,TUMAK#RU,0.0,0.0,0.0,3500000000
2014279N11096,HUDHUD,2014,KARNATAKA,B\DAR,0.0,0.0,0.0,3500000000
2014279N11096,HUDHUD,2014,MADHYA PRADESH,SIDHI,0.0,0.0,0.0,3500000000
2014279N11096,HUDHUD,2014,KARNATAKA,KODAGU,0.0,0.0,0.0,3500000000
2014279N11096,HUDHUD,2014,MADHYA PRADESH,DATIA,0.0,0.0,0.0,3500000000
2014279N11096,HUDHUD,2014,UTTAR PRADESH,AGRA,0.0,0.0,0.0,3500000000
2014279N11096,HUDHUD,2014,UTTAR PRADESH,ALIGARH,0.0,0.0,0.0,3500000000
2014279N11096,HUDHUD,2014,UTTAR PRADESH,AMBEDKAR NAGAR,0.0,0.0,0.0,3500000000
2014279N11096,HUDHUD,2014,UTTAR PRADESH,AMETHI,0.0,0.0,0.0,3500000000
2014279N11096,HUDHUD,2014,UTTAR PRADESH,AMROHA,0.0,0.0,0.0,3500000000
2014279N11096,HUDHUD,2014,UTTAR PRADESH,AURAIYA,0.0,0.0,0.0,3500000000
2014279N11096,HUDHUD,2014,UTTAR PRADESH,AYODHYA,0.0,0.0,0.0,3500000000
2014279N11096,HUDHUD,2014,UTTAR PRADESH,AZAMGARH,0.0,0.0,0.0,3500000000
2014279N11096,HUDHUD,2014,UTTAR PRADESH,BAGHPAT,0.0,0.0,0.0,3500000000
2014279N11096,HUDHUD,2014,UTTAR PRADESH,BAHRAICH,0.0,0.0,0.0,3500000000
2014279N11096,HUDHUD,2014,UTTAR PRADESH,BALLIA,0.0,0.0,0.0,3500000000
2014279N11096,HUDHUD,2014,UTTAR PRADESH,BARA BANKI,0.0,0.0,0.0,3500000000
2014279N11096,HUDHUD,2014,UTTAR PRADESH,BAREILLY,0.0,0.0,0.0,3500000000
2014279N11096,HUDHUD,2014,UTTAR PRADESH,BASTI,0.0,0.0,0.0,3500000000
2014279N11096,HUDHUD,2014,UTTAR PRADESH,BHADOHI,0.0,0.0,0.0,3500000000
2014279N11096,HUDHUD,2014,UTTAR PRADESH,BIJNOR,0.0,0.0,0.0,3500000000
2014279N11096,HUDHUD,2014,UTTAR PRADESH,BUDAUN,0.0,0.0,0.0,3500000000
2014279N11096,HUDHUD,2014,UTTAR PRADESH,BULANDSHAHR,0.0,0.0,0.0,3500000000
2014279N11096,HUDHUD,2014,UTTAR PRADESH,CHANDAULI,0.0,0.0,0.0,3500000000
2014279N11096,HUDHUD,2014,UTTAR PRADESH,CHITRAKOOT,0.0,0.0,0.0,3500000000
2014279N11096,HUDHUD,2014,UTTAR PRADESH,DEORIA,0.0,0.0,0.0,3500000000
2014279N11096,HUDHUD,2014,UTTAR PRADESH,ETAH,0.0,0.0,0.0,3500000000
2014279N11096,HUDHUD,2014,UTTAR PRADESH,ETAWAH,0.0,0.0,0.0,3500000000
2014279N11096,HUDHUD,2014,UTTAR PRADESH,FARRUKHABAD,0.0,0.0,0.0,3500000000
2014279N11096,HUDHUD,2014,UTTAR PRADESH,FATEHPUR,0.0,0.0,0.0,3500000000
2014279N11096,HUDHUD,2014,UTTAR PRADESH,FIROZABAD,0.0,0.0,0.0,3500000000
2014279N11096,HUDHUD,2014,UTTAR PRADESH,GAUTAM BUDDHA NAGAR,0.0,0.0,0.0,3500000000
2014279N11096,HUDHUD,2014,UTTAR PRADESH,GHAZIABAD,0.0,0.0,0.0,3500000000
2014279N11096,HUDHUD,2014,UTTAR PRADESH,GHAZIPUR,0.0,0.0,0.0,3500000000
2014279N11096,HUDHUD,2014,UTTAR PRADESH,GONDA,0.0,0.0,0.0,3500000000
2014279N11096,HUDHUD,2014,UTTAR PRADESH,GORAKHPUR,0.0,0.0,0.0,3500000000
2014279N11096,HUDHUD,2014,UTTAR PRADESH,HAMIRPUR,0.0,0.0,0.0,3500000000
2014279N11096,HUDHUD,2014,UTTAR PRADESH,HAPUR,0.0,0.0,0.0,3500000000
2014279N11096,HUDHUD,2014,UTTAR PRADESH,HARDOI,0.0,0.0,0.0,3500000000
2014279N11096,HUDHUD,2014,UTTAR PRADESH,HATHRAS,0.0,0.0,0.0,3500000000
2014279N11096,HUDHUD,2014,UTTAR PRADESH,JALAUN,0.0,0.0,0.0,3500000000
2014279N11096,HUDHUD,2014,UTTAR PRADESH,JAUNPUR,0.0,0.0,0.0,3500000000
2014279N11096,HUDHUD,2014,UTTAR PRADESH,JHANSI,0.0,0.0,0.0,3500000000
2014279N11096,HUDHUD,2014,UTTAR PRADESH,KANNAUJ,0.0,0.0,0.0,3500000000
2014279N11096,HUDHUD,2014,UTTAR PRADESH,KANPUR DEHAT,0.0,0.0,0.0,3500000000
2014279N11096,HUDHUD,2014,UTTAR PRADESH,KANPUR NAGAR,0.0,0.0,0.0,3500000000
2014279N11096,HUDHUD,2014,UTTAR PRADESH,KASGANJ,0.0,0.0,0.0,3500000000
2014279N11096,HUDHUD,2014,UTTAR PRADESH,KAUSHAMBI,0.0,0.0,0.0,3500000000
2014279N11096,HUDHUD,2014,UTTAR PRADESH,KHERI,0.0,0.0,0.0,3500000000
2014279N11096,HUDHUD,2014,UTTAR PRADESH,KUSHINAGAR,0.0,0.0,0.0,3500000000
2014279N11096,HUDHUD,2014,UTTAR PRADESH,LALITPUR,0.0,0.0,0.0,3500000000
2014279N11096,HUDHUD,2014,UTTAR PRADESH,LUCKNOW,0.0,0.0,0.0,3500000000
2014279N11096,HUDHUD,2014,UTTAR PRADESH,MAHOBA,0.0,0.0,0.0,3500000000
2014279N11096,HUDHUD,2014,UTTAR PRADESH,MAHRAJGANJ,0.0,0.0,0.0,3500000000
2014279N11096,HUDHUD,2014,UTTAR PRADESH,MAINPURI,0.0,0.0,0.0,3500000000
2014279N11096,HUDHUD,2014,UTTAR PRADESH,MATHURA,0.0,0.0,0.0,3500000000
2014279N11096,HUDHUD,2014,UTTAR PRADESH,MAU,0.0,0.0,0.0,3500000000
2014279N11096,HUDHUD,2014,UTTAR PRADESH,MEERUT,0.0,0.0,0.0,3500000000
2014279N11096,HUDHUD,2014,UTTAR PRADESH,MIRZAPUR,0.0,0.0,0.0,3500000000
2014279N11096,HUDHUD,2014,UTTAR PRADESH,MORADABAD,0.0,0.0,0.0,3500000000
2014279N11096,HUDHUD,2014,UTTAR PRADESH,MUZAFFARNAGAR,0.0,0.0,0.0,3500000000
2014279N11096,HUDHUD,2014,UTTAR PRADESH,PILIBHIT,0.0,0.0,0.0,3500000000
2014279N11096,HUDHUD,2014,UTTAR PRADESH,PRAYAGRAJ,0.0,0.0,0.0,3500000000
2014279N11096,HUDHUD,2014,UTTAR PRADESH,RAE BARELI,0.0,0.0,0.0,3500000000
2014279N11096,HUDHUD,2014,UTTAR PRADESH,RAMPUR,0.0,0.0,0.0,3500000000
2014279N11096,HUDHUD,2014,UTTAR PRADESH,SAHARANPUR,0.0,0.0,0.0,3500000000
2014279N11096,HUDHUD,2014,UTTAR PRADESH,SAMBHAL,0.0,0.0,0.0,3500000000
2014279N11096,HUDHUD,2014,UTTAR PRADESH,SANT KABIR NAGAR,0.0,0.0,0.0,3500000000
2014279N11096,HUDHUD,2014,UTTAR PRADESH,SHAHJAHANPUR,0.0,0.0,0.0,3500000000
2014279N11096,HUDHUD,2014,UTTAR PRADESH,SHAMLI,0.0,0.0,0.0,3500000000
2014279N11096,HUDHUD,2014,UTTAR PRADESH,SHRAWASTI,0.0,0.0,0.0,3500000000
2014279N11096,HUDHUD,2014,UTTAR PRADESH,SIDDHARTHNAGAR,0.0,0.0,0.0,3500000000
2014279N11096,HUDHUD,2014,UTTAR PRADESH,SITAPUR,0.0,0.0,0.0,3500000000
2014279N11096,HUDHUD,2014,UTTAR PRADESH,SONBHADRA,0.0,0.0,0.0,3500000000
2014279N11096,HUDHUD,2014,UTTAR PRADESH,SULTANPUR,0.0,0.0,0.0,3500000000
2014279N11096,HUDHUD,2014,UTTAR PRADESH,UNNAO,0.0,0.0,0.0,3500000000
2014279N11096,HUDHUD,2014,UTTAR PRADESH,VARANASI,0.0,0.0,0.0,3500000000
2014279N11096,HUDHUD,2014,UTTAR PRADESH,BANDA,0.0,0.0,0.0,3500000000
2014279N11096,HUDHUD,2014,WEST BENGAL,KOLK>TA,0.0,0.0,0.0,3500000000
2014279N11096,HUDHUD,2014,MIZORAM,KHAWZAWL,0.0,0.0,0.0,3500000000
2014279N11096,HUDHUD,2014,ARUNACHAL PRADESH,LOHIT,0.0,0.0,0.0,3500000000
2014279N11096,HUDHUD,2014,LAKSHADWEEP,LAKSHADWEEP,0.0,0.0,0.0,3500000000
2021143N15090,YAAS,2021,ANDHRA PRADESH,ALLURI SITHARAMA RAJU,0.0,0.0,0.0,2990000000
2021143N15090,YAAS,2021,ANDHRA PRADESH,ANAKAPALLI,0.0,0.0,0.0,2990000000
2021143N15090,YAAS,2021,ANDHRA PRADESH,ANANTHAPURAMU,0.0,0.0,0.0,2990000000
2021143N15090,YAAS,2021,ANDHRA PRADESH,ANNAMAYYA,0.0,0.0,0.0,2990000000
2021143N15090,YAAS,2021,ANDHRA PRADESH,BAPATLA,0.0,0.0,0.0,2990000000
2021143N15090,YAAS,2021,ANDHRA PRADESH,CHITTOOR,0.0,0.0,0.0,2990000000
2021143N15090,YAAS,2021,ANDHRA PRADESH,DR.B.R.AMBEDKAR KONASEEMA,0.0,0.0,0.0,2990000000
2021143N15090,YAAS,2021,ANDHRA PRADESH,EAST GODAVARI,0.0,0.0,0.0,2990000000
2021143N15090,YAAS,2021,ANDHRA PRADESH,ELURU,0.0,0.0,0.0,2990000000
2021143N15090,YAAS,2021,ANDHRA PRADESH,GUNTUR,0.0,0.0,0.0,2990000000
2021143N15090,YAAS,2021,ANDHRA PRADESH,KAKINADA,0.0,0.0,0.0,2990000000
2021143N15090,YAAS,2021,ANDHRA PRADESH,KRISHNA,0.0,0.0,0.0,2990000000
2021143N15090,YAAS,2021,ANDHRA PRADESH,KURNOOL,0.0,0.0,0.0,2990000000
2021143N15090,YAAS,2021,ANDHRA PRADESH,NANDYAL,0.0,0.0,0.0,2990000000
2021143N15090,YAAS,2021,ANDHRA PRADESH,NTR,0.0,0.0,0.0,2990000000
2021143N15090,YAAS,2021,ANDHRA PRADESH,PALNADU,0.0,0.0,0.0,2990000000
2021143N15090,YAAS,2021,ANDHRA PRADESH,PARVATHIPURAM MANYAM,0.0,0.0,0.0,2990000000
2021143N15090,YAAS,2021,ANDHRA PRADESH,PRAKASAM,0.0,0.0,0.0,2990000000
2021143N15090,YAAS,2021,ANDHRA PRADESH,SRI POTTI SRIRAMULU NELLORE,0.0,0.0,0.0,2990000000
2021143N15090,YAAS,2021,ANDHRA PRADESH,SRI SATHYA SAI,0.0,0.0,0.0,2990000000
2021143N15090,YAAS,2021,ANDHRA PRADESH,SRIKAKULAM,0.0,0.0,0.0,2990000000
2021143N15090,YAAS,2021,ANDHRA PRADESH,TIRUPATI,0.0,0.0,0.0,2990000000
2021143N15090,YAAS,2021,ANDHRA PRADESH,VISAKHAPATNAM,0.0,0.0,0.0,2990000000
2021143N15090,YAAS,2021,ANDHRA PRADESH,VIZIANAGARAM,0.0,0.0,0.0,2990000000
2021143N15090,YAAS,2021,ANDHRA PRADESH,WEST GODAVARI,0.0,0.0,0.0,2990000000
2021143N15090,YAAS,2021,PUDUCHERRY,YANAM,0.0,0.0,0.0,2990000000
2021143N15090,YAAS,2021,ANDHRA PRADESH,YSR KADAPA,0.0,0.0,0.0,2990000000
2021143N15090,YAAS,2021,ANDAMAN AND NICOBAR ISLANDS,NICOBARS,0.0,0.0,0.0,2990000000
2021143N15090,YAAS,2021,ANDAMAN AND NICOBAR ISLANDS,NORTH AND MIDDLE ANDAMAN,0.0,0.0,0.0,2990000000
2021143N15090,YAAS,2021,ANDAMAN AND NICOBAR ISLANDS,SOUTH ANDAMANS,0.0,0.0,0.0,2990000000
2021143N15090,YAAS,2021,ARUNACHAL PRADESH,>NJ>W,0.0,0.0,0.0,2990000000
2021143N15090,YAAS,2021,ARUNACHAL PRADESH,CH>NGL>NG,0.0,0.0,0.0,2990000000
2021143N15090,YAAS,2021,ARUNACHAL PRADESH,DIB>NG VALLEY,0.0,0.0,0.0,2990000000
2021143N15090,YAAS,2021,ARUNACHAL PRADESH,EAST KAMENG,0.0,0.0,0.0,2990000000
2021143N15090,YAAS,2021,ARUNACHAL PRADESH,EAST SIANG,0.0,0.0,0.0,2990000000
2021143N15090,YAAS,2021,ARUNACHAL PRADESH,KURUNG KUMEY,0.0,0.0,0.0,2990000000
2021143N15090,YAAS,2021,ARUNACHAL PRADESH,LOWER DIB>NG VALLEY,0.0,0.0,0.0,2990000000
2021143N15090,YAAS,2021,ARUNACHAL PRADESH,PAPUMPARE,0.0,0.0,0.0,2990000000
2021143N15090,YAAS,2021,ARUNACHAL PRADESH,TAWANG,0.0,0.0,0.0,2990000000
2021143N15090,YAAS,2021,ARUNACHAL PRADESH,TIR>P,0.0,0.0,0.0,2990000000
2021143N15090,YAAS,2021,ARUNACHAL PRADESH,UPPER SIANG,0.0,0.0,0.0,2990000000
2021143N15090,YAAS,2021,ARUNACHAL PRADESH,UPPER SUBANSIRI,0.0,0.0,0.0,2990000000
2021143N15090,YAAS,2021,ARUNACHAL PRADESH,WEST KAMENG,0.0,0.0,0.0,2990000000
2021143N15090,YAAS,2021,ARUNACHAL PRADESH,SHI YOMI,0.0,0.0,0.0,2990000000
2021143N15090,YAAS,2021,ARUNACHAL PRADESH,NAMSAI,0.0,0.0,0.0,2990000000
2021143N15090,YAAS,2021,ARUNACHAL PRADESH,WEST SIANG,0.0,0.0,0.0,2990000000
2021143N15090,YAAS,2021,ARUNACHAL PRADESH,SIANG,0.0,0.0,0.0,2990000000
2021143N15090,YAAS,2021,ARUNACHAL PRADESH,LONGDING,0.0,0.0,0.0,2990000000
2021143N15090,YAAS,2021,ARUNACHAL PRADESH,PAKKE KESSANG,0.0,0.0,0.0,2990000000
2021143N15090,YAAS,2021,ARUNACHAL PRADESH,LOWER SIANG,0.0,0.0,0.0,2990000000
2021143N15090,YAAS,2021,ARUNACHAL PRADESH,LEPA RADA,0.0,0.0,0.0,2990000000
2021143N15090,YAAS,2021,ARUNACHAL PRADESH,BICHOM,0.0,0.0,0.0,2990000000
2021143N15090,YAAS,2021,ARUNACHAL PRADESH,KRA DAADI,0.0,0.0,0.0,2990000000
2021143N15090,YAAS,2021,ARUNACHAL PRADESH,KAMLE,0.0,0.0,0.0,2990000000
2021143N15090,YAAS,2021,ARUNACHAL PRADESH,KEYI PANYOR,0.0,0.0,0.0,2990000000
2021143N15090,YAAS,2021,ARUNACHAL PRADESH,LOWER SUBANSIRI,0.0,0.0,0.0,2990000000
2021143N15090,YAAS,2021,ASSAM,KOKRAJHAR,0.0,0.0,0.0,2990000000
2021143N15090,YAAS,2021,ASSAM,CHIRANG,0.0,0.0,0.0,2990000000
2021143N15090,YAAS,2021,ASSAM,UDALGURI,0.0,0.0,0.0,2990000000
2021143N15090,YAAS,2021,ASSAM,BAKSA,0.0,0.0,0.0,2990000000
2021143N15090,YAAS,2021,ASSAM,DHUBRI,0.0,0.0,0.0,2990000000
2021143N15090,YAAS,2021,ASSAM,DARANG,0.0,0.0,0.0,2990000000
2021143N15090,YAAS,2021,ASSAM,KARBI ANGLONG,0.0,0.0,0.0,2990000000
2021143N15090,YAAS,2021,ASSAM,DIMA HASAO,0.0,0.0,0.0,2990000000
2021143N15090,YAAS,2021,ASSAM,CACHAR,0.0,0.0,0.0,2990000000
2021143N15090,YAAS,2021,ASSAM,KARIMGANJ,0.0,0.0,0.0,2990000000
2021143N15090,YAAS,2021,ASSAM,HAILAKANDI,0.0,0.0,0.0,2990000000
2021143N15090,YAAS,2021,ASSAM,WEST KARBI ANGLONG,0.0,0.0,0.0,2990000000
2021143N15090,YAAS,2021,ASSAM,JORHAT,0.0,0.0,0.0,2990000000
2021143N15090,YAAS,2021,ASSAM,GOLAGHAT,0.0,0.0,0.0,2990000000
2021143N15090,YAAS,2021,ASSAM,SONITPUR,0.0,0.0,0.0,2990000000
2021143N15090,YAAS,2021,ASSAM,DHEMAJI,0.0,0.0,0.0,2990000000
2021143N15090,YAAS,2021,ASSAM,CHARAIDEO,0.0,0.0,0.0,2990000000
2021143N15090,YAAS,2021,ASSAM,TINSUKIA,0.0,0.0,0.0,2990000000
2021143N15090,YAAS,2021,ASSAM,LAKHIMPUR,0.0,0.0,0.0,2990000000
2021143N15090,YAAS,2021,ASSAM,MAJULI,0.0,0.0,0.0,2990000000
2021143N15090,YAAS,2021,ASSAM,SIBSAGAR,0.0,0.0,0.0,2990000000
2021143N15090,YAAS,2021,ASSAM,NAGAON,0.0,0.0,0.0,2990000000
2021143N15090,YAAS,2021,ASSAM,MARIGAON,0.0,0.0,0.0,2990000000
2021143N15090,YAAS,2021,ASSAM,KAMRUP METRO,0.0,0.0,0.0,2990000000
2021143N15090,YAAS,2021,ASSAM,NALBARI,0.0,0.0,0.0,2990000000
2021143N15090,YAAS,2021,ASSAM,GOALPARA,0.0,0.0,0.0,2990000000
2021143N15090,YAAS,2021,ASSAM,BONGAIGAON,0.0,0.0,0.0,2990000000
2021143N15090,YAAS,2021,ASSAM,KAMRUP RURAL,0.0,0.0,0.0,2990000000
2021143N15090,YAAS,2021,ASSAM,DIBRUGARH,0.0,0.0,0.0,2990000000
2021143N15090,YAAS,2021,ASSAM,HOJAI,0.0,0.0,0.0,2990000000
2021143N15090,YAAS,2021,ASSAM,TAMULPUR,0.0,0.0,0.0,2990000000
2021143N15090,YAAS,2021,ASSAM,BISWANATH,0.0,0.0,0.0,2990000000
2021143N15090,YAAS,2021,ASSAM,BARPETA,0.0,0.0,0.0,2990000000
2021143N15090,YAAS,2021,ASSAM,BAJALI,0.0,0.0,0.0,2990000000
2021143N15090,YAAS,2021,ASSAM,SOUTH SALMARA MANCACHAR,0.0,0.0,0.0,2990000000
2021143N15090,YAAS,2021,BIHAR,ARARIA,0.0,0.0,0.0,2990000000
2021143N15090,YAAS,2021,BIHAR,ARWAL,0.0,0.0,0.0,2990000000
2021143N15090,YAAS,2021,BIHAR,AURANGABAD,0.0,0.0,0.0,2990000000
2021143N15090,YAAS,2021,BIHAR,BANKA,0.0,0.0,0.0,2990000000
2021143N15090,YAAS,2021,BIHAR,BEGUSARAI,0.0,0.0,0.0,2990000000
2021143N15090,YAAS,2021,BIHAR,BHAGALPUR,0.0,0.0,0.0,2990000000
2021143N15090,YAAS,2021,BIHAR,BHOJPUR,0.0,0.0,0.0,2990000000
2021143N15090,YAAS,2021,BIHAR,BUXAR,0.0,0.0,0.0,2990000000
2021143N15090,YAAS,2021,BIHAR,DARBHANGA,0.0,0.0,0.0,2990000000
2021143N15090,YAAS,2021,BIHAR,GAYA,0.0,0.0,0.0,2990000000
2021143N15090,YAAS,2021,BIHAR,GOPALGANJ,0.0,0.0,0.0,2990000000
2021143N15090,YAAS,2021,BIHAR,JAHANABAD,0.0,0.0,0.0,2990000000
2021143N15090,YAAS,2021,BIHAR,JAMUI,0.0,0.0,0.0,2990000000
2021143N15090,YAAS,2021,BIHAR,KAIMUR,0.0,0.0,0.0,2990000000
2021143N15090,YAAS,2021,BIHAR,KATIHAR,0.0,0.0,0.0,2990000000
2021143N15090,YAAS,2021,BIHAR,KHAGARIA,0.0,0.0,0.0,2990000000
2021143N15090,YAAS,2021,BIHAR,KISHANGANJ,0.0,0.0,0.0,2990000000
2021143N15090,YAAS,2021,BIHAR,LAKHISARAI,0.0,0.0,0.0,2990000000
2021143N15090,YAAS,2021,BIHAR,MADHEPURA,0.0,0.0,0.0,2990000000
2021143N15090,YAAS,2021,BIHAR,MADHUBANI,0.0,0.0,0.0,2990000000
2021143N15090,YAAS,2021,BIHAR,MUNGER,0.0,0.0,0.0,2990000000
2021143N15090,YAAS,2021,BIHAR,MUZAFFARPUR,0.0,0.0,0.0,2990000000
2021143N15090,YAAS,2021,BIHAR,NALANDA,0.0,0.0,0.0,2990000000
2021143N15090,YAAS,2021,BIHAR,NAWADA,0.0,0.0,0.0,2990000000
2021143N15090,YAAS,2021,BIHAR,PASHCHIMI CHAMPARAN,0.0,0.0,0.0,2990000000
2021143N15090,YAAS,2021,BIHAR,PATNA,0.0,0.0,0.0,2990000000
2021143N15090,YAAS,2021,BIHAR,PURBI CHAMPARAN,0.0,0.0,0.0,2990000000
2021143N15090,YAAS,2021,BIHAR,PURNIA,0.0,0.0,0.0,2990000000
2021143N15090,YAAS,2021,BIHAR,ROHTAS,0.0,0.0,0.0,2990000000
2021143N15090,YAAS,2021,BIHAR,SAHARSA,0.0,0.0,0.0,2990000000
2021143N15090,YAAS,2021,BIHAR,SAMASTIPUR,0.0,0.0,0.0,2990000000
2021143N15090,YAAS,2021,BIHAR,SARAN,0.0,0.0,0.0,2990000000
2021143N15090,YAAS,2021,BIHAR,SHEIKHPURA,0.0,0.0,0.0,2990000000
2021143N15090,YAAS,2021,BIHAR,SHEOHAR,0.0,0.0,0.0,2990000000
2021143N15090,YAAS,2021,BIHAR,SITAMARHI,0.0,0.0,0.0,2990000000
2021143N15090,YAAS,2021,BIHAR,SIWAN,0.0,0.0,0.0,2990000000
2021143N15090,YAAS,2021,BIHAR,SUPAUL,0.0,0.0,0.0,2990000000
2021143N15090,YAAS,2021,BIHAR,VAISHALI,0.0,0.0,0.0,2990000000
2021143N15090,YAAS,2021,CHHATTISGARH,KAWARDHA (KABIRDHAM),0.0,0.0,0.0,2990000000
2021143N15090,YAAS,2021,CHHATTISGARH,GAURELA-PENDRA-MARWAHI,0.0,0.0,0.0,2990000000
2021143N15090,YAAS,2021,CHHATTISGARH,SURAJPUR,0.0,0.0,0.0,2990000000
2021143N15090,YAAS,2021,CHHATTISGARH,BALRAMPUR,0.0,0.0,0.0,2990000000
2021143N15090,YAAS,2021,CHHATTISGARH,MUNGELI,0.0,0.0,0.0,2990000000
2021143N15090,YAAS,2021,CHHATTISGARH,DAKSHIN BASTAR DANTEWARA,0.0,0.0,0.0,2990000000
2021143N15090,YAAS,2021,CHHATTISGARH,BIJAPUR,0.0,0.0,0.0,2990000000
2021143N15090,YAAS,2021,CHHATTISGARH,BASTAR,0.0,0.0,0.0,2990000000
2021143N15090,YAAS,2021,CHHATTISGARH,SUKMA,0.0,0.0,0.0,2990000000
2021143N15090,YAAS,2021,CHHATTISGARH,KONDAGAON,0.0,0.0,0.0,2990000000
2021143N15090,YAAS,2021,CHHATTISGARH,NARAYANPUR,0.0,0.0,0.0,2990000000
2021143N15090,YAAS,2021,CHHATTISGARH,UTTAR BASTAR KANKER,0.0,0.0,0.0,2990000000
2021143N15090,YAAS,2021,CHHATTISGARH,GARIYABAND,0.0,0.0,0.0,2990000000
2021143N15090,YAAS,2021,CHHATTISGARH,DHAMTARI,0.0,0.0,0.0,2990000000
2021143N15090,YAAS,2021,CHHATTISGARH,BALOD,0.0,0.0,0.0,2990000000
2021143N15090,YAAS,2021,CHHATTISGARH,MAHASAMUND,0.0,0.0,0.0,2990000000
2021143N15090,YAAS,2021,CHHATTISGARH,DURG,0.0,0.0,0.0,2990000000
2021143N15090,YAAS,2021,CHHATTISGARH,RAIPUR,0.0,0.0,0.0,2990000000
2021143N15090,YAAS,2021,CHHATTISGARH,BEMETARA,0.0,0.0,0.0,2990000000
2021143N15090,YAAS,2021,CHHATTISGARH,BILASPUR,0.0,0.0,0.0,2990000000
2021143N15090,YAAS,2021,CHHATTISGARH,KORBA,0.0,0.0,0.0,2990000000
2021143N15090,YAAS,2021,CHHATTISGARH,JASHPUR,0.0,0.0,0.0,2990000000
2021143N15090,YAAS,2021,CHHATTISGARH,SURGUJA,0.0,0.0,0.0,2990000000
2021143N15090,YAAS,2021,CHHATTISGARH,KHAIRGARH-CHHUIKHADAN-GANDAI,0.0,0.0,0.0,2990000000
2021143N15090,YAAS,2021,CHHATTISGARH,RAJNANDGAON,0.0,0.0,0.0,2990000000
2021143N15090,YAAS,2021,CHHATTISGARH,MOHLA-MANPUR-AMBAGARH CHOWKI,0.0,0.0,0.0,2990000000
2021143N15090,YAAS,2021,CHHATTISGARH,JANJGIR - CHAMPA,0.0,0.0,0.0,2990000000
2021143N15090,YAAS,2021,CHHATTISGARH,SAKTI,0.0,0.0,0.0,2990000000
2021143N15090,YAAS,2021,CHHATTISGARH,RAIGARH,0.0,0.0,0.0,2990000000
2021143N15090,YAAS,2021,CHHATTISGARH,KOREA,0.0,0.0,0.0,2990000000
2021143N15090,YAAS,2021,CHHATTISGARH,MANENDRAGARH-CHIRMIRI-BHARATPUR,0.0,0.0,0.0,2990000000
2021143N15090,YAAS,2021,CHHATTISGARH,SARANGARH-BILAIGARH,0.0,0.0,0.0,2990000000
2021143N15090,YAAS,2021,CHHATTISGARH,BALODA BAZAR,0.0,0.0,0.0,2990000000
2021143N15090,YAAS,2021,DELHI,NAZUL,0.0,0.0,0.0,2990000000
2021143N15090,YAAS,2021,DELHI,SOUTH WEST,0.0,0.0,0.0,2990000000
2021143N15090,YAAS,2021,DELHI,WEST,0.0,0.0,0.0,2990000000
2021143N15090,YAAS,2021,DELHI,CENTRAL,0.0,0.0,0.0,2990000000
2021143N15090,YAAS,2021,DELHI,EAST,0.0,0.0,0.0,2990000000
2021143N15090,YAAS,2021,DELHI,NEW DELHI,0.0,0.0,0.0,2990000000
2021143N15090,YAAS,2021,DELHI,NORTH,0.0,0.0,0.0,2990000000
2021143N15090,YAAS,2021,DELHI,SHAHADARA,0.0,0.0,0.0,2990000000
2021143N15090,YAAS,2021,DELHI,NORTH EAST,0.0,0.0,0.0,2990000000
2021143N15090,YAAS,2021,DELHI,SOUTH EAST,0.0,0.0,0.0,2990000000
2021143N15090,YAAS,2021,DELHI,SOUTH,0.0,0.0,0.0,2990000000
2021143N15090,YAAS,2021,DELHI,NORTH WEST,0.0,0.0,0.0,2990000000
2021143N15090,YAAS,2021,GOA,NORTH GOA,0.0,0.0,0.0,2990000000
2021143N15090,YAAS,2021,GOA,SOUTH GOA,0.0,0.0,0.0,2990000000
2021143N15090,YAAS,2021,DADRA & NAGAR HAVELI & DAMAN & DIU,DADRA AND NAGAR HAVELI,0.0,0.0,0.0,2990000000
2021143N15090,YAAS,2021,DADRA & NAGAR HAVELI & DAMAN & DIU,DAMAN,0.0,0.0,0.0,2990000000
2021143N15090,YAAS,2021,DADRA & NAGAR HAVELI & DAMAN & DIU,DIU,0.0,0.0,0.0,2990000000
2021143N15090,YAAS,2021,GUJARAT,AHMADABAD,0.0,0.0,0.0,2990000000
2021143N15090,YAAS,2021,GUJARAT,AMRELI,0.0,0.0,0.0,2990000000
2021143N15090,YAAS,2021,GUJARAT,ANAND,0.0,0.0,0.0,2990000000
2021143N15090,YAAS,2021,GUJARAT,ARVALLI,0.0,0.0,0.0,2990000000
2021143N15090,YAAS,2021,GUJARAT,BANAS KANTHA,0.0,0.0,0.0,2990000000
2021143N15090,YAAS,2021,GUJARAT,BHARUCH,0.0,0.0,0.0,2990000000
2021143N15090,YAAS,2021,GUJARAT,BHAVNAGAR,0.0,0.0,0.0,2990000000
2021143N15090,YAAS,2021,GUJARAT,BOTAD,0.0,0.0,0.0,2990000000
2021143N15090,YAAS,2021,GUJARAT,CHHOTAUDEPUR,0.0,0.0,0.0,2990000000
2021143N15090,YAAS,2021,GUJARAT,DAHOD,0.0,0.0,0.0,2990000000
2021143N15090,YAAS,2021,GUJARAT,DANGS,0.0,0.0,0.0,2990000000
2021143N15090,YAAS,2021,GUJARAT,DEVBHUMI DWARKA,0.0,0.0,0.0,2990000000
2021143N15090,YAAS,2021,GUJARAT,GANDHINAGAR,0.0,0.0,0.0,2990000000
2021143N15090,YAAS,2021,GUJARAT,GIR SOMNATH,0.0,0.0,0.0,2990000000
2021143N15090,YAAS,2021,GUJARAT and DNH & DD ISLANDS,ISLAND,0.0,0.0,0.0,2990000000
2021143N15090,YAAS,2021,GUJARAT,JAMNAGAR,0.0,0.0,0.0,2990000000
2021143N15090,YAAS,2021,GUJARAT,JUNAGADH,0.0,0.0,0.0,2990000000
2021143N15090,YAAS,2021,GUJARAT,KACHCHH,0.0,0.0,0.0,2990000000
2021143N15090,YAAS,2021,GUJARAT,KHEDA,0.0,0.0,0.0,2990000000
2021143N15090,YAAS,2021,GUJARAT,MAHESANA,0.0,0.0,0.0,2990000000
2021143N15090,YAAS,2021,GUJARAT,MAHISAGAR,0.0,0.0,0.0,2990000000
2021143N15090,YAAS,2021,GUJARAT,MORBI,0.0,0.0,0.0,2990000000
2021143N15090,YAAS,2021,GUJARAT,NARMADA,0.0,0.0,0.0,2990000000
2021143N15090,YAAS,2021,GUJARAT,NAVSARI,0.0,0.0,0.0,2990000000
2021143N15090,YAAS,2021,GUJARAT,PANCH MAHALS,0.0,0.0,0.0,2990000000
2021143N15090,YAAS,2021,GUJARAT,PATAN,0.0,0.0,0.0,2990000000
2021143N15090,YAAS,2021,GUJARAT,PORBANDAR,0.0,0.0,0.0,2990000000
2021143N15090,YAAS,2021,GUJARAT,RAJKOT,0.0,0.0,0.0,2990000000
2021143N15090,YAAS,2021,GUJARAT,SABAR KANTHA,0.0,0.0,0.0,2990000000
2021143N15090,YAAS,2021,GUJARAT,SURAT,0.0,0.0,0.0,2990000000
2021143N15090,YAAS,2021,GUJARAT,SURENDRANAGAR,0.0,0.0,0.0,2990000000
2021143N15090,YAAS,2021,GUJARAT,TAPI,0.0,0.0,0.0,2990000000
2021143N15090,YAAS,2021,GUJARAT,VADODARA,0.0,0.0,0.0,2990000000
2021143N15090,YAAS,2021,GUJARAT,VALSAD,0.0,0.0,0.0,2990000000
2021143N15090,YAAS,2021,HARYANA,AMBALA,0.0,0.0,0.0,2990000000
2021143N15090,YAAS,2021,HARYANA,BHIWANI,0.0,0.0,0.0,2990000000
2021143N15090,YAAS,2021,HARYANA,CHARKI DADRI,0.0,0.0,0.0,2990000000
2021143N15090,YAAS,2021,HARYANA,FARIDABAD,0.0,0.0,0.0,2990000000
2021143N15090,YAAS,2021,HARYANA,FATEHABAD,0.0,0.0,0.0,2990000000
2021143N15090,YAAS,2021,HARYANA,GURUGRAM,0.0,0.0,0.0,2990000000
2021143N15090,YAAS,2021,HARYANA,HISAR,0.0,0.0,0.0,2990000000
2021143N15090,YAAS,2021,HARYANA,JHAJJAR,0.0,0.0,0.0,2990000000
2021143N15090,YAAS,2021,HARYANA,JIND,0.0,0.0,0.0,2990000000
2021143N15090,YAAS,2021,HARYANA,KAITHAL,0.0,0.0,0.0,2990000000
2021143N15090,YAAS,2021,HARYANA,KARNAL,0.0,0.0,0.0,2990000000
2021143N15090,YAAS,2021,HARYANA,KURUKSHETRA,0.0,0.0,0.0,2990000000
2021143N15090,YAAS,2021,HARYANA,MAHENDRAGARH,0.0,0.0,0.0,2990000000
2021143N15090,YAAS,2021,HARYANA,NUH,0.0,0.0,0.0,2990000000
2021143N15090,YAAS,2021,HARYANA,PALWAL,0.0,0.0,0.0,2990000000
2021143N15090,YAAS,2021,HARYANA,PANCHKULA,0.0,0.0,0.0,2990000000
2021143N15090,YAAS,2021,HARYANA,PANIPAT,0.0,0.0,0.0,2990000000
2021143N15090,YAAS,2021,HARYANA,REWARI,0.0,0.0,0.0,2990000000
2021143N15090,YAAS,2021,HARYANA,ROHTAK,0.0,0.0,0.0,2990000000
2021143N15090,YAAS,2021,HARYANA,SIRSA,0.0,0.0,0.0,2990000000
2021143N15090,YAAS,2021,HARYANA,SONIPAT,0.0,0.0,0.0,2990000000
2021143N15090,YAAS,2021,HARYANA,YAMUNANAGAR,0.0,0.0,0.0,2990000000
2021143N15090,YAAS,2021,HIMACHAL PRADESH,BIL>SPUR,0.0,0.0,0.0,2990000000
2021143N15090,YAAS,2021,HIMACHAL PRADESH,SHIMLA,0.0,0.0,0.0,2990000000
2021143N15090,YAAS,2021,HIMACHAL PRADESH,KINNAUR,0.0,0.0,0.0,2990000000
2021143N15090,YAAS,2021,HIMACHAL PRADESH,SOLAN,0.0,0.0,0.0,2990000000
2021143N15090,YAAS,2021,HIMACHAL PRADESH,SIRMAUR,0.0,0.0,0.0,2990000000
2021143N15090,YAAS,2021,HIMACHAL PRADESH,KULLU,0.0,0.0,0.0,2990000000
2021143N15090,YAAS,2021,HIMACHAL PRADESH,CHAMBA,0.0,0.0,0.0,2990000000
2021143N15090,YAAS,2021,HIMACHAL PRADESH,MANDI,0.0,0.0,0.0,2990000000
2021143N15090,YAAS,2021,HIMACHAL PRADESH,K>NGRA,0.0,0.0,0.0,2990000000
2021143N15090,YAAS,2021,HIMACHAL PRADESH,HAM|RPUR,0.0,0.0,0.0,2990000000
2021143N15090,YAAS,2021,HIMACHAL PRADESH,UNA,0.0,0.0,0.0,2990000000
2021143N15090,YAAS,2021,HIMACHAL PRADESH,LAHUL & SPITI,0.0,0.0,0.0,2990000000
2021143N15090,YAAS,2021,JAMMU AND KASHMIR,MIRPUR,0.0,0.0,0.0,2990000000
2021143N15090,YAAS,2021,JAMMU AND KASHMIR,MUZAFFARABAD,0.0,0.0,0.0,2990000000
2021143N15090,YAAS,2021,JAMMU AND KASHMIR,PUNCH,0.0,0.0,0.0,2990000000
2021143N15090,YAAS,2021,JAMMU AND KASHMIR,ANANTNAG,0.0,0.0,0.0,2990000000
2021143N15090,YAAS,2021,JAMMU AND KASHMIR,BARAMULA,0.0,0.0,0.0,2990000000
2021143N15090,YAAS,2021,JAMMU AND KASHMIR,KATHUA,0.0,0.0,0.0,2990000000
2021143N15090,YAAS,2021,JAMMU AND KASHMIR,UDHAMPUR,0.0,0.0,0.0,2990000000
2021143N15090,YAAS,2021,JAMMU AND KASHMIR,BADGAM,0.0,0.0,0.0,2990000000
2021143N15090,YAAS,2021,JAMMU AND KASHMIR,BANDIPURA,0.0,0.0,0.0,2990000000
2021143N15090,YAAS,2021,JAMMU AND KASHMIR,GANDERBAL,0.0,0.0,0.0,2990000000
2021143N15090,YAAS,2021,JAMMU AND KASHMIR,KULGAM,0.0,0.0,0.0,2990000000
2021143N15090,YAAS,2021,JAMMU AND KASHMIR,KUPWARA,0.0,0.0,0.0,2990000000
2021143N15090,YAAS,2021,JAMMU AND KASHMIR,PULWAMA,0.0,0.0,0.0,2990000000
2021143N15090,YAAS,2021,JAMMU AND KASHMIR,RAJAURI,0.0,0.0,0.0,2990000000
2021143N15090,YAAS,2021,JAMMU AND KASHMIR,RAMBAN,0.0,0.0,0.0,2990000000
2021143N15090,YAAS,2021,JAMMU AND KASHMIR,RIASI,0.0,0.0,0.0,2990000000
2021143N15090,YAAS,2021,JAMMU AND KASHMIR,SHUPIYAN,0.0,0.0,0.0,2990000000
2021143N15090,YAAS,2021,JAMMU AND KASHMIR,SRINAGAR,0.0,0.0,0.0,2990000000
2021143N15090,YAAS,2021,JAMMU AND KASHMIR,KISHTWAR,0.0,0.0,0.0,2990000000
2021143N15090,YAAS,2021,JAMMU AND KASHMIR,DODA,0.0,0.0,0.0,2990000000
2021143N15090,YAAS,2021,JAMMU AND KASHMIR,SAMBA,0.0,0.0,0.0,2990000000
2021143N15090,YAAS,2021,JAMMU AND KASHMIR,JAMMU,0.0,0.0,0.0,2990000000
2021143N15090,YAAS,2021,,NONE,0.0,0.0,0.0,2990000000
2021143N15090,YAAS,2021,JHARKHAND,GARHWA,0.0,0.0,0.0,2990000000
2021143N15090,YAAS,2021,JHARKHAND,CHATRA,0.0,0.0,0.0,2990000000
2021143N15090,YAAS,2021,JHARKHAND,KODERMA,0.0,0.0,0.0,2990000000
2021143N15090,YAAS,2021,JHARKHAND,GIRIDIH,0.0,0.0,0.0,2990000000
2021143N15090,YAAS,2021,JHARKHAND,DEOGHAR,0.0,0.0,0.0,2990000000
2021143N15090,YAAS,2021,JHARKHAND,GODDA,0.0,0.0,0.0,2990000000
2021143N15090,YAAS,2021,JHARKHAND,SAHIBGANJ,0.0,0.0,0.0,2990000000
2021143N15090,YAAS,2021,JHARKHAND,PAKUR,0.0,0.0,0.0,2990000000
2021143N15090,YAAS,2021,JHARKHAND,DHANBAD,0.0,0.0,0.0,2990000000
2021143N15090,YAAS,2021,JHARKHAND,BOKARO,0.0,0.0,0.0,2990000000
2021143N15090,YAAS,2021,JHARKHAND,LOHARDAGA,0.0,0.0,0.0,2990000000
2021143N15090,YAAS,2021,JHARKHAND,EAST SINGHBHUM,22862216.713402677,0.1414491444339445,422932941.8574942,2990000000
2021143N15090,YAAS,2021,JHARKHAND,PALAMU,0.0,0.0,0.0,2990000000
2021143N15090,YAAS,2021,JHARKHAND,LATEHAR,0.0,0.0,0.0,2990000000
2021143N15090,YAAS,2021,JHARKHAND,HAZARIBAGH,0.0,0.0,0.0,2990000000
2021143N15090,YAAS,2021,JHARKHAND,RAMGARH,0.0,0.0,0.0,2990000000
2021143N15090,YAAS,2021,JHARKHAND,DUMKA,0.0,0.0,0.0,2990000000
2021143N15090,YAAS,2021,JHARKHAND,JAMTARA,0.0,0.0,0.0,2990000000
2021143N15090,YAAS,2021,JHARKHAND,RANCHI,0.0,0.0,0.0,2990000000
2021143N15090,YAAS,2021,JHARKHAND,KHUNTI,0.0,0.0,0.0,2990000000
2021143N15090,YAAS,2021,JHARKHAND,GUMLA,0.0,0.0,0.0,2990000000
2021143N15090,YAAS,2021,JHARKHAND,SIMDEGA,0.0,0.0,0.0,2990000000
2021143N15090,YAAS,2021,JHARKHAND,WEST SINGHBHUM,0.0,0.0,0.0,2990000000
2021143N15090,YAAS,2021,JHARKHAND,SARAIKELA-KHARSAWAN,0.0,0.0,0.0,2990000000
2021143N15090,YAAS,2021,KARNATAKA,B,0.0,0.0,0.0,2990000000
2021143N15090,YAAS,2021,KARNATAKA,BENGAL#RU (RURAL),0.0,0.0,0.0,2990000000
2021143N15090,YAAS,2021,KARNATAKA,BELAG,0.0,0.0,0.0,2990000000
2021143N15090,YAAS,2021,KARNATAKA,CHIKKAMAGAL#RU,0.0,0.0,0.0,2990000000
2021143N15090,YAAS,2021,KARNATAKA,BALL,0.0,0.0,0.0,2990000000
2021143N15090,YAAS,2021,KARNATAKA,CH,0.0,0.0,0.0,2990000000
2021143N15090,YAAS,2021,KARNATAKA,CHITRADURGA,0.0,0.0,0.0,2990000000
2021143N15090,YAAS,2021,KARNATAKA,KOPPAL,0.0,0.0,0.0,2990000000
2021143N15090,YAAS,2021,KARNATAKA,VIJAYANAGARA,0.0,0.0,0.0,2990000000
2021143N15090,YAAS,2021,KARNATAKA,RAICH#R,0.0,0.0,0.0,2990000000
2021143N15090,YAAS,2021,KARNATAKA,CHIKKABALL,0.0,0.0,0.0,2990000000
2021143N15090,YAAS,2021,KARNATAKA,D,0.0,0.0,0.0,2990000000
2021143N15090,YAAS,2021,KARNATAKA,DH,0.0,0.0,0.0,2990000000
2021143N15090,YAAS,2021,KARNATAKA,GADAG,0.0,0.0,0.0,2990000000
2021143N15090,YAAS,2021,KARNATAKA,H,0.0,0.0,0.0,2990000000
2021143N15090,YAAS,2021,KARNATAKA,KALABURAGI,0.0,0.0,0.0,2990000000
2021143N15090,YAAS,2021,KARNATAKA,BENGAL#RU (URBAN),0.0,0.0,0.0,2990000000
2021143N15090,YAAS,2021,KARNATAKA,KOL,0.0,0.0,0.0,2990000000
2021143N15090,YAAS,2021,KARNATAKA,MANDYA,0.0,0.0,0.0,2990000000
2021143N15090,YAAS,2021,KARNATAKA,MYS#RU,0.0,0.0,0.0,2990000000
2021143N15090,YAAS,2021,KARNATAKA,SHIVAMOGGA,0.0,0.0,0.0,2990000000
2021143N15090,YAAS,2021,KARNATAKA,DAKSHINA KANNADA,0.0,0.0,0.0,2990000000
2021143N15090,YAAS,2021,KARNATAKA,UTTARA KANNADA,0.0,0.0,0.0,2990000000
2021143N15090,YAAS,2021,KARNATAKA,VIJAYAPURA,0.0,0.0,0.0,2990000000
2021143N15090,YAAS,2021,KARNATAKA,Y,0.0,0.0,0.0,2990000000
2021143N15090,YAAS,2021,KARNATAKA,R,0.0,0.0,0.0,2990000000
2021143N15090,YAAS,2021,KERALA,PALAKKAD,0.0,0.0,0.0,2990000000
2021143N15090,YAAS,2021,KERALA,ALAPPUZHA,0.0,0.0,0.0,2990000000
2021143N15090,YAAS,2021,KERALA,KOTTAYAM,0.0,0.0,0.0,2990000000
2021143N15090,YAAS,2021,KERALA,KOLLAM,0.0,0.0,0.0,2990000000
2021143N15090,YAAS,2021,KERALA,KOZHIKODE,0.0,0.0,0.0,2990000000
2021143N15090,YAAS,2021,KERALA,KASARAGOD,0.0,0.0,0.0,2990000000
2021143N15090,YAAS,2021,KERALA,MALAPPURAM,0.0,0.0,0.0,2990000000
2021143N15090,YAAS,2021,KERALA,WAYANAD,0.0,0.0,0.0,2990000000
2021143N15090,YAAS,2021,KERALA,PATHANAMTHITTA,0.0,0.0,0.0,2990000000
2021143N15090,YAAS,2021,KERALA,IDUKKI,0.0,0.0,0.0,2990000000
2021143N15090,YAAS,2021,KERALA,THRISSUR,0.0,0.0,0.0,2990000000
2021143N15090,YAAS,2021,KERALA,ERNAKULAM,0.0,0.0,0.0,2990000000
2021143N15090,YAAS,2021,KERALA,THIRUVANANTHAPURAM,0.0,0.0,0.0,2990000000
2021143N15090,YAAS,2021,KERALA,KANNUR,0.0,0.0,0.0,2990000000
2021143N15090,YAAS,2021,LADAKH,LEH,0.0,0.0,0.0,2990000000
2021143N15090,YAAS,2021,LADAKH,KARGIL,0.0,0.0,0.0,2990000000
2021143N15090,YAAS,2021,MADHYA PRADESH,AGAR MALWA,0.0,0.0,0.0,2990000000
2021143N15090,YAAS,2021,MADHYA PRADESH,ALIRAJPUR,0.0,0.0,0.0,2990000000
2021143N15090,YAAS,2021,MADHYA PRADESH,ANUPPUR,0.0,0.0,0.0,2990000000
2021143N15090,YAAS,2021,MADHYA PRADESH,ASHOKNAGAR,0.0,0.0,0.0,2990000000
2021143N15090,YAAS,2021,MADHYA PRADESH,BALAGHAT,0.0,0.0,0.0,2990000000
2021143N15090,YAAS,2021,MADHYA PRADESH,BARWANI,0.0,0.0,0.0,2990000000
2021143N15090,YAAS,2021,MADHYA PRADESH,BETUL,0.0,0.0,0.0,2990000000
2021143N15090,YAAS,2021,MADHYA PRADESH,BHIND,0.0,0.0,0.0,2990000000
2021143N15090,YAAS,2021,MADHYA PRADESH,BHOPAL,0.0,0.0,0.0,2990000000
2021143N15090,YAAS,2021,MADHYA PRADESH,BURHANPUR,0.0,0.0,0.0,2990000000
2021143N15090,YAAS,2021,MADHYA PRADESH,CHHATARPUR,0.0,0.0,0.0,2990000000
2021143N15090,YAAS,2021,MADHYA PRADESH,CHHINDWARA,0.0,0.0,0.0,2990000000
2021143N15090,YAAS,2021,MADHYA PRADESH,DAMOH,0.0,0.0,0.0,2990000000
2021143N15090,YAAS,2021,MADHYA PRADESH,DEWAS,0.0,0.0,0.0,2990000000
2021143N15090,YAAS,2021,MADHYA PRADESH,DHAR,0.0,0.0,0.0,2990000000
2021143N15090,YAAS,2021,MADHYA PRADESH,DINDORI,0.0,0.0,0.0,2990000000
2021143N15090,YAAS,2021,MADHYA PRADESH,GUNA,0.0,0.0,0.0,2990000000
2021143N15090,YAAS,2021,MADHYA PRADESH,GWALIOR,0.0,0.0,0.0,2990000000
2021143N15090,YAAS,2021,MADHYA PRADESH,HARDA,0.0,0.0,0.0,2990000000
2021143N15090,YAAS,2021,MADHYA PRADESH,INDORE,0.0,0.0,0.0,2990000000
2021143N15090,YAAS,2021,MADHYA PRADESH,JABALPUR,0.0,0.0,0.0,2990000000
2021143N15090,YAAS,2021,MADHYA PRADESH,JHABUA,0.0,0.0,0.0,2990000000
2021143N15090,YAAS,2021,MADHYA PRADESH,KATNI,0.0,0.0,0.0,2990000000
2021143N15090,YAAS,2021,MADHYA PRADESH,KHANDWA,0.0,0.0,0.0,2990000000
2021143N15090,YAAS,2021,MADHYA PRADESH,KHARGONE,0.0,0.0,0.0,2990000000
2021143N15090,YAAS,2021,MADHYA PRADESH,MAIHAR,0.0,0.0,0.0,2990000000
2021143N15090,YAAS,2021,MADHYA PRADESH,MANDLA,0.0,0.0,0.0,2990000000
2021143N15090,YAAS,2021,MADHYA PRADESH,MANDSAUR,0.0,0.0,0.0,2990000000
2021143N15090,YAAS,2021,MADHYA PRADESH,MAUGANJ,0.0,0.0,0.0,2990000000
2021143N15090,YAAS,2021,MADHYA PRADESH,MORENA,0.0,0.0,0.0,2990000000
2021143N15090,YAAS,2021,MADHYA PRADESH,NARMADAPURAM,0.0,0.0,0.0,2990000000
2021143N15090,YAAS,2021,MADHYA PRADESH,NARSINGHPUR,0.0,0.0,0.0,2990000000
2021143N15090,YAAS,2021,MADHYA PRADESH,NEEMUCH,0.0,0.0,0.0,2990000000
2021143N15090,YAAS,2021,MADHYA PRADESH,NIWARI,0.0,0.0,0.0,2990000000
2021143N15090,YAAS,2021,MADHYA PRADESH,PANDHURNA,0.0,0.0,0.0,2990000000
2021143N15090,YAAS,2021,MADHYA PRADESH,PANNA,0.0,0.0,0.0,2990000000
2021143N15090,YAAS,2021,MADHYA PRADESH,RAISEN,0.0,0.0,0.0,2990000000
2021143N15090,YAAS,2021,MADHYA PRADESH,RAJGARH,0.0,0.0,0.0,2990000000
2021143N15090,YAAS,2021,MADHYA PRADESH,RATLAM,0.0,0.0,0.0,2990000000
2021143N15090,YAAS,2021,MADHYA PRADESH,REWA,0.0,0.0,0.0,2990000000
2021143N15090,YAAS,2021,MADHYA PRADESH,SAGAR,0.0,0.0,0.0,2990000000
2021143N15090,YAAS,2021,MADHYA PRADESH,SATNA,0.0,0.0,0.0,2990000000
2021143N15090,YAAS,2021,MADHYA PRADESH,SEHORE,0.0,0.0,0.0,2990000000
2021143N15090,YAAS,2021,MADHYA PRADESH,SEONI,0.0,0.0,0.0,2990000000
2021143N15090,YAAS,2021,MADHYA PRADESH,SHAHDOL,0.0,0.0,0.0,2990000000
2021143N15090,YAAS,2021,MADHYA PRADESH,SHAJAPUR,0.0,0.0,0.0,2990000000
2021143N15090,YAAS,2021,MADHYA PRADESH,SHEOPUR,0.0,0.0,0.0,2990000000
2021143N15090,YAAS,2021,MADHYA PRADESH,SHIVPURI,0.0,0.0,0.0,2990000000
2021143N15090,YAAS,2021,MADHYA PRADESH,SINGRAULI,0.0,0.0,0.0,2990000000
2021143N15090,YAAS,2021,MADHYA PRADESH,TIKAMGARH,0.0,0.0,0.0,2990000000
2021143N15090,YAAS,2021,MADHYA PRADESH,UJJAIN,0.0,0.0,0.0,2990000000
2021143N15090,YAAS,2021,MADHYA PRADESH,UMARIA,0.0,0.0,0.0,2990000000
2021143N15090,YAAS,2021,MADHYA PRADESH,VIDISHA,0.0,0.0,0.0,2990000000
2021143N15090,YAAS,2021,MAHARASHTRA,AHMEDNAGAR,0.0,0.0,0.0,2990000000
2021143N15090,YAAS,2021,MAHARASHTRA,BEED,0.0,0.0,0.0,2990000000
2021143N15090,YAAS,2021,MAHARASHTRA,BHANDARA,0.0,0.0,0.0,2990000000
2021143N15090,YAAS,2021,MAHARASHTRA,CHANDRAPUR,0.0,0.0,0.0,2990000000
2021143N15090,YAAS,2021,MAHARASHTRA,DHULE,0.0,0.0,0.0,2990000000
2021143N15090,YAAS,2021,MAHARASHTRA,GADCHIROLI,0.0,0.0,0.0,2990000000
2021143N15090,YAAS,2021,MAHARASHTRA,GONDIA,0.0,0.0,0.0,2990000000
2021143N15090,YAAS,2021,MAHARASHTRA,HINGOLI,0.0,0.0,0.0,2990000000
2021143N15090,YAAS,2021,MAHARASHTRA,JALGAON,0.0,0.0,0.0,2990000000
2021143N15090,YAAS,2021,MAHARASHTRA,KOLHAPUR,0.0,0.0,0.0,2990000000
2021143N15090,YAAS,2021,MAHARASHTRA,LATUR,0.0,0.0,0.0,2990000000
2021143N15090,YAAS,2021,MAHARASHTRA,MUMBAI,0.0,0.0,0.0,2990000000
2021143N15090,YAAS,2021,MAHARASHTRA,NAGPUR,0.0,0.0,0.0,2990000000
2021143N15090,YAAS,2021,MAHARASHTRA,NANDED,0.0,0.0,0.0,2990000000
2021143N15090,YAAS,2021,MAHARASHTRA,NASHIK,0.0,0.0,0.0,2990000000
2021143N15090,YAAS,2021,MAHARASHTRA,NANDURBAR,0.0,0.0,0.0,2990000000
2021143N15090,YAAS,2021,MAHARASHTRA,PALGHAR,0.0,0.0,0.0,2990000000
2021143N15090,YAAS,2021,MAHARASHTRA,PUNE,0.0,0.0,0.0,2990000000
2021143N15090,YAAS,2021,MAHARASHTRA,RATNAGIRI,0.0,0.0,0.0,2990000000
2021143N15090,YAAS,2021,MAHARASHTRA,SANGLI,0.0,0.0,0.0,2990000000
2021143N15090,YAAS,2021,MAHARASHTRA,SATARA,0.0,0.0,0.0,2990000000
2021143N15090,YAAS,2021,MAHARASHTRA,SINDHUDURG,0.0,0.0,0.0,2990000000
2021143N15090,YAAS,2021,MAHARASHTRA,SOLAPUR,0.0,0.0,0.0,2990000000
2021143N15090,YAAS,2021,MAHARASHTRA,MUMBAI SUBURBAN,0.0,0.0,0.0,2990000000
2021143N15090,YAAS,2021,MAHARASHTRA,THANE,0.0,0.0,0.0,2990000000
2021143N15090,YAAS,2021,MAHARASHTRA,DHARASHIV,0.0,0.0,0.0,2990000000
2021143N15090,YAAS,2021,MAHARASHTRA,WASHIM,0.0,0.0,0.0,2990000000
2021143N15090,YAAS,2021,MAHARASHTRA,WARDHA,0.0,0.0,0.0,2990000000
2021143N15090,YAAS,2021,MAHARASHTRA,YAVATMAL,0.0,0.0,0.0,2990000000
2021143N15090,YAAS,2021,MAHARASHTRA,AKOLA,0.0,0.0,0.0,2990000000
2021143N15090,YAAS,2021,MAHARASHTRA,AMRAVATI,0.0,0.0,0.0,2990000000
2021143N15090,YAAS,2021,MAHARASHTRA,BULDHANA,0.0,0.0,0.0,2990000000
2021143N15090,YAAS,2021,MAHARASHTRA,PARBHANI,0.0,0.0,0.0,2990000000
2021143N15090,YAAS,2021,MAHARASHTRA,JALNA,0.0,0.0,0.0,2990000000
2021143N15090,YAAS,2021,MAHARASHTRA,CHHATRAPATI SAMBHAJINAGAR,0.0,0.0,0.0,2990000000
2021143N15090,YAAS,2021,MANIPUR,BISHNUPUR,0.0,0.0,0.0,2990000000
2021143N15090,YAAS,2021,MANIPUR,CHANDEL,0.0,0.0,0.0,2990000000
2021143N15090,YAAS,2021,MANIPUR,CHURACHANDPUR,0.0,0.0,0.0,2990000000
2021143N15090,YAAS,2021,MANIPUR,IMPHAL EAST,0.0,0.0,0.0,2990000000
2021143N15090,YAAS,2021,MANIPUR,IMPHAL WEST,0.0,0.0,0.0,2990000000
2021143N15090,YAAS,2021,MANIPUR,JIRIBAM,0.0,0.0,0.0,2990000000
2021143N15090,YAAS,2021,MANIPUR,KAKCHING,0.0,0.0,0.0,2990000000
2021143N15090,YAAS,2021,MANIPUR,KAMJANG,0.0,0.0,0.0,2990000000
2021143N15090,YAAS,2021,MANIPUR,KANGPOKPI,0.0,0.0,0.0,2990000000
2021143N15090,YAAS,2021,MANIPUR,NONEY,0.0,0.0,0.0,2990000000
2021143N15090,YAAS,2021,MANIPUR,PHERZAWL,0.0,0.0,0.0,2990000000
2021143N15090,YAAS,2021,MANIPUR,SENAPATI,0.0,0.0,0.0,2990000000
2021143N15090,YAAS,2021,MANIPUR,TAMENGLONG,0.0,0.0,0.0,2990000000
2021143N15090,YAAS,2021,MANIPUR,TENGNOUPAL,0.0,0.0,0.0,2990000000
2021143N15090,YAAS,2021,MANIPUR,THOUBAL,0.0,0.0,0.0,2990000000
2021143N15090,YAAS,2021,MANIPUR,UKHRUL,0.0,0.0,0.0,2990000000
2021143N15090,YAAS,2021,MEGHALAYA,EAST G>RO HILLS,0.0,0.0,0.0,2990000000
2021143N15090,YAAS,2021,MEGHALAYA,EAST JAINTIA HILLS,0.0,0.0,0.0,2990000000
2021143N15090,YAAS,2021,MEGHALAYA,EAST KH>SI HILLS,0.0,0.0,0.0,2990000000
2021143N15090,YAAS,2021,MEGHALAYA,NORTH G>RO HILLS,0.0,0.0,0.0,2990000000
2021143N15090,YAAS,2021,MEGHALAYA,RI-BHOI,0.0,0.0,0.0,2990000000
2021143N15090,YAAS,2021,MEGHALAYA,SOUTH G>RO HILLS,0.0,0.0,0.0,2990000000
2021143N15090,YAAS,2021,MEGHALAYA,SOUTH WEST G>RO HILLS,0.0,0.0,0.0,2990000000
2021143N15090,YAAS,2021,MEGHALAYA,WEST G>RO HILLS,0.0,0.0,0.0,2990000000
2021143N15090,YAAS,2021,MEGHALAYA,WEST JAINTIA HILLS,0.0,0.0,0.0,2990000000
2021143N15090,YAAS,2021,MEGHALAYA,SOUTH WEST KH>SI HILLS,0.0,0.0,0.0,2990000000
2021143N15090,YAAS,2021,MEGHALAYA,EASTERN WEST KHASI HILLS,0.0,0.0,0.0,2990000000
2021143N15090,YAAS,2021,MEGHALAYA,WEST KHASI HILLS,0.0,0.0,0.0,2990000000
2021143N15090,YAAS,2021,MIZORAM,CHAMPHAI,0.0,0.0,0.0,2990000000
2021143N15090,YAAS,2021,MIZORAM,HNAHTHIAL,0.0,0.0,0.0,2990000000
2021143N15090,YAAS,2021,MIZORAM,SERCHHIP,0.0,0.0,0.0,2990000000
2021143N15090,YAAS,2021,MIZORAM,LUNGLEI,0.0,0.0,0.0,2990000000
2021143N15090,YAAS,2021,MIZORAM,MAMIT,0.0,0.0,0.0,2990000000
2021143N15090,YAAS,2021,MIZORAM,KOLASIB,0.0,0.0,0.0,2990000000
2021143N15090,YAAS,2021,MIZORAM,AIZAWL,0.0,0.0,0.0,2990000000
2021143N15090,YAAS,2021,MIZORAM,SAIHA,0.0,0.0,0.0,2990000000
2021143N15090,YAAS,2021,MIZORAM,SAITUAL,0.0,0.0,0.0,2990000000
2021143N15090,YAAS,2021,MIZORAM,LAWNGTLAI,0.0,0.0,0.0,2990000000
2021143N15090,YAAS,2021,NAGALAND,LONGLENG,0.0,0.0,0.0,2990000000
2021143N15090,YAAS,2021,NAGALAND,TUENSANG,0.0,0.0,0.0,2990000000
2021143N15090,YAAS,2021,NAGALAND,SHAMATOR,0.0,0.0,0.0,2990000000
2021143N15090,YAAS,2021,NAGALAND,DIMAPUR,0.0,0.0,0.0,2990000000
2021143N15090,YAAS,2021,NAGALAND,CHUMOUKEDIMA,0.0,0.0,0.0,2990000000
2021143N15090,YAAS,2021,NAGALAND,NIULAND,0.0,0.0,0.0,2990000000
2021143N15090,YAAS,2021,NAGALAND,PEREN,0.0,0.0,0.0,2990000000
2021143N15090,YAAS,2021,NAGALAND,KOHIMA,0.0,0.0,0.0,2990000000
2021143N15090,YAAS,2021,NAGALAND,MON,0.0,0.0,0.0,2990000000
2021143N15090,YAAS,2021,NAGALAND,KIPHIRE,0.0,0.0,0.0,2990000000
2021143N15090,YAAS,2021,NAGALAND,PHEK,0.0,0.0,0.0,2990000000
2021143N15090,YAAS,2021,NAGALAND,MOKOKCHUNG,0.0,0.0,0.0,2990000000
2021143N15090,YAAS,2021,NAGALAND,ZUNHEBOTO,0.0,0.0,0.0,2990000000
2021143N15090,YAAS,2021,NAGALAND,WOKHA,0.0,0.0,0.0,2990000000
2021143N15090,YAAS,2021,NAGALAND,TSEMINYU,0.0,0.0,0.0,2990000000
2021143N15090,YAAS,2021,NAGALAND,NOKLAK,0.0,0.0,0.0,2990000000
2021143N15090,YAAS,2021,PUDUCHERRY,KARAIKAL,0.0,0.0,0.0,2990000000
2021143N15090,YAAS,2021,PUDUCHERRY,MAHE,0.0,0.0,0.0,2990000000
2021143N15090,YAAS,2021,PUDUCHERRY,PUDUCHERRY,0.0,0.0,0.0,2990000000
2021143N15090,YAAS,2021,PUNJAB,FIROZPUR,0.0,0.0,0.0,2990000000
2021143N15090,YAAS,2021,PUNJAB,LUDHIANA,0.0,0.0,0.0,2990000000
2021143N15090,YAAS,2021,PUNJAB,RUPNAGAR,0.0,0.0,0.0,2990000000
2021143N15090,YAAS,2021,PUNJAB,MANSA,0.0,0.0,0.0,2990000000
2021143N15090,YAAS,2021,PUNJAB,SRI MUKTSAR SAHIB,0.0,0.0,0.0,2990000000
2021143N15090,YAAS,2021,PUNJAB,SAS NAGAR (SAHIBZADA AJIT SINGH NAGAR),0.0,0.0,0.0,2990000000
2021143N15090,YAAS,2021,PUNJAB,JALANDHAR,0.0,0.0,0.0,2990000000
2021143N15090,YAAS,2021,PUNJAB,PATHANKOT,0.0,0.0,0.0,2990000000
2021143N15090,YAAS,2021,PUNJAB,FARIDKOT,0.0,0.0,0.0,2990000000
2021143N15090,YAAS,2021,PUNJAB,MOGA,0.0,0.0,0.0,2990000000
2021143N15090,YAAS,2021,PUNJAB,HOSHIARPUR,0.0,0.0,0.0,2990000000
2021143N15090,YAAS,2021,PUNJAB,BATHINDA,0.0,0.0,0.0,2990000000
2021143N15090,YAAS,2021,PUNJAB,TARN TARAN,0.0,0.0,0.0,2990000000
2021143N15090,YAAS,2021,PUNJAB,FAZILKA,0.0,0.0,0.0,2990000000
2021143N15090,YAAS,2021,PUNJAB,PATIALA,0.0,0.0,0.0,2990000000
2021143N15090,YAAS,2021,PUNJAB,SHAHID BHAGAT SINGH NAGAR,0.0,0.0,0.0,2990000000
2021143N15090,YAAS,2021,PUNJAB,BARNALA,0.0,0.0,0.0,2990000000
2021143N15090,YAAS,2021,PUNJAB,GURDASPUR,0.0,0.0,0.0,2990000000
2021143N15090,YAAS,2021,PUNJAB,KAPURTHALA,0.0,0.0,0.0,2990000000
2021143N15090,YAAS,2021,PUNJAB,FATEHGARH SAHIB,0.0,0.0,0.0,2990000000
2021143N15090,YAAS,2021,PUNJAB,AMRITSAR,0.0,0.0,0.0,2990000000
2021143N15090,YAAS,2021,PUNJAB,MALER KOTLA,0.0,0.0,0.0,2990000000
2021143N15090,YAAS,2021,PUNJAB,SANGRUR,0.0,0.0,0.0,2990000000
2021143N15090,YAAS,2021,RAJASTHAN,AJMER,0.0,0.0,0.0,2990000000
2021143N15090,YAAS,2021,RAJASTHAN,ALWAR,0.0,0.0,0.0,2990000000
2021143N15090,YAAS,2021,RAJASTHAN,ANOOPGARH,0.0,0.0,0.0,2990000000
2021143N15090,YAAS,2021,RAJASTHAN,BALOTRA,0.0,0.0,0.0,2990000000
2021143N15090,YAAS,2021,RAJASTHAN,BANSWARA,0.0,0.0,0.0,2990000000
2021143N15090,YAAS,2021,RAJASTHAN,BARAN,0.0,0.0,0.0,2990000000
2021143N15090,YAAS,2021,RAJASTHAN,BARMER,0.0,0.0,0.0,2990000000
2021143N15090,YAAS,2021,RAJASTHAN,BEAWAR,0.0,0.0,0.0,2990000000
2021143N15090,YAAS,2021,RAJASTHAN,BHARATPUR,0.0,0.0,0.0,2990000000
2021143N15090,YAAS,2021,RAJASTHAN,BHILWARA,0.0,0.0,0.0,2990000000
2021143N15090,YAAS,2021,RAJASTHAN,BIKANER,0.0,0.0,0.0,2990000000
2021143N15090,YAAS,2021,RAJASTHAN,BUNDI,0.0,0.0,0.0,2990000000
2021143N15090,YAAS,2021,RAJASTHAN,CHITTAURGARH,0.0,0.0,0.0,2990000000
2021143N15090,YAAS,2021,RAJASTHAN,CHURU,0.0,0.0,0.0,2990000000
2021143N15090,YAAS,2021,RAJASTHAN,DAUSA,0.0,0.0,0.0,2990000000
2021143N15090,YAAS,2021,RAJASTHAN,DEEG,0.0,0.0,0.0,2990000000
2021143N15090,YAAS,2021,RAJASTHAN,DHAULPUR,0.0,0.0,0.0,2990000000
2021143N15090,YAAS,2021,RAJASTHAN,DIDWANA-KUCHAMAN,0.0,0.0,0.0,2990000000
2021143N15090,YAAS,2021,RAJASTHAN,DUDU,0.0,0.0,0.0,2990000000
2021143N15090,YAAS,2021,RAJASTHAN,DUNGARPUR,0.0,0.0,0.0,2990000000
2021143N15090,YAAS,2021,RAJASTHAN,GANGANAGAR,0.0,0.0,0.0,2990000000
2021143N15090,YAAS,2021,RAJASTHAN,GANGAPURCITY,0.0,0.0,0.0,2990000000
2021143N15090,YAAS,2021,RAJASTHAN,HANUMANGARH,0.0,0.0,0.0,2990000000
2021143N15090,YAAS,2021,RAJASTHAN,JAIPUR,0.0,0.0,0.0,2990000000
2021143N15090,YAAS,2021,RAJASTHAN,JAIPUR(GRAMIN),0.0,0.0,0.0,2990000000
2021143N15090,YAAS,2021,RAJASTHAN,JAISALMER,0.0,0.0,0.0,2990000000
2021143N15090,YAAS,2021,RAJASTHAN,JALOR,0.0,0.0,0.0,2990000000
2021143N15090,YAAS,2021,RAJASTHAN,JHALAWAR,0.0,0.0,0.0,2990000000
2021143N15090,YAAS,2021,RAJASTHAN,JHUNJHUNUN,0.0,0.0,0.0,2990000000
2021143N15090,YAAS,2021,RAJASTHAN,JODHPUR,0.0,0.0,0.0,2990000000
2021143N15090,YAAS,2021,RAJASTHAN,JODHPUR GRAMIN,0.0,0.0,0.0,2990000000
2021143N15090,YAAS,2021,RAJASTHAN,KARAULI,0.0,0.0,0.0,2990000000
2021143N15090,YAAS,2021,RAJASTHAN,KEKRI,0.0,0.0,0.0,2990000000
2021143N15090,YAAS,2021,RAJASTHAN,KHAIRTHAL-TIJARA,0.0,0.0,0.0,2990000000
2021143N15090,YAAS,2021,RAJASTHAN,KOTA,0.0,0.0,0.0,2990000000
2021143N15090,YAAS,2021,RAJASTHAN,KOTPUTLI-BEHROR,0.0,0.0,0.0,2990000000
2021143N15090,YAAS,2021,RAJASTHAN,NAGAUR,0.0,0.0,0.0,2990000000
2021143N15090,YAAS,2021,RAJASTHAN,NEEM-KA-THANA,0.0,0.0,0.0,2990000000
2021143N15090,YAAS,2021,RAJASTHAN,PALI,0.0,0.0,0.0,2990000000
2021143N15090,YAAS,2021,RAJASTHAN,PHALODI,0.0,0.0,0.0,2990000000
2021143N15090,YAAS,2021,RAJASTHAN,PRATAPGARH,0.0,0.0,0.0,2990000000
2021143N15090,YAAS,2021,RAJASTHAN,RAJSAMAND,0.0,0.0,0.0,2990000000
2021143N15090,YAAS,2021,RAJASTHAN,SALUMBAR,0.0,0.0,0.0,2990000000
2021143N15090,YAAS,2021,RAJASTHAN,SANCHORE,0.0,0.0,0.0,2990000000
2021143N15090,YAAS,2021,RAJASTHAN,SAWAI MADHOPUR,0.0,0.0,0.0,2990000000
2021143N15090,YAAS,2021,RAJASTHAN,SHAHPURA,0.0,0.0,0.0,2990000000
2021143N15090,YAAS,2021,RAJASTHAN,SIKAR,0.0,0.0,0.0,2990000000
2021143N15090,YAAS,2021,RAJASTHAN,SIROHI,0.0,0.0,0.0,2990000000
2021143N15090,YAAS,2021,RAJASTHAN,TONK,0.0,0.0,0.0,2990000000
2021143N15090,YAAS,2021,RAJASTHAN,UDAIPUR,0.0,0.0,0.0,2990000000
2021143N15090,YAAS,2021,SIKKIM,GYALSHING,0.0,0.0,0.0,2990000000
2021143N15090,YAAS,2021,SIKKIM,PAKYONG,0.0,0.0,0.0,2990000000
2021143N15090,YAAS,2021,SIKKIM,NAMCHI,0.0,0.0,0.0,2990000000
2021143N15090,YAAS,2021,SIKKIM,MANGAN,0.0,0.0,0.0,2990000000
2021143N15090,YAAS,2021,SIKKIM,GANGTOK,0.0,0.0,0.0,2990000000
2021143N15090,YAAS,2021,SIKKIM,SORENG,0.0,0.0,0.0,2990000000
2021143N15090,YAAS,2021,TAMIL NADU,ARIYALUR,0.0,0.0,0.0,2990000000
2021143N15090,YAAS,2021,TAMIL NADU,CHENGALPATTU,0.0,0.0,0.0,2990000000
2021143N15090,YAAS,2021,TAMIL NADU,CHENNAI,0.0,0.0,0.0,2990000000
2021143N15090,YAAS,2021,TAMIL NADU,COIMBATORE,0.0,0.0,0.0,2990000000
2021143N15090,YAAS,2021,TAMIL NADU,CUDDALORE,0.0,0.0,0.0,2990000000
2021143N15090,YAAS,2021,TAMIL NADU,DHARMAPURI,0.0,0.0,0.0,2990000000
2021143N15090,YAAS,2021,TAMIL NADU,DINDIGUL,0.0,0.0,0.0,2990000000
2021143N15090,YAAS,2021,TAMIL NADU,ERODE,0.0,0.0,0.0,2990000000
2021143N15090,YAAS,2021,TAMIL NADU,KALLAKKURICHI,0.0,0.0,0.0,2990000000
2021143N15090,YAAS,2021,TAMIL NADU,KANCHIPURAM,0.0,0.0,0.0,2990000000
2021143N15090,YAAS,2021,TAMIL NADU,KANNIYAKUMARI,0.0,0.0,0.0,2990000000
2021143N15090,YAAS,2021,TAMIL NADU,KARUR,0.0,0.0,0.0,2990000000
2021143N15090,YAAS,2021,TAMIL NADU,KRISHNAGIRI,0.0,0.0,0.0,2990000000
2021143N15090,YAAS,2021,TAMIL NADU,MADURAI,0.0,0.0,0.0,2990000000
2021143N15090,YAAS,2021,TAMIL NADU,MAYILADUTHURAI,0.0,0.0,0.0,2990000000
2021143N15090,YAAS,2021,TAMIL NADU,NAGAPATTINAM,0.0,0.0,0.0,2990000000
2021143N15090,YAAS,2021,TAMIL NADU,NAMAKKAL,0.0,0.0,0.0,2990000000
2021143N15090,YAAS,2021,TAMIL NADU,PERAMBALUR,0.0,0.0,0.0,2990000000
2021143N15090,YAAS,2021,TAMIL NADU,PUDUKKOTTAI,0.0,0.0,0.0,2990000000
2021143N15090,YAAS,2021,TAMIL NADU,RAMANATHAPURAM,0.0,0.0,0.0,2990000000
2021143N15090,YAAS,2021,TAMIL NADU,RANIPET,0.0,0.0,0.0,2990000000
2021143N15090,YAAS,2021,TAMIL NADU,SALEM,0.0,0.0,0.0,2990000000
2021143N15090,YAAS,2021,TAMIL NADU,SIVAGANGA,0.0,0.0,0.0,2990000000
2021143N15090,YAAS,2021,TAMIL NADU,TENKASI,0.0,0.0,0.0,2990000000
2021143N15090,YAAS,2021,TAMIL NADU,THANJAVUR,0.0,0.0,0.0,2990000000
2021143N15090,YAAS,2021,TAMIL NADU,THE NILGIRIS,0.0,0.0,0.0,2990000000
2021143N15090,YAAS,2021,TAMIL NADU,THENI,0.0,0.0,0.0,2990000000
2021143N15090,YAAS,2021,TAMIL NADU,THIRUVALLUR,0.0,0.0,0.0,2990000000
2021143N15090,YAAS,2021,TAMIL NADU,THIRUVARUR,0.0,0.0,0.0,2990000000
2021143N15090,YAAS,2021,TAMIL NADU,THOOTHUKUDI,0.0,0.0,0.0,2990000000
2021143N15090,YAAS,2021,TAMIL NADU,TIRUCHIRAPPALLI,0.0,0.0,0.0,2990000000
2021143N15090,YAAS,2021,TAMIL NADU,TIRUNELVELI,0.0,0.0,0.0,2990000000
2021143N15090,YAAS,2021,TAMIL NADU,TIRUPATHUR,0.0,0.0,0.0,2990000000
2021143N15090,YAAS,2021,TAMIL NADU,TIRUPPUR,0.0,0.0,0.0,2990000000
2021143N15090,YAAS,2021,TAMIL NADU,TIRUVANNAMALAI,0.0,0.0,0.0,2990000000
2021143N15090,YAAS,2021,TAMIL NADU,VELLORE,0.0,0.0,0.0,2990000000
2021143N15090,YAAS,2021,TAMIL NADU,VILUPPURAM,0.0,0.0,0.0,2990000000
2021143N15090,YAAS,2021,TAMIL NADU,VIRUDHUNAGAR,0.0,0.0,0.0,2990000000
2021143N15090,YAAS,2021,TELANGANA,ADILABAD,0.0,0.0,0.0,2990000000
2021143N15090,YAAS,2021,TELANGANA,BHADRADRI KOTHAGUDEM,0.0,0.0,0.0,2990000000
2021143N15090,YAAS,2021,TELANGANA,HANUMAKONDA,0.0,0.0,0.0,2990000000
2021143N15090,YAAS,2021,TELANGANA,HYDERABAD,0.0,0.0,0.0,2990000000
2021143N15090,YAAS,2021,TELANGANA,JAGTIAL,0.0,0.0,0.0,2990000000
2021143N15090,YAAS,2021,TELANGANA,JANGOAN,0.0,0.0,0.0,2990000000
2021143N15090,YAAS,2021,TELANGANA,JAYASHANKAR BHUPALPALLI,0.0,0.0,0.0,2990000000
2021143N15090,YAAS,2021,TELANGANA,JOGULAMBA GADWAL,0.0,0.0,0.0,2990000000
2021143N15090,YAAS,2021,TELANGANA,KAMAREDDY,0.0,0.0,0.0,2990000000
2021143N15090,YAAS,2021,TELANGANA,KARIMNAGAR,0.0,0.0,0.0,2990000000
2021143N15090,YAAS,2021,TELANGANA,KHAMMAM,0.0,0.0,0.0,2990000000
2021143N15090,YAAS,2021,TELANGANA,KOMARRAM BHEEM,0.0,0.0,0.0,2990000000
2021143N15090,YAAS,2021,TELANGANA,MAHABUBABAD,0.0,0.0,0.0,2990000000
2021143N15090,YAAS,2021,TELANGANA,MAHABUBNAGAR,0.0,0.0,0.0,2990000000
2021143N15090,YAAS,2021,TELANGANA,MANCHERIAL,0.0,0.0,0.0,2990000000
2021143N15090,YAAS,2021,TELANGANA,MEDAK,0.0,0.0,0.0,2990000000
2021143N15090,YAAS,2021,TELANGANA,MEDCHAL_MALKAJGIRI,0.0,0.0,0.0,2990000000
2021143N15090,YAAS,2021,TELANGANA,MULUGU,0.0,0.0,0.0,2990000000
2021143N15090,YAAS,2021,TELANGANA,NAGARKURNOOL,0.0,0.0,0.0,2990000000
2021143N15090,YAAS,2021,TELANGANA,NALGONDA,0.0,0.0,0.0,2990000000
2021143N15090,YAAS,2021,TELANGANA,NARAYANPET,0.0,0.0,0.0,2990000000
2021143N15090,YAAS,2021,TELANGANA,NIRMAL,0.0,0.0,0.0,2990000000
2021143N15090,YAAS,2021,TELANGANA,NIZAMABAD,0.0,0.0,0.0,2990000000
2021143N15090,YAAS,2021,TELANGANA,PEDDAPALLI,0.0,0.0,0.0,2990000000
2021143N15090,YAAS,2021,TELANGANA,RAJANNA SIRCILLA,0.0,0.0,0.0,2990000000
2021143N15090,YAAS,2021,TELANGANA,RANGA REDDY,0.0,0.0,0.0,2990000000
2021143N15090,YAAS,2021,TELANGANA,SANGAREDDY,0.0,0.0,0.0,2990000000
2021143N15090,YAAS,2021,TELANGANA,SIDDIPET,0.0,0.0,0.0,2990000000
2021143N15090,YAAS,2021,TELANGANA,SURIYAPET,0.0,0.0,0.0,2990000000
2021143N15090,YAAS,2021,TELANGANA,VIKARABAD,0.0,0.0,0.0,2990000000
2021143N15090,YAAS,2021,TELANGANA,WANPARTI,0.0,0.0,0.0,2990000000
2021143N15090,YAAS,2021,TELANGANA,WARANGAL,0.0,0.0,0.0,2990000000
2021143N15090,YAAS,2021,TELANGANA,YADADRI BHUVANAGIRI,0.0,0.0,0.0,2990000000
2021143N15090,YAAS,2021,TRIPURA,SOUTH TRIPURA,0.0,0.0,0.0,2990000000
2021143N15090,YAAS,2021,TRIPURA,WEST TRIPURA,0.0,0.0,0.0,2990000000
2021143N15090,YAAS,2021,TRIPURA,DHALAI,0.0,0.0,0.0,2990000000
2021143N15090,YAAS,2021,TRIPURA,KHOWAI,0.0,0.0,0.0,2990000000
2021143N15090,YAAS,2021,TRIPURA,UNAKOTI,0.0,0.0,0.0,2990000000
2021143N15090,YAAS,2021,TRIPURA,NORTH TRIPURA,0.0,0.0,0.0,2990000000
2021143N15090,YAAS,2021,TRIPURA,SEPAHIJALA,0.0,0.0,0.0,2990000000
2021143N15090,YAAS,2021,TRIPURA,GOMTI,0.0,0.0,0.0,2990000000
2021143N15090,YAAS,2021,UTTARAKHAND,B>GESHWAR,0.0,0.0,0.0,2990000000
2021143N15090,YAAS,2021,UTTARAKHAND,CHAMP>WAT,0.0,0.0,0.0,2990000000
2021143N15090,YAAS,2021,UTTARAKHAND,HARIDW>R,0.0,0.0,0.0,2990000000
2021143N15090,YAAS,2021,UTTARAKHAND,NAINIT>L,0.0,0.0,0.0,2990000000
2021143N15090,YAAS,2021,UTTARAKHAND,PAURI GARHW>L,0.0,0.0,0.0,2990000000
2021143N15090,YAAS,2021,UTTARAKHAND,RUDRAPRAY>G,0.0,0.0,0.0,2990000000
2021143N15090,YAAS,2021,UTTARAKHAND,TEHRI GARHW>L,0.0,0.0,0.0,2990000000
2021143N15090,YAAS,2021,UTTARAKHAND,UDHAM SINGH NAGAR,0.0,0.0,0.0,2990000000
2021143N15090,YAAS,2021,UTTARAKHAND,CHAMOLI,0.0,0.0,0.0,2990000000
2021143N15090,YAAS,2021,UTTARAKHAND,PITHOR>GARH,0.0,0.0,0.0,2990000000
2021143N15090,YAAS,2021,UTTARAKHAND,UTTARK>SHI,0.0,0.0,0.0,2990000000
2021143N15090,YAAS,2021,WEST BENGAL,MURSHID>B>D,0.0,0.0,0.0,2990000000
2021143N15090,YAAS,2021,WEST BENGAL,SOUTH 24PARGANAS,5285133.072058054,0.0,0.0,2990000000
2021143N15090,YAAS,2021,WEST BENGAL,PURULIYA,0.0,0.0,0.0,2990000000
2021143N15090,YAAS,2021,WEST BENGAL,PASCHIM MEDIN|PUR,372315696.4707953,0.2199878610332931,657763704.4895464,2990000000
2021143N15090,YAAS,2021,WEST BENGAL,PASCHIM BARDDHAM>N,0.0,0.0,0.0,2990000000
2021143N15090,YAAS,2021,WEST BENGAL,NORTH TWENTY-FOUR PARGANAS,0.0,0.0,0.0,2990000000
2021143N15090,YAAS,2021,WEST BENGAL,KOCH BIH>R,0.0,0.0,0.0,2990000000
2021143N15090,YAAS,2021,WEST BENGAL,JHARGRAM,20113757.27454469,0.0107918000381493,32267482.11406661,2990000000
2021143N15090,YAAS,2021,WEST BENGAL,JALP>IGURI,0.0,0.0,0.0,2990000000
2021143N15090,YAAS,2021,WEST BENGAL,HUGLI,0.0,0.0,0.0,2990000000
2021143N15090,YAAS,2021,WEST BENGAL,B>NKURA,59615.44201528044,0.0,0.0,2990000000
2021143N15090,YAAS,2021,WEST BENGAL,>L|PUR DU>R,0.0,0.0,0.0,2990000000
2021143N15090,YAAS,2021,WEST BENGAL,UTTAR DIN>JPUR,0.0,0.0,0.0,2990000000
2021143N15090,YAAS,2021,WEST BENGAL,PURBA MEDIN|PUR,424884435.9841601,0.3396318045730304,1015499095.6733608,2990000000
2021143N15090,YAAS,2021,WEST BENGAL,PURBA BARDDHAM>N,0.0,0.0,0.0,2990000000
2021143N15090,YAAS,2021,WEST BENGAL,NADIA,0.0,0.0,0.0,2990000000
2021143N15090,YAAS,2021,WEST BENGAL,M>LDAH,0.0,0.0,0.0,2990000000
2021143N15090,YAAS,2021,WEST BENGAL,K>LIMPONG,0.0,0.0,0.0,2990000000
2021143N15090,YAAS,2021,WEST BENGAL,H>ORA,177931.45251578584,0.0,0.0,2990000000
2021143N15090,YAAS,2021,WEST BENGAL,D>RJILING,0.0,0.0,0.0,2990000000
2021143N15090,YAAS,2021,WEST BENGAL,DAKSHIN DIN>JPUR,0.0,0.0,0.0,2990000000
2021143N15090,YAAS,2021,WEST BENGAL,B|RBH@M,0.0,0.0,0.0,2990000000
2021143N15090,YAAS,2021,WEST BENGAL,P@RBA MEDIN|PUR,0.0,0.0,0.0,2990000000
2021143N15090,YAAS,2021,KARNATAKA,UDUPI,0.0,0.0,0.0,2990000000
2021143N15090,YAAS,2021,ODISHA,KENDRAPARA,34911676.468793616,0.0291590261888927,87185488.30478935,2990000000
2021143N15090,YAAS,2021,ODISHA,BHADRAK,90803607.97132993,0.0250780747081099,74983443.37724869,2990000000
2021143N15090,YAAS,2021,ODISHA,BARGARH,0.0,0.0,0.0,2990000000
2021143N15090,YAAS,2021,ODISHA,KEONJHAR (KENDUJHAR),23738402.96088557,0.0430642383549525,128762072.68130806,2990000000
2021143N15090,YAAS,2021,ODISHA,ANUGUL,0.0,0.0,0.0,2990000000
2021143N15090,YAAS,2021,ODISHA,BALANGIR,0.0,0.0,0.0,2990000000
2021143N15090,YAAS,2021,ODISHA,BALASORE,330731543.6362727,0.0702541358654093,210059866.23757404,2990000000
2021143N15090,YAAS,2021,ODISHA,DHENKANAL,1694752.918076767,0.0,0.0,2990000000
2021143N15090,YAAS,2021,ODISHA,JHARSUGUDA,0.0,0.0,0.0,2990000000
2021143N15090,YAAS,2021,ODISHA,MAYURBHANJ,118082591.67573293,0.028930404616756,86501909.80410063,2990000000
2021143N15090,YAAS,2021,ODISHA,JAGATSINGHPUR,3042810.0035775406,0.0,0.0,2990000000
2021143N15090,YAAS,2021,ODISHA,KANDHAMAL,0.0,0.0,0.0,2990000000
2021143N15090,YAAS,2021,ODISHA,CUTTACK,6892523.956839487,0.0,0.0,2990000000
2021143N15090,YAAS,2021,ODISHA,KORAPUT,0.0,0.0,0.0,2990000000
2021143N15090,YAAS,2021,ODISHA,NABARANGAPUR,0.0,0.0,0.0,2990000000
2021143N15090,YAAS,2021,ODISHA,PURI,0.0,0.0,0.0,2990000000
2021143N15090,YAAS,2021,ODISHA,SAMBALPUR,0.0,0.0,0.0,2990000000
2021143N15090,YAAS,2021,ODISHA,GAJAPATI,0.0,0.0,0.0,2990000000
2021143N15090,YAAS,2021,ODISHA,GANJAM,0.0,0.0,0.0,2990000000
2021143N15090,YAAS,2021,ODISHA,MALKANGIRI,0.0,0.0,0.0,2990000000
2021143N15090,YAAS,2021,ODISHA,KHORDHA,0.0,0.0,0.0,2990000000
2021143N15090,YAAS,2021,ODISHA,BOUDH,0.0,0.0,0.0,2990000000
2021143N15090,YAAS,2021,ODISHA,DEOGARH,0.0,0.0,0.0,2990000000
2021143N15090,YAAS,2021,ODISHA,NUAPARHA,0.0,0.0,0.0,2990000000
2021143N15090,YAAS,2021,ODISHA,JAJAPUR,173161294.13008088,0.091653510187462,274043995.4605114,2990000000
2021143N15090,YAAS,2021,ODISHA,SUNDARGARH,0.0,0.0,0.0,2990000000
2021143N15090,YAAS,2021,ODISHA,KALAHANDI,0.0,0.0,0.0,2990000000
2021143N15090,YAAS,2021,ODISHA,SUBARNAPUR,0.0,0.0,0.0,2990000000
2021143N15090,YAAS,2021,ODISHA,RAYAGARHA,0.0,0.0,0.0,2990000000
2021143N15090,YAAS,2021,ODISHA,NAYAGARH,0.0,0.0,0.0,2990000000
2021143N15090,YAAS,2021,CHANDIGARH,CHANDIGARH,0.0,0.0,0.0,2990000000
2021143N15090,YAAS,2021,UTTARAKHAND,ALMORA,0.0,0.0,0.0,2990000000
2021143N15090,YAAS,2021,UTTARAKHAND,DEHRAD@N,0.0,0.0,0.0,2990000000
2021143N15090,YAAS,2021,KARNATAKA,TUMAK#RU,0.0,0.0,0.0,2990000000
2021143N15090,YAAS,2021,KARNATAKA,B\DAR,0.0,0.0,0.0,2990000000
2021143N15090,YAAS,2021,MADHYA PRADESH,SIDHI,0.0,0.0,0.0,2990000000
2021143N15090,YAAS,2021,KARNATAKA,KODAGU,0.0,0.0,0.0,2990000000
2021143N15090,YAAS,2021,MADHYA PRADESH,DATIA,0.0,0.0,0.0,2990000000
2021143N15090,YAAS,2021,UTTAR PRADESH,AGRA,0.0,0.0,0.0,2990000000
2021143N15090,YAAS,2021,UTTAR PRADESH,ALIGARH,0.0,0.0,0.0,2990000000
2021143N15090,YAAS,2021,UTTAR PRADESH,AMBEDKAR NAGAR,0.0,0.0,0.0,2990000000
2021143N15090,YAAS,2021,UTTAR PRADESH,AMETHI,0.0,0.0,0.0,2990000000
2021143N15090,YAAS,2021,UTTAR PRADESH,AMROHA,0.0,0.0,0.0,2990000000
2021143N15090,YAAS,2021,UTTAR PRADESH,AURAIYA,0.0,0.0,0.0,2990000000
2021143N15090,YAAS,2021,UTTAR PRADESH,AYODHYA,0.0,0.0,0.0,2990000000
2021143N15090,YAAS,2021,UTTAR PRADESH,AZAMGARH,0.0,0.0,0.0,2990000000
2021143N15090,YAAS,2021,UTTAR PRADESH,BAGHPAT,0.0,0.0,0.0,2990000000
2021143N15090,YAAS,2021,UTTAR PRADESH,BAHRAICH,0.0,0.0,0.0,2990000000
2021143N15090,YAAS,2021,UTTAR PRADESH,BALLIA,0.0,0.0,0.0,2990000000
2021143N15090,YAAS,2021,UTTAR PRADESH,BARA BANKI,0.0,0.0,0.0,2990000000
2021143N15090,YAAS,2021,UTTAR PRADESH,BAREILLY,0.0,0.0,0.0,2990000000
2021143N15090,YAAS,2021,UTTAR PRADESH,BASTI,0.0,0.0,0.0,2990000000
2021143N15090,YAAS,2021,UTTAR PRADESH,BHADOHI,0.0,0.0,0.0,2990000000
2021143N15090,YAAS,2021,UTTAR PRADESH,BIJNOR,0.0,0.0,0.0,2990000000
2021143N15090,YAAS,2021,UTTAR PRADESH,BUDAUN,0.0,0.0,0.0,2990000000
2021143N15090,YAAS,2021,UTTAR PRADESH,BULANDSHAHR,0.0,0.0,0.0,2990000000
2021143N15090,YAAS,2021,UTTAR PRADESH,CHANDAULI,0.0,0.0,0.0,2990000000
2021143N15090,YAAS,2021,UTTAR PRADESH,CHITRAKOOT,0.0,0.0,0.0,2990000000
2021143N15090,YAAS,2021,UTTAR PRADESH,DEORIA,0.0,0.0,0.0,2990000000
2021143N15090,YAAS,2021,UTTAR PRADESH,ETAH,0.0,0.0,0.0,2990000000
2021143N15090,YAAS,2021,UTTAR PRADESH,ETAWAH,0.0,0.0,0.0,2990000000
2021143N15090,YAAS,2021,UTTAR PRADESH,FARRUKHABAD,0.0,0.0,0.0,2990000000
2021143N15090,YAAS,2021,UTTAR PRADESH,FATEHPUR,0.0,0.0,0.0,2990000000
2021143N15090,YAAS,2021,UTTAR PRADESH,FIROZABAD,0.0,0.0,0.0,2990000000
2021143N15090,YAAS,2021,UTTAR PRADESH,GAUTAM BUDDHA NAGAR,0.0,0.0,0.0,2990000000
2021143N15090,YAAS,2021,UTTAR PRADESH,GHAZIABAD,0.0,0.0,0.0,2990000000
2021143N15090,YAAS,2021,UTTAR PRADESH,GHAZIPUR,0.0,0.0,0.0,2990000000
2021143N15090,YAAS,2021,UTTAR PRADESH,GONDA,0.0,0.0,0.0,2990000000
2021143N15090,YAAS,2021,UTTAR PRADESH,GORAKHPUR,0.0,0.0,0.0,2990000000
2021143N15090,YAAS,2021,UTTAR PRADESH,HAMIRPUR,0.0,0.0,0.0,2990000000
2021143N15090,YAAS,2021,UTTAR PRADESH,HAPUR,0.0,0.0,0.0,2990000000
2021143N15090,YAAS,2021,UTTAR PRADESH,HARDOI,0.0,0.0,0.0,2990000000
2021143N15090,YAAS,2021,UTTAR PRADESH,HATHRAS,0.0,0.0,0.0,2990000000
2021143N15090,YAAS,2021,UTTAR PRADESH,JALAUN,0.0,0.0,0.0,2990000000
2021143N15090,YAAS,2021,UTTAR PRADESH,JAUNPUR,0.0,0.0,0.0,2990000000
2021143N15090,YAAS,2021,UTTAR PRADESH,JHANSI,0.0,0.0,0.0,2990000000
2021143N15090,YAAS,2021,UTTAR PRADESH,KANNAUJ,0.0,0.0,0.0,2990000000
2021143N15090,YAAS,2021,UTTAR PRADESH,KANPUR DEHAT,0.0,0.0,0.0,2990000000
2021143N15090,YAAS,2021,UTTAR PRADESH,KANPUR NAGAR,0.0,0.0,0.0,2990000000
2021143N15090,YAAS,2021,UTTAR PRADESH,KASGANJ,0.0,0.0,0.0,2990000000
2021143N15090,YAAS,2021,UTTAR PRADESH,KAUSHAMBI,0.0,0.0,0.0,2990000000
2021143N15090,YAAS,2021,UTTAR PRADESH,KHERI,0.0,0.0,0.0,2990000000
2021143N15090,YAAS,2021,UTTAR PRADESH,KUSHINAGAR,0.0,0.0,0.0,2990000000
2021143N15090,YAAS,2021,UTTAR PRADESH,LALITPUR,0.0,0.0,0.0,2990000000
2021143N15090,YAAS,2021,UTTAR PRADESH,LUCKNOW,0.0,0.0,0.0,2990000000
2021143N15090,YAAS,2021,UTTAR PRADESH,MAHOBA,0.0,0.0,0.0,2990000000
2021143N15090,YAAS,2021,UTTAR PRADESH,MAHRAJGANJ,0.0,0.0,0.0,2990000000
2021143N15090,YAAS,2021,UTTAR PRADESH,MAINPURI,0.0,0.0,0.0,2990000000
2021143N15090,YAAS,2021,UTTAR PRADESH,MATHURA,0.0,0.0,0.0,2990000000
2021143N15090,YAAS,2021,UTTAR PRADESH,MAU,0.0,0.0,0.0,2990000000
2021143N15090,YAAS,2021,UTTAR PRADESH,MEERUT,0.0,0.0,0.0,2990000000
2021143N15090,YAAS,2021,UTTAR PRADESH,MIRZAPUR,0.0,0.0,0.0,2990000000
2021143N15090,YAAS,2021,UTTAR PRADESH,MORADABAD,0.0,0.0,0.0,2990000000
2021143N15090,YAAS,2021,UTTAR PRADESH,MUZAFFARNAGAR,0.0,0.0,0.0,2990000000
2021143N15090,YAAS,2021,UTTAR PRADESH,PILIBHIT,0.0,0.0,0.0,2990000000
2021143N15090,YAAS,2021,UTTAR PRADESH,PRAYAGRAJ,0.0,0.0,0.0,2990000000
2021143N15090,YAAS,2021,UTTAR PRADESH,RAE BARELI,0.0,0.0,0.0,2990000000
2021143N15090,YAAS,2021,UTTAR PRADESH,RAMPUR,0.0,0.0,0.0,2990000000
2021143N15090,YAAS,2021,UTTAR PRADESH,SAHARANPUR,0.0,0.0,0.0,2990000000
2021143N15090,YAAS,2021,UTTAR PRADESH,SAMBHAL,0.0,0.0,0.0,2990000000
2021143N15090,YAAS,2021,UTTAR PRADESH,SANT KABIR NAGAR,0.0,0.0,0.0,2990000000
2021143N15090,YAAS,2021,UTTAR PRADESH,SHAHJAHANPUR,0.0,0.0,0.0,2990000000
2021143N15090,YAAS,2021,UTTAR PRADESH,SHAMLI,0.0,0.0,0.0,2990000000
2021143N15090,YAAS,2021,UTTAR PRADESH,SHRAWASTI,0.0,0.0,0.0,2990000000
2021143N15090,YAAS,2021,UTTAR PRADESH,SIDDHARTHNAGAR,0.0,0.0,0.0,2990000000
2021143N15090,YAAS,2021,UTTAR PRADESH,SITAPUR,0.0,0.0,0.0,2990000000
2021143N15090,YAAS,2021,UTTAR PRADESH,SONBHADRA,0.0,0.0,0.0,2990000000
2021143N15090,YAAS,2021,UTTAR PRADESH,SULTANPUR,0.0,0.0,0.0,2990000000
2021143N15090,YAAS,2021,UTTAR PRADESH,UNNAO,0.0,0.0,0.0,2990000000
2021143N15090,YAAS,2021,UTTAR PRADESH,VARANASI,0.0,0.0,0.0,2990000000
2021143N15090,YAAS,2021,UTTAR PRADESH,BANDA,0.0,0.0,0.0,2990000000
2021143N15090,YAAS,2021,WEST BENGAL,KOLK>TA,0.0,0.0,0.0,2990000000
2021143N15090,YAAS,2021,MIZORAM,KHAWZAWL,0.0,0.0,0.0,2990000000
2021143N15090,YAAS,2021,ARUNACHAL PRADESH,LOHIT,0.0,0.0,0.0,2990000000
2021143N15090,YAAS,2021,LAKSHADWEEP,LAKSHADWEEP,0.0,0.0,0.0,2990000000
2018281N14088,TITLI,2018,ANDHRA PRADESH,ALLURI SITHARAMA RAJU,0.0,0.0,0.0,920000000
2018281N14088,TITLI,2018,ANDHRA PRADESH,ANAKAPALLI,0.0,0.0,0.0,920000000
2018281N14088,TITLI,2018,ANDHRA PRADESH,ANANTHAPURAMU,0.0,0.0,0.0,920000000
2018281N14088,TITLI,2018,ANDHRA PRADESH,ANNAMAYYA,0.0,0.0,0.0,920000000
2018281N14088,TITLI,2018,ANDHRA PRADESH,BAPATLA,0.0,0.0,0.0,920000000
2018281N14088,TITLI,2018,ANDHRA PRADESH,CHITTOOR,0.0,0.0,0.0,920000000
2018281N14088,TITLI,2018,ANDHRA PRADESH,DR.B.R.AMBEDKAR KONASEEMA,0.0,0.0,0.0,920000000
2018281N14088,TITLI,2018,ANDHRA PRADESH,EAST GODAVARI,0.0,0.0,0.0,920000000
2018281N14088,TITLI,2018,ANDHRA PRADESH,ELURU,0.0,0.0,0.0,920000000
2018281N14088,TITLI,2018,ANDHRA PRADESH,GUNTUR,0.0,0.0,0.0,920000000
2018281N14088,TITLI,2018,ANDHRA PRADESH,KAKINADA,0.0,0.0,0.0,920000000
2018281N14088,TITLI,2018,ANDHRA PRADESH,KRISHNA,0.0,0.0,0.0,920000000
2018281N14088,TITLI,2018,ANDHRA PRADESH,KURNOOL,0.0,0.0,0.0,920000000
2018281N14088,TITLI,2018,ANDHRA PRADESH,NANDYAL,0.0,0.0,0.0,920000000
2018281N14088,TITLI,2018,ANDHRA PRADESH,NTR,0.0,0.0,0.0,920000000
2018281N14088,TITLI,2018,ANDHRA PRADESH,PALNADU,0.0,0.0,0.0,920000000
2018281N14088,TITLI,2018,ANDHRA PRADESH,PARVATHIPURAM MANYAM,7398522.108495622,0.0138882813556627,12777218.84720974,920000000
2018281N14088,TITLI,2018,ANDHRA PRADESH,PRAKASAM,0.0,0.0,0.0,920000000
2018281N14088,TITLI,2018,ANDHRA PRADESH,SRI POTTI SRIRAMULU NELLORE,0.0,0.0,0.0,920000000
2018281N14088,TITLI,2018,ANDHRA PRADESH,SRI SATHYA SAI,0.0,0.0,0.0,920000000
2018281N14088,TITLI,2018,ANDHRA PRADESH,SRIKAKULAM,181501806.46682703,0.184690788544662,169915525.46108904,920000000
2018281N14088,TITLI,2018,ANDHRA PRADESH,TIRUPATI,0.0,0.0,0.0,920000000
2018281N14088,TITLI,2018,ANDHRA PRADESH,VISAKHAPATNAM,0.0,0.0,0.0,920000000
2018281N14088,TITLI,2018,ANDHRA PRADESH,VIZIANAGARAM,17935650.734537926,0.1561621104927463,143669141.65332666,920000000
2018281N14088,TITLI,2018,ANDHRA PRADESH,WEST GODAVARI,0.0,0.0,0.0,920000000
2018281N14088,TITLI,2018,PUDUCHERRY,YANAM,0.0,0.0,0.0,920000000
2018281N14088,TITLI,2018,ANDHRA PRADESH,YSR KADAPA,0.0,0.0,0.0,920000000
2018281N14088,TITLI,2018,ANDAMAN AND NICOBAR ISLANDS,NICOBARS,0.0,0.0,0.0,920000000
2018281N14088,TITLI,2018,ANDAMAN AND NICOBAR ISLANDS,NORTH AND MIDDLE ANDAMAN,0.0,0.0,0.0,920000000
2018281N14088,TITLI,2018,ANDAMAN AND NICOBAR ISLANDS,SOUTH ANDAMANS,0.0,0.0,0.0,920000000
2018281N14088,TITLI,2018,ARUNACHAL PRADESH,>NJ>W,0.0,0.0,0.0,920000000
2018281N14088,TITLI,2018,ARUNACHAL PRADESH,CH>NGL>NG,0.0,0.0,0.0,920000000
2018281N14088,TITLI,2018,ARUNACHAL PRADESH,DIB>NG VALLEY,0.0,0.0,0.0,920000000
2018281N14088,TITLI,2018,ARUNACHAL PRADESH,EAST KAMENG,0.0,0.0,0.0,920000000
2018281N14088,TITLI,2018,ARUNACHAL PRADESH,EAST SIANG,0.0,0.0,0.0,920000000
2018281N14088,TITLI,2018,ARUNACHAL PRADESH,KURUNG KUMEY,0.0,0.0,0.0,920000000
2018281N14088,TITLI,2018,ARUNACHAL PRADESH,LOWER DIB>NG VALLEY,0.0,0.0,0.0,920000000
2018281N14088,TITLI,2018,ARUNACHAL PRADESH,PAPUMPARE,0.0,0.0,0.0,920000000
2018281N14088,TITLI,2018,ARUNACHAL PRADESH,TAWANG,0.0,0.0,0.0,920000000
2018281N14088,TITLI,2018,ARUNACHAL PRADESH,TIR>P,0.0,0.0,0.0,920000000
2018281N14088,TITLI,2018,ARUNACHAL PRADESH,UPPER SIANG,0.0,0.0,0.0,920000000
2018281N14088,TITLI,2018,ARUNACHAL PRADESH,UPPER SUBANSIRI,0.0,0.0,0.0,920000000
2018281N14088,TITLI,2018,ARUNACHAL PRADESH,WEST KAMENG,0.0,0.0,0.0,920000000
2018281N14088,TITLI,2018,ARUNACHAL PRADESH,SHI YOMI,0.0,0.0,0.0,920000000
2018281N14088,TITLI,2018,ARUNACHAL PRADESH,NAMSAI,0.0,0.0,0.0,920000000
2018281N14088,TITLI,2018,ARUNACHAL PRADESH,WEST SIANG,0.0,0.0,0.0,920000000
2018281N14088,TITLI,2018,ARUNACHAL PRADESH,SIANG,0.0,0.0,0.0,920000000
2018281N14088,TITLI,2018,ARUNACHAL PRADESH,LONGDING,0.0,0.0,0.0,920000000
2018281N14088,TITLI,2018,ARUNACHAL PRADESH,PAKKE KESSANG,0.0,0.0,0.0,920000000
2018281N14088,TITLI,2018,ARUNACHAL PRADESH,LOWER SIANG,0.0,0.0,0.0,920000000
2018281N14088,TITLI,2018,ARUNACHAL PRADESH,LEPA RADA,0.0,0.0,0.0,920000000
2018281N14088,TITLI,2018,ARUNACHAL PRADESH,BICHOM,0.0,0.0,0.0,920000000
2018281N14088,TITLI,2018,ARUNACHAL PRADESH,KRA DAADI,0.0,0.0,0.0,920000000
2018281N14088,TITLI,2018,ARUNACHAL PRADESH,KAMLE,0.0,0.0,0.0,920000000
2018281N14088,TITLI,2018,ARUNACHAL PRADESH,KEYI PANYOR,0.0,0.0,0.0,920000000
2018281N14088,TITLI,2018,ARUNACHAL PRADESH,LOWER SUBANSIRI,0.0,0.0,0.0,920000000
2018281N14088,TITLI,2018,ASSAM,KOKRAJHAR,0.0,0.0,0.0,920000000
2018281N14088,TITLI,2018,ASSAM,CHIRANG,0.0,0.0,0.0,920000000
2018281N14088,TITLI,2018,ASSAM,UDALGURI,0.0,0.0,0.0,920000000
2018281N14088,TITLI,2018,ASSAM,BAKSA,0.0,0.0,0.0,920000000
2018281N14088,TITLI,2018,ASSAM,DHUBRI,0.0,0.0,0.0,920000000
2018281N14088,TITLI,2018,ASSAM,DARANG,0.0,0.0,0.0,920000000
2018281N14088,TITLI,2018,ASSAM,KARBI ANGLONG,0.0,0.0,0.0,920000000
2018281N14088,TITLI,2018,ASSAM,DIMA HASAO,0.0,0.0,0.0,920000000
2018281N14088,TITLI,2018,ASSAM,CACHAR,0.0,0.0,0.0,920000000
2018281N14088,TITLI,2018,ASSAM,KARIMGANJ,0.0,0.0,0.0,920000000
2018281N14088,TITLI,2018,ASSAM,HAILAKANDI,0.0,0.0,0.0,920000000
2018281N14088,TITLI,2018,ASSAM,WEST KARBI ANGLONG,0.0,0.0,0.0,920000000
2018281N14088,TITLI,2018,ASSAM,JORHAT,0.0,0.0,0.0,920000000
2018281N14088,TITLI,2018,ASSAM,GOLAGHAT,0.0,0.0,0.0,920000000
2018281N14088,TITLI,2018,ASSAM,SONITPUR,0.0,0.0,0.0,920000000
2018281N14088,TITLI,2018,ASSAM,DHEMAJI,0.0,0.0,0.0,920000000
2018281N14088,TITLI,2018,ASSAM,CHARAIDEO,0.0,0.0,0.0,920000000
2018281N14088,TITLI,2018,ASSAM,TINSUKIA,0.0,0.0,0.0,920000000
2018281N14088,TITLI,2018,ASSAM,LAKHIMPUR,0.0,0.0,0.0,920000000
2018281N14088,TITLI,2018,ASSAM,MAJULI,0.0,0.0,0.0,920000000
2018281N14088,TITLI,2018,ASSAM,SIBSAGAR,0.0,0.0,0.0,920000000
2018281N14088,TITLI,2018,ASSAM,NAGAON,0.0,0.0,0.0,920000000
2018281N14088,TITLI,2018,ASSAM,MARIGAON,0.0,0.0,0.0,920000000
2018281N14088,TITLI,2018,ASSAM,KAMRUP METRO,0.0,0.0,0.0,920000000
2018281N14088,TITLI,2018,ASSAM,NALBARI,0.0,0.0,0.0,920000000
2018281N14088,TITLI,2018,ASSAM,GOALPARA,0.0,0.0,0.0,920000000
2018281N14088,TITLI,2018,ASSAM,BONGAIGAON,0.0,0.0,0.0,920000000
2018281N14088,TITLI,2018,ASSAM,KAMRUP RURAL,0.0,0.0,0.0,920000000
2018281N14088,TITLI,2018,ASSAM,DIBRUGARH,0.0,0.0,0.0,920000000
2018281N14088,TITLI,2018,ASSAM,HOJAI,0.0,0.0,0.0,920000000
2018281N14088,TITLI,2018,ASSAM,TAMULPUR,0.0,0.0,0.0,920000000
2018281N14088,TITLI,2018,ASSAM,BISWANATH,0.0,0.0,0.0,920000000
2018281N14088,TITLI,2018,ASSAM,BARPETA,0.0,0.0,0.0,920000000
2018281N14088,TITLI,2018,ASSAM,BAJALI,0.0,0.0,0.0,920000000
2018281N14088,TITLI,2018,ASSAM,SOUTH SALMARA MANCACHAR,0.0,0.0,0.0,920000000
2018281N14088,TITLI,2018,BIHAR,ARARIA,0.0,0.0,0.0,920000000
2018281N14088,TITLI,2018,BIHAR,ARWAL,0.0,0.0,0.0,920000000
2018281N14088,TITLI,2018,BIHAR,AURANGABAD,0.0,0.0,0.0,920000000
2018281N14088,TITLI,2018,BIHAR,BANKA,0.0,0.0,0.0,920000000
2018281N14088,TITLI,2018,BIHAR,BEGUSARAI,0.0,0.0,0.0,920000000
2018281N14088,TITLI,2018,BIHAR,BHAGALPUR,0.0,0.0,0.0,920000000
2018281N14088,TITLI,2018,BIHAR,BHOJPUR,0.0,0.0,0.0,920000000
2018281N14088,TITLI,2018,BIHAR,BUXAR,0.0,0.0,0.0,920000000
2018281N14088,TITLI,2018,BIHAR,DARBHANGA,0.0,0.0,0.0,920000000
2018281N14088,TITLI,2018,BIHAR,GAYA,0.0,0.0,0.0,920000000
2018281N14088,TITLI,2018,BIHAR,GOPALGANJ,0.0,0.0,0.0,920000000
2018281N14088,TITLI,2018,BIHAR,JAHANABAD,0.0,0.0,0.0,920000000
2018281N14088,TITLI,2018,BIHAR,JAMUI,0.0,0.0,0.0,920000000
2018281N14088,TITLI,2018,BIHAR,KAIMUR,0.0,0.0,0.0,920000000
2018281N14088,TITLI,2018,BIHAR,KATIHAR,0.0,0.0,0.0,920000000
2018281N14088,TITLI,2018,BIHAR,KHAGARIA,0.0,0.0,0.0,920000000
2018281N14088,TITLI,2018,BIHAR,KISHANGANJ,0.0,0.0,0.0,920000000
2018281N14088,TITLI,2018,BIHAR,LAKHISARAI,0.0,0.0,0.0,920000000
2018281N14088,TITLI,2018,BIHAR,MADHEPURA,0.0,0.0,0.0,920000000
2018281N14088,TITLI,2018,BIHAR,MADHUBANI,0.0,0.0,0.0,920000000
2018281N14088,TITLI,2018,BIHAR,MUNGER,0.0,0.0,0.0,920000000
2018281N14088,TITLI,2018,BIHAR,MUZAFFARPUR,0.0,0.0,0.0,920000000
2018281N14088,TITLI,2018,BIHAR,NALANDA,0.0,0.0,0.0,920000000
2018281N14088,TITLI,2018,BIHAR,NAWADA,0.0,0.0,0.0,920000000
2018281N14088,TITLI,2018,BIHAR,PASHCHIMI CHAMPARAN,0.0,0.0,0.0,920000000
2018281N14088,TITLI,2018,BIHAR,PATNA,0.0,0.0,0.0,920000000
2018281N14088,TITLI,2018,BIHAR,PURBI CHAMPARAN,0.0,0.0,0.0,920000000
2018281N14088,TITLI,2018,BIHAR,PURNIA,0.0,0.0,0.0,920000000
2018281N14088,TITLI,2018,BIHAR,ROHTAS,0.0,0.0,0.0,920000000
2018281N14088,TITLI,2018,BIHAR,SAHARSA,0.0,0.0,0.0,920000000
2018281N14088,TITLI,2018,BIHAR,SAMASTIPUR,0.0,0.0,0.0,920000000
2018281N14088,TITLI,2018,BIHAR,SARAN,0.0,0.0,0.0,920000000
2018281N14088,TITLI,2018,BIHAR,SHEIKHPURA,0.0,0.0,0.0,920000000
2018281N14088,TITLI,2018,BIHAR,SHEOHAR,0.0,0.0,0.0,920000000
2018281N14088,TITLI,2018,BIHAR,SITAMARHI,0.0,0.0,0.0,920000000
2018281N14088,TITLI,2018,BIHAR,SIWAN,0.0,0.0,0.0,920000000
2018281N14088,TITLI,2018,BIHAR,SUPAUL,0.0,0.0,0.0,920000000
2018281N14088,TITLI,2018,BIHAR,VAISHALI,0.0,0.0,0.0,920000000
2018281N14088,TITLI,2018,CHHATTISGARH,KAWARDHA (KABIRDHAM),0.0,0.0,0.0,920000000
2018281N14088,TITLI,2018,CHHATTISGARH,GAURELA-PENDRA-MARWAHI,0.0,0.0,0.0,920000000
2018281N14088,TITLI,2018,CHHATTISGARH,SURAJPUR,0.0,0.0,0.0,920000000
2018281N14088,TITLI,2018,CHHATTISGARH,BALRAMPUR,0.0,0.0,0.0,920000000
2018281N14088,TITLI,2018,CHHATTISGARH,MUNGELI,0.0,0.0,0.0,920000000
2018281N14088,TITLI,2018,CHHATTISGARH,DAKSHIN BASTAR DANTEWARA,0.0,0.0,0.0,920000000
2018281N14088,TITLI,2018,CHHATTISGARH,BIJAPUR,0.0,0.0,0.0,920000000
2018281N14088,TITLI,2018,CHHATTISGARH,BASTAR,0.0,0.0,0.0,920000000
2018281N14088,TITLI,2018,CHHATTISGARH,SUKMA,0.0,0.0,0.0,920000000
2018281N14088,TITLI,2018,CHHATTISGARH,KONDAGAON,0.0,0.0,0.0,920000000
2018281N14088,TITLI,2018,CHHATTISGARH,NARAYANPUR,0.0,0.0,0.0,920000000
2018281N14088,TITLI,2018,CHHATTISGARH,UTTAR BASTAR KANKER,0.0,0.0,0.0,920000000
2018281N14088,TITLI,2018,CHHATTISGARH,GARIYABAND,0.0,0.0,0.0,920000000
2018281N14088,TITLI,2018,CHHATTISGARH,DHAMTARI,0.0,0.0,0.0,920000000
2018281N14088,TITLI,2018,CHHATTISGARH,BALOD,0.0,0.0,0.0,920000000
2018281N14088,TITLI,2018,CHHATTISGARH,MAHASAMUND,0.0,0.0,0.0,920000000
2018281N14088,TITLI,2018,CHHATTISGARH,DURG,0.0,0.0,0.0,920000000
2018281N14088,TITLI,2018,CHHATTISGARH,RAIPUR,0.0,0.0,0.0,920000000
2018281N14088,TITLI,2018,CHHATTISGARH,BEMETARA,0.0,0.0,0.0,920000000
2018281N14088,TITLI,2018,CHHATTISGARH,BILASPUR,0.0,0.0,0.0,920000000
2018281N14088,TITLI,2018,CHHATTISGARH,KORBA,0.0,0.0,0.0,920000000
2018281N14088,TITLI,2018,CHHATTISGARH,JASHPUR,0.0,0.0,0.0,920000000
2018281N14088,TITLI,2018,CHHATTISGARH,SURGUJA,0.0,0.0,0.0,920000000
2018281N14088,TITLI,2018,CHHATTISGARH,KHAIRGARH-CHHUIKHADAN-GANDAI,0.0,0.0,0.0,920000000
2018281N14088,TITLI,2018,CHHATTISGARH,RAJNANDGAON,0.0,0.0,0.0,920000000
2018281N14088,TITLI,2018,CHHATTISGARH,MOHLA-MANPUR-AMBAGARH CHOWKI,0.0,0.0,0.0,920000000
2018281N14088,TITLI,2018,CHHATTISGARH,JANJGIR - CHAMPA,0.0,0.0,0.0,920000000
2018281N14088,TITLI,2018,CHHATTISGARH,SAKTI,0.0,0.0,0.0,920000000
2018281N14088,TITLI,2018,CHHATTISGARH,RAIGARH,0.0,0.0,0.0,920000000
2018281N14088,TITLI,2018,CHHATTISGARH,KOREA,0.0,0.0,0.0,920000000
2018281N14088,TITLI,2018,CHHATTISGARH,MANENDRAGARH-CHIRMIRI-BHARATPUR,0.0,0.0,0.0,920000000
2018281N14088,TITLI,2018,CHHATTISGARH,SARANGARH-BILAIGARH,0.0,0.0,0.0,920000000
2018281N14088,TITLI,2018,CHHATTISGARH,BALODA BAZAR,0.0,0.0,0.0,920000000
2018281N14088,TITLI,2018,DELHI,NAZUL,0.0,0.0,0.0,920000000
2018281N14088,TITLI,2018,DELHI,SOUTH WEST,0.0,0.0,0.0,920000000
2018281N14088,TITLI,2018,DELHI,WEST,0.0,0.0,0.0,920000000
2018281N14088,TITLI,2018,DELHI,CENTRAL,0.0,0.0,0.0,920000000
2018281N14088,TITLI,2018,DELHI,EAST,0.0,0.0,0.0,920000000
2018281N14088,TITLI,2018,DELHI,NEW DELHI,0.0,0.0,0.0,920000000
2018281N14088,TITLI,2018,DELHI,NORTH,0.0,0.0,0.0,920000000
2018281N14088,TITLI,2018,DELHI,SHAHADARA,0.0,0.0,0.0,920000000
2018281N14088,TITLI,2018,DELHI,NORTH EAST,0.0,0.0,0.0,920000000
2018281N14088,TITLI,2018,DELHI,SOUTH EAST,0.0,0.0,0.0,920000000
2018281N14088,TITLI,2018,DELHI,SOUTH,0.0,0.0,0.0,920000000
2018281N14088,TITLI,2018,DELHI,NORTH WEST,0.0,0.0,0.0,920000000
2018281N14088,TITLI,2018,GOA,NORTH GOA,0.0,0.0,0.0,920000000
2018281N14088,TITLI,2018,GOA,SOUTH GOA,0.0,0.0,0.0,920000000
2018281N14088,TITLI,2018,DADRA & NAGAR HAVELI & DAMAN & DIU,DADRA AND NAGAR HAVELI,0.0,0.0,0.0,920000000
2018281N14088,TITLI,2018,DADRA & NAGAR HAVELI & DAMAN & DIU,DAMAN,0.0,0.0,0.0,920000000
2018281N14088,TITLI,2018,DADRA & NAGAR HAVELI & DAMAN & DIU,DIU,0.0,0.0,0.0,920000000
2018281N14088,TITLI,2018,GUJARAT,AHMADABAD,0.0,0.0,0.0,920000000
2018281N14088,TITLI,2018,GUJARAT,AMRELI,0.0,0.0,0.0,920000000
2018281N14088,TITLI,2018,GUJARAT,ANAND,0.0,0.0,0.0,920000000
2018281N14088,TITLI,2018,GUJARAT,ARVALLI,0.0,0.0,0.0,920000000
2018281N14088,TITLI,2018,GUJARAT,BANAS KANTHA,0.0,0.0,0.0,920000000
2018281N14088,TITLI,2018,GUJARAT,BHARUCH,0.0,0.0,0.0,920000000
2018281N14088,TITLI,2018,GUJARAT,BHAVNAGAR,0.0,0.0,0.0,920000000
2018281N14088,TITLI,2018,GUJARAT,BOTAD,0.0,0.0,0.0,920000000
2018281N14088,TITLI,2018,GUJARAT,CHHOTAUDEPUR,0.0,0.0,0.0,920000000
2018281N14088,TITLI,2018,GUJARAT,DAHOD,0.0,0.0,0.0,920000000
2018281N14088,TITLI,2018,GUJARAT,DANGS,0.0,0.0,0.0,920000000
2018281N14088,TITLI,2018,GUJARAT,DEVBHUMI DWARKA,0.0,0.0,0.0,920000000
2018281N14088,TITLI,2018,GUJARAT,GANDHINAGAR,0.0,0.0,0.0,920000000
2018281N14088,TITLI,2018,GUJARAT,GIR SOMNATH,0.0,0.0,0.0,920000000
2018281N14088,TITLI,2018,GUJARAT and DNH & DD ISLANDS,ISLAND,0.0,0.0,0.0,920000000
2018281N14088,TITLI,2018,GUJARAT,JAMNAGAR,0.0,0.0,0.0,920000000
2018281N14088,TITLI,2018,GUJARAT,JUNAGADH,0.0,0.0,0.0,920000000
2018281N14088,TITLI,2018,GUJARAT,KACHCHH,0.0,0.0,0.0,920000000
2018281N14088,TITLI,2018,GUJARAT,KHEDA,0.0,0.0,0.0,920000000
2018281N14088,TITLI,2018,GUJARAT,MAHESANA,0.0,0.0,0.0,920000000
2018281N14088,TITLI,2018,GUJARAT,MAHISAGAR,0.0,0.0,0.0,920000000
2018281N14088,TITLI,2018,GUJARAT,MORBI,0.0,0.0,0.0,920000000
2018281N14088,TITLI,2018,GUJARAT,NARMADA,0.0,0.0,0.0,920000000
2018281N14088,TITLI,2018,GUJARAT,NAVSARI,0.0,0.0,0.0,920000000
2018281N14088,TITLI,2018,GUJARAT,PANCH MAHALS,0.0,0.0,0.0,920000000
2018281N14088,TITLI,2018,GUJARAT,PATAN,0.0,0.0,0.0,920000000
2018281N14088,TITLI,2018,GUJARAT,PORBANDAR,0.0,0.0,0.0,920000000
2018281N14088,TITLI,2018,GUJARAT,RAJKOT,0.0,0.0,0.0,920000000
2018281N14088,TITLI,2018,GUJARAT,SABAR KANTHA,0.0,0.0,0.0,920000000
2018281N14088,TITLI,2018,GUJARAT,SURAT,0.0,0.0,0.0,920000000
2018281N14088,TITLI,2018,GUJARAT,SURENDRANAGAR,0.0,0.0,0.0,920000000
2018281N14088,TITLI,2018,GUJARAT,TAPI,0.0,0.0,0.0,920000000
2018281N14088,TITLI,2018,GUJARAT,VADODARA,0.0,0.0,0.0,920000000
2018281N14088,TITLI,2018,GUJARAT,VALSAD,0.0,0.0,0.0,920000000
2018281N14088,TITLI,2018,HARYANA,AMBALA,0.0,0.0,0.0,920000000
2018281N14088,TITLI,2018,HARYANA,BHIWANI,0.0,0.0,0.0,920000000
2018281N14088,TITLI,2018,HARYANA,CHARKI DADRI,0.0,0.0,0.0,920000000
2018281N14088,TITLI,2018,HARYANA,FARIDABAD,0.0,0.0,0.0,920000000
2018281N14088,TITLI,2018,HARYANA,FATEHABAD,0.0,0.0,0.0,920000000
2018281N14088,TITLI,2018,HARYANA,GURUGRAM,0.0,0.0,0.0,920000000
2018281N14088,TITLI,2018,HARYANA,HISAR,0.0,0.0,0.0,920000000
2018281N14088,TITLI,2018,HARYANA,JHAJJAR,0.0,0.0,0.0,920000000
2018281N14088,TITLI,2018,HARYANA,JIND,0.0,0.0,0.0,920000000
2018281N14088,TITLI,2018,HARYANA,KAITHAL,0.0,0.0,0.0,920000000
2018281N14088,TITLI,2018,HARYANA,KARNAL,0.0,0.0,0.0,920000000
2018281N14088,TITLI,2018,HARYANA,KURUKSHETRA,0.0,0.0,0.0,920000000
2018281N14088,TITLI,2018,HARYANA,MAHENDRAGARH,0.0,0.0,0.0,920000000
2018281N14088,TITLI,2018,HARYANA,NUH,0.0,0.0,0.0,920000000
2018281N14088,TITLI,2018,HARYANA,PALWAL,0.0,0.0,0.0,920000000
2018281N14088,TITLI,2018,HARYANA,PANCHKULA,0.0,0.0,0.0,920000000
2018281N14088,TITLI,2018,HARYANA,PANIPAT,0.0,0.0,0.0,920000000
2018281N14088,TITLI,2018,HARYANA,REWARI,0.0,0.0,0.0,920000000
2018281N14088,TITLI,2018,HARYANA,ROHTAK,0.0,0.0,0.0,920000000
2018281N14088,TITLI,2018,HARYANA,SIRSA,0.0,0.0,0.0,920000000
2018281N14088,TITLI,2018,HARYANA,SONIPAT,0.0,0.0,0.0,920000000
2018281N14088,TITLI,2018,HARYANA,YAMUNANAGAR,0.0,0.0,0.0,920000000
2018281N14088,TITLI,2018,HIMACHAL PRADESH,BIL>SPUR,0.0,0.0,0.0,920000000
2018281N14088,TITLI,2018,HIMACHAL PRADESH,SHIMLA,0.0,0.0,0.0,920000000
2018281N14088,TITLI,2018,HIMACHAL PRADESH,KINNAUR,0.0,0.0,0.0,920000000
2018281N14088,TITLI,2018,HIMACHAL PRADESH,SOLAN,0.0,0.0,0.0,920000000
2018281N14088,TITLI,2018,HIMACHAL PRADESH,SIRMAUR,0.0,0.0,0.0,920000000
2018281N14088,TITLI,2018,HIMACHAL PRADESH,KULLU,0.0,0.0,0.0,920000000
2018281N14088,TITLI,2018,HIMACHAL PRADESH,CHAMBA,0.0,0.0,0.0,920000000
2018281N14088,TITLI,2018,HIMACHAL PRADESH,MANDI,0.0,0.0,0.0,920000000
2018281N14088,TITLI,2018,HIMACHAL PRADESH,K>NGRA,0.0,0.0,0.0,920000000
2018281N14088,TITLI,2018,HIMACHAL PRADESH,HAM|RPUR,0.0,0.0,0.0,920000000
2018281N14088,TITLI,2018,HIMACHAL PRADESH,UNA,0.0,0.0,0.0,920000000
2018281N14088,TITLI,2018,HIMACHAL PRADESH,LAHUL & SPITI,0.0,0.0,0.0,920000000
2018281N14088,TITLI,2018,JAMMU AND KASHMIR,MIRPUR,0.0,0.0,0.0,920000000
2018281N14088,TITLI,2018,JAMMU AND KASHMIR,MUZAFFARABAD,0.0,0.0,0.0,920000000
2018281N14088,TITLI,2018,JAMMU AND KASHMIR,PUNCH,0.0,0.0,0.0,920000000
2018281N14088,TITLI,2018,JAMMU AND KASHMIR,ANANTNAG,0.0,0.0,0.0,920000000
2018281N14088,TITLI,2018,JAMMU AND KASHMIR,BARAMULA,0.0,0.0,0.0,920000000
2018281N14088,TITLI,2018,JAMMU AND KASHMIR,KATHUA,0.0,0.0,0.0,920000000
2018281N14088,TITLI,2018,JAMMU AND KASHMIR,UDHAMPUR,0.0,0.0,0.0,920000000
2018281N14088,TITLI,2018,JAMMU AND KASHMIR,BADGAM,0.0,0.0,0.0,920000000
2018281N14088,TITLI,2018,JAMMU AND KASHMIR,BANDIPURA,0.0,0.0,0.0,920000000
2018281N14088,TITLI,2018,JAMMU AND KASHMIR,GANDERBAL,0.0,0.0,0.0,920000000
2018281N14088,TITLI,2018,JAMMU AND KASHMIR,KULGAM,0.0,0.0,0.0,920000000
2018281N14088,TITLI,2018,JAMMU AND KASHMIR,KUPWARA,0.0,0.0,0.0,920000000
2018281N14088,TITLI,2018,JAMMU AND KASHMIR,PULWAMA,0.0,0.0,0.0,920000000
2018281N14088,TITLI,2018,JAMMU AND KASHMIR,RAJAURI,0.0,0.0,0.0,920000000
2018281N14088,TITLI,2018,JAMMU AND KASHMIR,RAMBAN,0.0,0.0,0.0,920000000
2018281N14088,TITLI,2018,JAMMU AND KASHMIR,RIASI,0.0,0.0,0.0,920000000
2018281N14088,TITLI,2018,JAMMU AND KASHMIR,SHUPIYAN,0.0,0.0,0.0,920000000
2018281N14088,TITLI,2018,JAMMU AND KASHMIR,SRINAGAR,0.0,0.0,0.0,920000000
2018281N14088,TITLI,2018,JAMMU AND KASHMIR,KISHTWAR,0.0,0.0,0.0,920000000
2018281N14088,TITLI,2018,JAMMU AND KASHMIR,DODA,0.0,0.0,0.0,920000000
2018281N14088,TITLI,2018,JAMMU AND KASHMIR,SAMBA,0.0,0.0,0.0,920000000
2018281N14088,TITLI,2018,JAMMU AND KASHMIR,JAMMU,0.0,0.0,0.0,920000000
2018281N14088,TITLI,2018,,NONE,0.0,0.0,0.0,920000000
2018281N14088,TITLI,2018,JHARKHAND,GARHWA,0.0,0.0,0.0,920000000
2018281N14088,TITLI,2018,JHARKHAND,CHATRA,0.0,0.0,0.0,920000000
2018281N14088,TITLI,2018,JHARKHAND,KODERMA,0.0,0.0,0.0,920000000
2018281N14088,TITLI,2018,JHARKHAND,GIRIDIH,0.0,0.0,0.0,920000000
2018281N14088,TITLI,2018,JHARKHAND,DEOGHAR,0.0,0.0,0.0,920000000
2018281N14088,TITLI,2018,JHARKHAND,GODDA,0.0,0.0,0.0,920000000
2018281N14088,TITLI,2018,JHARKHAND,SAHIBGANJ,0.0,0.0,0.0,920000000
2018281N14088,TITLI,2018,JHARKHAND,PAKUR,0.0,0.0,0.0,920000000
2018281N14088,TITLI,2018,JHARKHAND,DHANBAD,0.0,0.0,0.0,920000000
2018281N14088,TITLI,2018,JHARKHAND,BOKARO,0.0,0.0,0.0,920000000
2018281N14088,TITLI,2018,JHARKHAND,LOHARDAGA,0.0,0.0,0.0,920000000
2018281N14088,TITLI,2018,JHARKHAND,EAST SINGHBHUM,0.0,0.0,0.0,920000000
2018281N14088,TITLI,2018,JHARKHAND,PALAMU,0.0,0.0,0.0,920000000
2018281N14088,TITLI,2018,JHARKHAND,LATEHAR,0.0,0.0,0.0,920000000
2018281N14088,TITLI,2018,JHARKHAND,HAZARIBAGH,0.0,0.0,0.0,920000000
2018281N14088,TITLI,2018,JHARKHAND,RAMGARH,0.0,0.0,0.0,920000000
2018281N14088,TITLI,2018,JHARKHAND,DUMKA,0.0,0.0,0.0,920000000
2018281N14088,TITLI,2018,JHARKHAND,JAMTARA,0.0,0.0,0.0,920000000
2018281N14088,TITLI,2018,JHARKHAND,RANCHI,0.0,0.0,0.0,920000000
2018281N14088,TITLI,2018,JHARKHAND,KHUNTI,0.0,0.0,0.0,920000000
2018281N14088,TITLI,2018,JHARKHAND,GUMLA,0.0,0.0,0.0,920000000
2018281N14088,TITLI,2018,JHARKHAND,SIMDEGA,0.0,0.0,0.0,920000000
2018281N14088,TITLI,2018,JHARKHAND,WEST SINGHBHUM,0.0,0.0,0.0,920000000
2018281N14088,TITLI,2018,JHARKHAND,SARAIKELA-KHARSAWAN,0.0,0.0,0.0,920000000
2018281N14088,TITLI,2018,KARNATAKA,B,0.0,0.0,0.0,920000000
2018281N14088,TITLI,2018,KARNATAKA,BENGAL#RU (RURAL),0.0,0.0,0.0,920000000
2018281N14088,TITLI,2018,KARNATAKA,BELAG,0.0,0.0,0.0,920000000
2018281N14088,TITLI,2018,KARNATAKA,CHIKKAMAGAL#RU,0.0,0.0,0.0,920000000
2018281N14088,TITLI,2018,KARNATAKA,BALL,0.0,0.0,0.0,920000000
2018281N14088,TITLI,2018,KARNATAKA,CH,0.0,0.0,0.0,920000000
2018281N14088,TITLI,2018,KARNATAKA,CHITRADURGA,0.0,0.0,0.0,920000000
2018281N14088,TITLI,2018,KARNATAKA,KOPPAL,0.0,0.0,0.0,920000000
2018281N14088,TITLI,2018,KARNATAKA,VIJAYANAGARA,0.0,0.0,0.0,920000000
2018281N14088,TITLI,2018,KARNATAKA,RAICH#R,0.0,0.0,0.0,920000000
2018281N14088,TITLI,2018,KARNATAKA,CHIKKABALL,0.0,0.0,0.0,920000000
2018281N14088,TITLI,2018,KARNATAKA,D,0.0,0.0,0.0,920000000
2018281N14088,TITLI,2018,KARNATAKA,DH,0.0,0.0,0.0,920000000
2018281N14088,TITLI,2018,KARNATAKA,GADAG,0.0,0.0,0.0,920000000
2018281N14088,TITLI,2018,KARNATAKA,H,0.0,0.0,0.0,920000000
2018281N14088,TITLI,2018,KARNATAKA,KALABURAGI,0.0,0.0,0.0,920000000
2018281N14088,TITLI,2018,KARNATAKA,BENGAL#RU (URBAN),0.0,0.0,0.0,920000000
2018281N14088,TITLI,2018,KARNATAKA,KOL,0.0,0.0,0.0,920000000
2018281N14088,TITLI,2018,KARNATAKA,MANDYA,0.0,0.0,0.0,920000000
2018281N14088,TITLI,2018,KARNATAKA,MYS#RU,0.0,0.0,0.0,920000000
2018281N14088,TITLI,2018,KARNATAKA,SHIVAMOGGA,0.0,0.0,0.0,920000000
2018281N14088,TITLI,2018,KARNATAKA,DAKSHINA KANNADA,0.0,0.0,0.0,920000000
2018281N14088,TITLI,2018,KARNATAKA,UTTARA KANNADA,0.0,0.0,0.0,920000000
2018281N14088,TITLI,2018,KARNATAKA,VIJAYAPURA,0.0,0.0,0.0,920000000
2018281N14088,TITLI,2018,KARNATAKA,Y,0.0,0.0,0.0,920000000
2018281N14088,TITLI,2018,KARNATAKA,R,0.0,0.0,0.0,920000000
2018281N14088,TITLI,2018,KERALA,PALAKKAD,0.0,0.0,0.0,920000000
2018281N14088,TITLI,2018,KERALA,ALAPPUZHA,0.0,0.0,0.0,920000000
2018281N14088,TITLI,2018,KERALA,KOTTAYAM,0.0,0.0,0.0,920000000
2018281N14088,TITLI,2018,KERALA,KOLLAM,0.0,0.0,0.0,920000000
2018281N14088,TITLI,2018,KERALA,KOZHIKODE,0.0,0.0,0.0,920000000
2018281N14088,TITLI,2018,KERALA,KASARAGOD,0.0,0.0,0.0,920000000
2018281N14088,TITLI,2018,KERALA,MALAPPURAM,0.0,0.0,0.0,920000000
2018281N14088,TITLI,2018,KERALA,WAYANAD,0.0,0.0,0.0,920000000
2018281N14088,TITLI,2018,KERALA,PATHANAMTHITTA,0.0,0.0,0.0,920000000
2018281N14088,TITLI,2018,KERALA,IDUKKI,0.0,0.0,0.0,920000000
2018281N14088,TITLI,2018,KERALA,THRISSUR,0.0,0.0,0.0,920000000
2018281N14088,TITLI,2018,KERALA,ERNAKULAM,0.0,0.0,0.0,920000000
2018281N14088,TITLI,2018,KERALA,THIRUVANANTHAPURAM,0.0,0.0,0.0,920000000
2018281N14088,TITLI,2018,KERALA,KANNUR,0.0,0.0,0.0,920000000
2018281N14088,TITLI,2018,LADAKH,LEH,0.0,0.0,0.0,920000000
2018281N14088,TITLI,2018,LADAKH,KARGIL,0.0,0.0,0.0,920000000
2018281N14088,TITLI,2018,MADHYA PRADESH,AGAR MALWA,0.0,0.0,0.0,920000000
2018281N14088,TITLI,2018,MADHYA PRADESH,ALIRAJPUR,0.0,0.0,0.0,920000000
2018281N14088,TITLI,2018,MADHYA PRADESH,ANUPPUR,0.0,0.0,0.0,920000000
2018281N14088,TITLI,2018,MADHYA PRADESH,ASHOKNAGAR,0.0,0.0,0.0,920000000
2018281N14088,TITLI,2018,MADHYA PRADESH,BALAGHAT,0.0,0.0,0.0,920000000
2018281N14088,TITLI,2018,MADHYA PRADESH,BARWANI,0.0,0.0,0.0,920000000
2018281N14088,TITLI,2018,MADHYA PRADESH,BETUL,0.0,0.0,0.0,920000000
2018281N14088,TITLI,2018,MADHYA PRADESH,BHIND,0.0,0.0,0.0,920000000
2018281N14088,TITLI,2018,MADHYA PRADESH,BHOPAL,0.0,0.0,0.0,920000000
2018281N14088,TITLI,2018,MADHYA PRADESH,BURHANPUR,0.0,0.0,0.0,920000000
2018281N14088,TITLI,2018,MADHYA PRADESH,CHHATARPUR,0.0,0.0,0.0,920000000
2018281N14088,TITLI,2018,MADHYA PRADESH,CHHINDWARA,0.0,0.0,0.0,920000000
2018281N14088,TITLI,2018,MADHYA PRADESH,DAMOH,0.0,0.0,0.0,920000000
2018281N14088,TITLI,2018,MADHYA PRADESH,DEWAS,0.0,0.0,0.0,920000000
2018281N14088,TITLI,2018,MADHYA PRADESH,DHAR,0.0,0.0,0.0,920000000
2018281N14088,TITLI,2018,MADHYA PRADESH,DINDORI,0.0,0.0,0.0,920000000
2018281N14088,TITLI,2018,MADHYA PRADESH,GUNA,0.0,0.0,0.0,920000000
2018281N14088,TITLI,2018,MADHYA PRADESH,GWALIOR,0.0,0.0,0.0,920000000
2018281N14088,TITLI,2018,MADHYA PRADESH,HARDA,0.0,0.0,0.0,920000000
2018281N14088,TITLI,2018,MADHYA PRADESH,INDORE,0.0,0.0,0.0,920000000
2018281N14088,TITLI,2018,MADHYA PRADESH,JABALPUR,0.0,0.0,0.0,920000000
2018281N14088,TITLI,2018,MADHYA PRADESH,JHABUA,0.0,0.0,0.0,920000000
2018281N14088,TITLI,2018,MADHYA PRADESH,KATNI,0.0,0.0,0.0,920000000
2018281N14088,TITLI,2018,MADHYA PRADESH,KHANDWA,0.0,0.0,0.0,920000000
2018281N14088,TITLI,2018,MADHYA PRADESH,KHARGONE,0.0,0.0,0.0,920000000
2018281N14088,TITLI,2018,MADHYA PRADESH,MAIHAR,0.0,0.0,0.0,920000000
2018281N14088,TITLI,2018,MADHYA PRADESH,MANDLA,0.0,0.0,0.0,920000000
2018281N14088,TITLI,2018,MADHYA PRADESH,MANDSAUR,0.0,0.0,0.0,920000000
2018281N14088,TITLI,2018,MADHYA PRADESH,MAUGANJ,0.0,0.0,0.0,920000000
2018281N14088,TITLI,2018,MADHYA PRADESH,MORENA,0.0,0.0,0.0,920000000
2018281N14088,TITLI,2018,MADHYA PRADESH,NARMADAPURAM,0.0,0.0,0.0,920000000
2018281N14088,TITLI,2018,MADHYA PRADESH,NARSINGHPUR,0.0,0.0,0.0,920000000
2018281N14088,TITLI,2018,MADHYA PRADESH,NEEMUCH,0.0,0.0,0.0,920000000
2018281N14088,TITLI,2018,MADHYA PRADESH,NIWARI,0.0,0.0,0.0,920000000
2018281N14088,TITLI,2018,MADHYA PRADESH,PANDHURNA,0.0,0.0,0.0,920000000
2018281N14088,TITLI,2018,MADHYA PRADESH,PANNA,0.0,0.0,0.0,920000000
2018281N14088,TITLI,2018,MADHYA PRADESH,RAISEN,0.0,0.0,0.0,920000000
2018281N14088,TITLI,2018,MADHYA PRADESH,RAJGARH,0.0,0.0,0.0,920000000
2018281N14088,TITLI,2018,MADHYA PRADESH,RATLAM,0.0,0.0,0.0,920000000
2018281N14088,TITLI,2018,MADHYA PRADESH,REWA,0.0,0.0,0.0,920000000
2018281N14088,TITLI,2018,MADHYA PRADESH,SAGAR,0.0,0.0,0.0,920000000
2018281N14088,TITLI,2018,MADHYA PRADESH,SATNA,0.0,0.0,0.0,920000000
2018281N14088,TITLI,2018,MADHYA PRADESH,SEHORE,0.0,0.0,0.0,920000000
2018281N14088,TITLI,2018,MADHYA PRADESH,SEONI,0.0,0.0,0.0,920000000
2018281N14088,TITLI,2018,MADHYA PRADESH,SHAHDOL,0.0,0.0,0.0,920000000
2018281N14088,TITLI,2018,MADHYA PRADESH,SHAJAPUR,0.0,0.0,0.0,920000000
2018281N14088,TITLI,2018,MADHYA PRADESH,SHEOPUR,0.0,0.0,0.0,920000000
2018281N14088,TITLI,2018,MADHYA PRADESH,SHIVPURI,0.0,0.0,0.0,920000000
2018281N14088,TITLI,2018,MADHYA PRADESH,SINGRAULI,0.0,0.0,0.0,920000000
2018281N14088,TITLI,2018,MADHYA PRADESH,TIKAMGARH,0.0,0.0,0.0,920000000
2018281N14088,TITLI,2018,MADHYA PRADESH,UJJAIN,0.0,0.0,0.0,920000000
2018281N14088,TITLI,2018,MADHYA PRADESH,UMARIA,0.0,0.0,0.0,920000000
2018281N14088,TITLI,2018,MADHYA PRADESH,VIDISHA,0.0,0.0,0.0,920000000
2018281N14088,TITLI,2018,MAHARASHTRA,AHMEDNAGAR,0.0,0.0,0.0,920000000
2018281N14088,TITLI,2018,MAHARASHTRA,BEED,0.0,0.0,0.0,920000000
2018281N14088,TITLI,2018,MAHARASHTRA,BHANDARA,0.0,0.0,0.0,920000000
2018281N14088,TITLI,2018,MAHARASHTRA,CHANDRAPUR,0.0,0.0,0.0,920000000
2018281N14088,TITLI,2018,MAHARASHTRA,DHULE,0.0,0.0,0.0,920000000
2018281N14088,TITLI,2018,MAHARASHTRA,GADCHIROLI,0.0,0.0,0.0,920000000
2018281N14088,TITLI,2018,MAHARASHTRA,GONDIA,0.0,0.0,0.0,920000000
2018281N14088,TITLI,2018,MAHARASHTRA,HINGOLI,0.0,0.0,0.0,920000000
2018281N14088,TITLI,2018,MAHARASHTRA,JALGAON,0.0,0.0,0.0,920000000
2018281N14088,TITLI,2018,MAHARASHTRA,KOLHAPUR,0.0,0.0,0.0,920000000
2018281N14088,TITLI,2018,MAHARASHTRA,LATUR,0.0,0.0,0.0,920000000
2018281N14088,TITLI,2018,MAHARASHTRA,MUMBAI,0.0,0.0,0.0,920000000
2018281N14088,TITLI,2018,MAHARASHTRA,NAGPUR,0.0,0.0,0.0,920000000
2018281N14088,TITLI,2018,MAHARASHTRA,NANDED,0.0,0.0,0.0,920000000
2018281N14088,TITLI,2018,MAHARASHTRA,NASHIK,0.0,0.0,0.0,920000000
2018281N14088,TITLI,2018,MAHARASHTRA,NANDURBAR,0.0,0.0,0.0,920000000
2018281N14088,TITLI,2018,MAHARASHTRA,PALGHAR,0.0,0.0,0.0,920000000
2018281N14088,TITLI,2018,MAHARASHTRA,PUNE,0.0,0.0,0.0,920000000
2018281N14088,TITLI,2018,MAHARASHTRA,RATNAGIRI,0.0,0.0,0.0,920000000
2018281N14088,TITLI,2018,MAHARASHTRA,SANGLI,0.0,0.0,0.0,920000000
2018281N14088,TITLI,2018,MAHARASHTRA,SATARA,0.0,0.0,0.0,920000000
2018281N14088,TITLI,2018,MAHARASHTRA,SINDHUDURG,0.0,0.0,0.0,920000000
2018281N14088,TITLI,2018,MAHARASHTRA,SOLAPUR,0.0,0.0,0.0,920000000
2018281N14088,TITLI,2018,MAHARASHTRA,MUMBAI SUBURBAN,0.0,0.0,0.0,920000000
2018281N14088,TITLI,2018,MAHARASHTRA,THANE,0.0,0.0,0.0,920000000
2018281N14088,TITLI,2018,MAHARASHTRA,DHARASHIV,0.0,0.0,0.0,920000000
2018281N14088,TITLI,2018,MAHARASHTRA,WASHIM,0.0,0.0,0.0,920000000
2018281N14088,TITLI,2018,MAHARASHTRA,WARDHA,0.0,0.0,0.0,920000000
2018281N14088,TITLI,2018,MAHARASHTRA,YAVATMAL,0.0,0.0,0.0,920000000
2018281N14088,TITLI,2018,MAHARASHTRA,AKOLA,0.0,0.0,0.0,920000000
2018281N14088,TITLI,2018,MAHARASHTRA,AMRAVATI,0.0,0.0,0.0,920000000
2018281N14088,TITLI,2018,MAHARASHTRA,BULDHANA,0.0,0.0,0.0,920000000
2018281N14088,TITLI,2018,MAHARASHTRA,PARBHANI,0.0,0.0,0.0,920000000
2018281N14088,TITLI,2018,MAHARASHTRA,JALNA,0.0,0.0,0.0,920000000
2018281N14088,TITLI,2018,MAHARASHTRA,CHHATRAPATI SAMBHAJINAGAR,0.0,0.0,0.0,920000000
2018281N14088,TITLI,2018,MANIPUR,BISHNUPUR,0.0,0.0,0.0,920000000
2018281N14088,TITLI,2018,MANIPUR,CHANDEL,0.0,0.0,0.0,920000000
2018281N14088,TITLI,2018,MANIPUR,CHURACHANDPUR,0.0,0.0,0.0,920000000
2018281N14088,TITLI,2018,MANIPUR,IMPHAL EAST,0.0,0.0,0.0,920000000
2018281N14088,TITLI,2018,MANIPUR,IMPHAL WEST,0.0,0.0,0.0,920000000
2018281N14088,TITLI,2018,MANIPUR,JIRIBAM,0.0,0.0,0.0,920000000
2018281N14088,TITLI,2018,MANIPUR,KAKCHING,0.0,0.0,0.0,920000000
2018281N14088,TITLI,2018,MANIPUR,KAMJANG,0.0,0.0,0.0,920000000
2018281N14088,TITLI,2018,MANIPUR,KANGPOKPI,0.0,0.0,0.0,920000000
2018281N14088,TITLI,2018,MANIPUR,NONEY,0.0,0.0,0.0,920000000
2018281N14088,TITLI,2018,MANIPUR,PHERZAWL,0.0,0.0,0.0,920000000
2018281N14088,TITLI,2018,MANIPUR,SENAPATI,0.0,0.0,0.0,920000000
2018281N14088,TITLI,2018,MANIPUR,TAMENGLONG,0.0,0.0,0.0,920000000
2018281N14088,TITLI,2018,MANIPUR,TENGNOUPAL,0.0,0.0,0.0,920000000
2018281N14088,TITLI,2018,MANIPUR,THOUBAL,0.0,0.0,0.0,920000000
2018281N14088,TITLI,2018,MANIPUR,UKHRUL,0.0,0.0,0.0,920000000
2018281N14088,TITLI,2018,MEGHALAYA,EAST G>RO HILLS,0.0,0.0,0.0,920000000
2018281N14088,TITLI,2018,MEGHALAYA,EAST JAINTIA HILLS,0.0,0.0,0.0,920000000
2018281N14088,TITLI,2018,MEGHALAYA,EAST KH>SI HILLS,0.0,0.0,0.0,920000000
2018281N14088,TITLI,2018,MEGHALAYA,NORTH G>RO HILLS,0.0,0.0,0.0,920000000
2018281N14088,TITLI,2018,MEGHALAYA,RI-BHOI,0.0,0.0,0.0,920000000
2018281N14088,TITLI,2018,MEGHALAYA,SOUTH G>RO HILLS,0.0,0.0,0.0,920000000
2018281N14088,TITLI,2018,MEGHALAYA,SOUTH WEST G>RO HILLS,0.0,0.0,0.0,920000000
2018281N14088,TITLI,2018,MEGHALAYA,WEST G>RO HILLS,0.0,0.0,0.0,920000000
2018281N14088,TITLI,2018,MEGHALAYA,WEST JAINTIA HILLS,0.0,0.0,0.0,920000000
2018281N14088,TITLI,2018,MEGHALAYA,SOUTH WEST KH>SI HILLS,0.0,0.0,0.0,920000000
2018281N14088,TITLI,2018,MEGHALAYA,EASTERN WEST KHASI HILLS,0.0,0.0,0.0,920000000
2018281N14088,TITLI,2018,MEGHALAYA,WEST KHASI HILLS,0.0,0.0,0.0,920000000
2018281N14088,TITLI,2018,MIZORAM,CHAMPHAI,0.0,0.0,0.0,920000000
2018281N14088,TITLI,2018,MIZORAM,HNAHTHIAL,0.0,0.0,0.0,920000000
2018281N14088,TITLI,2018,MIZORAM,SERCHHIP,0.0,0.0,0.0,920000000
2018281N14088,TITLI,2018,MIZORAM,LUNGLEI,0.0,0.0,0.0,920000000
2018281N14088,TITLI,2018,MIZORAM,MAMIT,0.0,0.0,0.0,920000000
2018281N14088,TITLI,2018,MIZORAM,KOLASIB,0.0,0.0,0.0,920000000
2018281N14088,TITLI,2018,MIZORAM,AIZAWL,0.0,0.0,0.0,920000000
2018281N14088,TITLI,2018,MIZORAM,SAIHA,0.0,0.0,0.0,920000000
2018281N14088,TITLI,2018,MIZORAM,SAITUAL,0.0,0.0,0.0,920000000
2018281N14088,TITLI,2018,MIZORAM,LAWNGTLAI,0.0,0.0,0.0,920000000
2018281N14088,TITLI,2018,NAGALAND,LONGLENG,0.0,0.0,0.0,920000000
2018281N14088,TITLI,2018,NAGALAND,TUENSANG,0.0,0.0,0.0,920000000
2018281N14088,TITLI,2018,NAGALAND,SHAMATOR,0.0,0.0,0.0,920000000
2018281N14088,TITLI,2018,NAGALAND,DIMAPUR,0.0,0.0,0.0,920000000
2018281N14088,TITLI,2018,NAGALAND,CHUMOUKEDIMA,0.0,0.0,0.0,920000000
2018281N14088,TITLI,2018,NAGALAND,NIULAND,0.0,0.0,0.0,920000000
2018281N14088,TITLI,2018,NAGALAND,PEREN,0.0,0.0,0.0,920000000
2018281N14088,TITLI,2018,NAGALAND,KOHIMA,0.0,0.0,0.0,920000000
2018281N14088,TITLI,2018,NAGALAND,MON,0.0,0.0,0.0,920000000
2018281N14088,TITLI,2018,NAGALAND,KIPHIRE,0.0,0.0,0.0,920000000
2018281N14088,TITLI,2018,NAGALAND,PHEK,0.0,0.0,0.0,920000000
2018281N14088,TITLI,2018,NAGALAND,MOKOKCHUNG,0.0,0.0,0.0,920000000
2018281N14088,TITLI,2018,NAGALAND,ZUNHEBOTO,0.0,0.0,0.0,920000000
2018281N14088,TITLI,2018,NAGALAND,WOKHA,0.0,0.0,0.0,920000000
2018281N14088,TITLI,2018,NAGALAND,TSEMINYU,0.0,0.0,0.0,920000000
2018281N14088,TITLI,2018,NAGALAND,NOKLAK,0.0,0.0,0.0,920000000
2018281N14088,TITLI,2018,PUDUCHERRY,KARAIKAL,0.0,0.0,0.0,920000000
2018281N14088,TITLI,2018,PUDUCHERRY,MAHE,0.0,0.0,0.0,920000000
2018281N14088,TITLI,2018,PUDUCHERRY,PUDUCHERRY,0.0,0.0,0.0,920000000
2018281N14088,TITLI,2018,PUNJAB,FIROZPUR,0.0,0.0,0.0,920000000
2018281N14088,TITLI,2018,PUNJAB,LUDHIANA,0.0,0.0,0.0,920000000
2018281N14088,TITLI,2018,PUNJAB,RUPNAGAR,0.0,0.0,0.0,920000000
2018281N14088,TITLI,2018,PUNJAB,MANSA,0.0,0.0,0.0,920000000
2018281N14088,TITLI,2018,PUNJAB,SRI MUKTSAR SAHIB,0.0,0.0,0.0,920000000
2018281N14088,TITLI,2018,PUNJAB,SAS NAGAR (SAHIBZADA AJIT SINGH NAGAR),0.0,0.0,0.0,920000000
2018281N14088,TITLI,2018,PUNJAB,JALANDHAR,0.0,0.0,0.0,920000000
2018281N14088,TITLI,2018,PUNJAB,PATHANKOT,0.0,0.0,0.0,920000000
2018281N14088,TITLI,2018,PUNJAB,FARIDKOT,0.0,0.0,0.0,920000000
2018281N14088,TITLI,2018,PUNJAB,MOGA,0.0,0.0,0.0,920000000
2018281N14088,TITLI,2018,PUNJAB,HOSHIARPUR,0.0,0.0,0.0,920000000
2018281N14088,TITLI,2018,PUNJAB,BATHINDA,0.0,0.0,0.0,920000000
2018281N14088,TITLI,2018,PUNJAB,TARN TARAN,0.0,0.0,0.0,920000000
2018281N14088,TITLI,2018,PUNJAB,FAZILKA,0.0,0.0,0.0,920000000
2018281N14088,TITLI,2018,PUNJAB,PATIALA,0.0,0.0,0.0,920000000
2018281N14088,TITLI,2018,PUNJAB,SHAHID BHAGAT SINGH NAGAR,0.0,0.0,0.0,920000000
2018281N14088,TITLI,2018,PUNJAB,BARNALA,0.0,0.0,0.0,920000000
2018281N14088,TITLI,2018,PUNJAB,GURDASPUR,0.0,0.0,0.0,920000000
2018281N14088,TITLI,2018,PUNJAB,KAPURTHALA,0.0,0.0,0.0,920000000
2018281N14088,TITLI,2018,PUNJAB,FATEHGARH SAHIB,0.0,0.0,0.0,920000000
2018281N14088,TITLI,2018,PUNJAB,AMRITSAR,0.0,0.0,0.0,920000000
2018281N14088,TITLI,2018,PUNJAB,MALER KOTLA,0.0,0.0,0.0,920000000
2018281N14088,TITLI,2018,PUNJAB,SANGRUR,0.0,0.0,0.0,920000000
2018281N14088,TITLI,2018,RAJASTHAN,AJMER,0.0,0.0,0.0,920000000
2018281N14088,TITLI,2018,RAJASTHAN,ALWAR,0.0,0.0,0.0,920000000
2018281N14088,TITLI,2018,RAJASTHAN,ANOOPGARH,0.0,0.0,0.0,920000000
2018281N14088,TITLI,2018,RAJASTHAN,BALOTRA,0.0,0.0,0.0,920000000
2018281N14088,TITLI,2018,RAJASTHAN,BANSWARA,0.0,0.0,0.0,920000000
2018281N14088,TITLI,2018,RAJASTHAN,BARAN,0.0,0.0,0.0,920000000
2018281N14088,TITLI,2018,RAJASTHAN,BARMER,0.0,0.0,0.0,920000000
2018281N14088,TITLI,2018,RAJASTHAN,BEAWAR,0.0,0.0,0.0,920000000
2018281N14088,TITLI,2018,RAJASTHAN,BHARATPUR,0.0,0.0,0.0,920000000
2018281N14088,TITLI,2018,RAJASTHAN,BHILWARA,0.0,0.0,0.0,920000000
2018281N14088,TITLI,2018,RAJASTHAN,BIKANER,0.0,0.0,0.0,920000000
2018281N14088,TITLI,2018,RAJASTHAN,BUNDI,0.0,0.0,0.0,920000000
2018281N14088,TITLI,2018,RAJASTHAN,CHITTAURGARH,0.0,0.0,0.0,920000000
2018281N14088,TITLI,2018,RAJASTHAN,CHURU,0.0,0.0,0.0,920000000
2018281N14088,TITLI,2018,RAJASTHAN,DAUSA,0.0,0.0,0.0,920000000
2018281N14088,TITLI,2018,RAJASTHAN,DEEG,0.0,0.0,0.0,920000000
2018281N14088,TITLI,2018,RAJASTHAN,DHAULPUR,0.0,0.0,0.0,920000000
2018281N14088,TITLI,2018,RAJASTHAN,DIDWANA-KUCHAMAN,0.0,0.0,0.0,920000000
2018281N14088,TITLI,2018,RAJASTHAN,DUDU,0.0,0.0,0.0,920000000
2018281N14088,TITLI,2018,RAJASTHAN,DUNGARPUR,0.0,0.0,0.0,920000000
2018281N14088,TITLI,2018,RAJASTHAN,GANGANAGAR,0.0,0.0,0.0,920000000
2018281N14088,TITLI,2018,RAJASTHAN,GANGAPURCITY,0.0,0.0,0.0,920000000
2018281N14088,TITLI,2018,RAJASTHAN,HANUMANGARH,0.0,0.0,0.0,920000000
2018281N14088,TITLI,2018,RAJASTHAN,JAIPUR,0.0,0.0,0.0,920000000
2018281N14088,TITLI,2018,RAJASTHAN,JAIPUR(GRAMIN),0.0,0.0,0.0,920000000
2018281N14088,TITLI,2018,RAJASTHAN,JAISALMER,0.0,0.0,0.0,920000000
2018281N14088,TITLI,2018,RAJASTHAN,JALOR,0.0,0.0,0.0,920000000
2018281N14088,TITLI,2018,RAJASTHAN,JHALAWAR,0.0,0.0,0.0,920000000
2018281N14088,TITLI,2018,RAJASTHAN,JHUNJHUNUN,0.0,0.0,0.0,920000000
2018281N14088,TITLI,2018,RAJASTHAN,JODHPUR,0.0,0.0,0.0,920000000
2018281N14088,TITLI,2018,RAJASTHAN,JODHPUR GRAMIN,0.0,0.0,0.0,920000000
2018281N14088,TITLI,2018,RAJASTHAN,KARAULI,0.0,0.0,0.0,920000000
2018281N14088,TITLI,2018,RAJASTHAN,KEKRI,0.0,0.0,0.0,920000000
2018281N14088,TITLI,2018,RAJASTHAN,KHAIRTHAL-TIJARA,0.0,0.0,0.0,920000000
2018281N14088,TITLI,2018,RAJASTHAN,KOTA,0.0,0.0,0.0,920000000
2018281N14088,TITLI,2018,RAJASTHAN,KOTPUTLI-BEHROR,0.0,0.0,0.0,920000000
2018281N14088,TITLI,2018,RAJASTHAN,NAGAUR,0.0,0.0,0.0,920000000
2018281N14088,TITLI,2018,RAJASTHAN,NEEM-KA-THANA,0.0,0.0,0.0,920000000
2018281N14088,TITLI,2018,RAJASTHAN,PALI,0.0,0.0,0.0,920000000
2018281N14088,TITLI,2018,RAJASTHAN,PHALODI,0.0,0.0,0.0,920000000
2018281N14088,TITLI,2018,RAJASTHAN,PRATAPGARH,0.0,0.0,0.0,920000000
2018281N14088,TITLI,2018,RAJASTHAN,RAJSAMAND,0.0,0.0,0.0,920000000
2018281N14088,TITLI,2018,RAJASTHAN,SALUMBAR,0.0,0.0,0.0,920000000
2018281N14088,TITLI,2018,RAJASTHAN,SANCHORE,0.0,0.0,0.0,920000000
2018281N14088,TITLI,2018,RAJASTHAN,SAWAI MADHOPUR,0.0,0.0,0.0,920000000
2018281N14088,TITLI,2018,RAJASTHAN,SHAHPURA,0.0,0.0,0.0,920000000
2018281N14088,TITLI,2018,RAJASTHAN,SIKAR,0.0,0.0,0.0,920000000
2018281N14088,TITLI,2018,RAJASTHAN,SIROHI,0.0,0.0,0.0,920000000
2018281N14088,TITLI,2018,RAJASTHAN,TONK,0.0,0.0,0.0,920000000
2018281N14088,TITLI,2018,RAJASTHAN,UDAIPUR,0.0,0.0,0.0,920000000
2018281N14088,TITLI,2018,SIKKIM,GYALSHING,0.0,0.0,0.0,920000000
2018281N14088,TITLI,2018,SIKKIM,PAKYONG,0.0,0.0,0.0,920000000
2018281N14088,TITLI,2018,SIKKIM,NAMCHI,0.0,0.0,0.0,920000000
2018281N14088,TITLI,2018,SIKKIM,MANGAN,0.0,0.0,0.0,920000000
2018281N14088,TITLI,2018,SIKKIM,GANGTOK,0.0,0.0,0.0,920000000
2018281N14088,TITLI,2018,SIKKIM,SORENG,0.0,0.0,0.0,920000000
2018281N14088,TITLI,2018,TAMIL NADU,ARIYALUR,0.0,0.0,0.0,920000000
2018281N14088,TITLI,2018,TAMIL NADU,CHENGALPATTU,0.0,0.0,0.0,920000000
2018281N14088,TITLI,2018,TAMIL NADU,CHENNAI,0.0,0.0,0.0,920000000
2018281N14088,TITLI,2018,TAMIL NADU,COIMBATORE,0.0,0.0,0.0,920000000
2018281N14088,TITLI,2018,TAMIL NADU,CUDDALORE,0.0,0.0,0.0,920000000
2018281N14088,TITLI,2018,TAMIL NADU,DHARMAPURI,0.0,0.0,0.0,920000000
2018281N14088,TITLI,2018,TAMIL NADU,DINDIGUL,0.0,0.0,0.0,920000000
2018281N14088,TITLI,2018,TAMIL NADU,ERODE,0.0,0.0,0.0,920000000
2018281N14088,TITLI,2018,TAMIL NADU,KALLAKKURICHI,0.0,0.0,0.0,920000000
2018281N14088,TITLI,2018,TAMIL NADU,KANCHIPURAM,0.0,0.0,0.0,920000000
2018281N14088,TITLI,2018,TAMIL NADU,KANNIYAKUMARI,0.0,0.0,0.0,920000000
2018281N14088,TITLI,2018,TAMIL NADU,KARUR,0.0,0.0,0.0,920000000
2018281N14088,TITLI,2018,TAMIL NADU,KRISHNAGIRI,0.0,0.0,0.0,920000000
2018281N14088,TITLI,2018,TAMIL NADU,MADURAI,0.0,0.0,0.0,920000000
2018281N14088,TITLI,2018,TAMIL NADU,MAYILADUTHURAI,0.0,0.0,0.0,920000000
2018281N14088,TITLI,2018,TAMIL NADU,NAGAPATTINAM,0.0,0.0,0.0,920000000
2018281N14088,TITLI,2018,TAMIL NADU,NAMAKKAL,0.0,0.0,0.0,920000000
2018281N14088,TITLI,2018,TAMIL NADU,PERAMBALUR,0.0,0.0,0.0,920000000
2018281N14088,TITLI,2018,TAMIL NADU,PUDUKKOTTAI,0.0,0.0,0.0,920000000
2018281N14088,TITLI,2018,TAMIL NADU,RAMANATHAPURAM,0.0,0.0,0.0,920000000
2018281N14088,TITLI,2018,TAMIL NADU,RANIPET,0.0,0.0,0.0,920000000
2018281N14088,TITLI,2018,TAMIL NADU,SALEM,0.0,0.0,0.0,920000000
2018281N14088,TITLI,2018,TAMIL NADU,SIVAGANGA,0.0,0.0,0.0,920000000
2018281N14088,TITLI,2018,TAMIL NADU,TENKASI,0.0,0.0,0.0,920000000
2018281N14088,TITLI,2018,TAMIL NADU,THANJAVUR,0.0,0.0,0.0,920000000
2018281N14088,TITLI,2018,TAMIL NADU,THE NILGIRIS,0.0,0.0,0.0,920000000
2018281N14088,TITLI,2018,TAMIL NADU,THENI,0.0,0.0,0.0,920000000
2018281N14088,TITLI,2018,TAMIL NADU,THIRUVALLUR,0.0,0.0,0.0,920000000
2018281N14088,TITLI,2018,TAMIL NADU,THIRUVARUR,0.0,0.0,0.0,920000000
2018281N14088,TITLI,2018,TAMIL NADU,THOOTHUKUDI,0.0,0.0,0.0,920000000
2018281N14088,TITLI,2018,TAMIL NADU,TIRUCHIRAPPALLI,0.0,0.0,0.0,920000000
2018281N14088,TITLI,2018,TAMIL NADU,TIRUNELVELI,0.0,0.0,0.0,920000000
2018281N14088,TITLI,2018,TAMIL NADU,TIRUPATHUR,0.0,0.0,0.0,920000000
2018281N14088,TITLI,2018,TAMIL NADU,TIRUPPUR,0.0,0.0,0.0,920000000
2018281N14088,TITLI,2018,TAMIL NADU,TIRUVANNAMALAI,0.0,0.0,0.0,920000000
2018281N14088,TITLI,2018,TAMIL NADU,VELLORE,0.0,0.0,0.0,920000000
2018281N14088,TITLI,2018,TAMIL NADU,VILUPPURAM,0.0,0.0,0.0,920000000
2018281N14088,TITLI,2018,TAMIL NADU,VIRUDHUNAGAR,0.0,0.0,0.0,920000000
2018281N14088,TITLI,2018,TELANGANA,ADILABAD,0.0,0.0,0.0,920000000
2018281N14088,TITLI,2018,TELANGANA,BHADRADRI KOTHAGUDEM,0.0,0.0,0.0,920000000
2018281N14088,TITLI,2018,TELANGANA,HANUMAKONDA,0.0,0.0,0.0,920000000
2018281N14088,TITLI,2018,TELANGANA,HYDERABAD,0.0,0.0,0.0,920000000
2018281N14088,TITLI,2018,TELANGANA,JAGTIAL,0.0,0.0,0.0,920000000
2018281N14088,TITLI,2018,TELANGANA,JANGOAN,0.0,0.0,0.0,920000000
2018281N14088,TITLI,2018,TELANGANA,JAYASHANKAR BHUPALPALLI,0.0,0.0,0.0,920000000
2018281N14088,TITLI,2018,TELANGANA,JOGULAMBA GADWAL,0.0,0.0,0.0,920000000
2018281N14088,TITLI,2018,TELANGANA,KAMAREDDY,0.0,0.0,0.0,920000000
2018281N14088,TITLI,2018,TELANGANA,KARIMNAGAR,0.0,0.0,0.0,920000000
2018281N14088,TITLI,2018,TELANGANA,KHAMMAM,0.0,0.0,0.0,920000000
2018281N14088,TITLI,2018,TELANGANA,KOMARRAM BHEEM,0.0,0.0,0.0,920000000
2018281N14088,TITLI,2018,TELANGANA,MAHABUBABAD,0.0,0.0,0.0,920000000
2018281N14088,TITLI,2018,TELANGANA,MAHABUBNAGAR,0.0,0.0,0.0,920000000
2018281N14088,TITLI,2018,TELANGANA,MANCHERIAL,0.0,0.0,0.0,920000000
2018281N14088,TITLI,2018,TELANGANA,MEDAK,0.0,0.0,0.0,920000000
2018281N14088,TITLI,2018,TELANGANA,MEDCHAL_MALKAJGIRI,0.0,0.0,0.0,920000000
2018281N14088,TITLI,2018,TELANGANA,MULUGU,0.0,0.0,0.0,920000000
2018281N14088,TITLI,2018,TELANGANA,NAGARKURNOOL,0.0,0.0,0.0,920000000
2018281N14088,TITLI,2018,TELANGANA,NALGONDA,0.0,0.0,0.0,920000000
2018281N14088,TITLI,2018,TELANGANA,NARAYANPET,0.0,0.0,0.0,920000000
2018281N14088,TITLI,2018,TELANGANA,NIRMAL,0.0,0.0,0.0,920000000
2018281N14088,TITLI,2018,TELANGANA,NIZAMABAD,0.0,0.0,0.0,920000000
2018281N14088,TITLI,2018,TELANGANA,PEDDAPALLI,0.0,0.0,0.0,920000000
2018281N14088,TITLI,2018,TELANGANA,RAJANNA SIRCILLA,0.0,0.0,0.0,920000000
2018281N14088,TITLI,2018,TELANGANA,RANGA REDDY,0.0,0.0,0.0,920000000
2018281N14088,TITLI,2018,TELANGANA,SANGAREDDY,0.0,0.0,0.0,920000000
2018281N14088,TITLI,2018,TELANGANA,SIDDIPET,0.0,0.0,0.0,920000000
2018281N14088,TITLI,2018,TELANGANA,SURIYAPET,0.0,0.0,0.0,920000000
2018281N14088,TITLI,2018,TELANGANA,VIKARABAD,0.0,0.0,0.0,920000000
2018281N14088,TITLI,2018,TELANGANA,WANPARTI,0.0,0.0,0.0,920000000
2018281N14088,TITLI,2018,TELANGANA,WARANGAL,0.0,0.0,0.0,920000000
2018281N14088,TITLI,2018,TELANGANA,YADADRI BHUVANAGIRI,0.0,0.0,0.0,920000000
2018281N14088,TITLI,2018,TRIPURA,SOUTH TRIPURA,0.0,0.0,0.0,920000000
2018281N14088,TITLI,2018,TRIPURA,WEST TRIPURA,0.0,0.0,0.0,920000000
2018281N14088,TITLI,2018,TRIPURA,DHALAI,0.0,0.0,0.0,920000000
2018281N14088,TITLI,2018,TRIPURA,KHOWAI,0.0,0.0,0.0,920000000
2018281N14088,TITLI,2018,TRIPURA,UNAKOTI,0.0,0.0,0.0,920000000
2018281N14088,TITLI,2018,TRIPURA,NORTH TRIPURA,0.0,0.0,0.0,920000000
2018281N14088,TITLI,2018,TRIPURA,SEPAHIJALA,0.0,0.0,0.0,920000000
2018281N14088,TITLI,2018,TRIPURA,GOMTI,0.0,0.0,0.0,920000000
2018281N14088,TITLI,2018,UTTARAKHAND,B>GESHWAR,0.0,0.0,0.0,920000000
2018281N14088,TITLI,2018,UTTARAKHAND,CHAMP>WAT,0.0,0.0,0.0,920000000
2018281N14088,TITLI,2018,UTTARAKHAND,HARIDW>R,0.0,0.0,0.0,920000000
2018281N14088,TITLI,2018,UTTARAKHAND,NAINIT>L,0.0,0.0,0.0,920000000
2018281N14088,TITLI,2018,UTTARAKHAND,PAURI GARHW>L,0.0,0.0,0.0,920000000
2018281N14088,TITLI,2018,UTTARAKHAND,RUDRAPRAY>G,0.0,0.0,0.0,920000000
2018281N14088,TITLI,2018,UTTARAKHAND,TEHRI GARHW>L,0.0,0.0,0.0,920000000
2018281N14088,TITLI,2018,UTTARAKHAND,UDHAM SINGH NAGAR,0.0,0.0,0.0,920000000
2018281N14088,TITLI,2018,UTTARAKHAND,CHAMOLI,0.0,0.0,0.0,920000000
2018281N14088,TITLI,2018,UTTARAKHAND,PITHOR>GARH,0.0,0.0,0.0,920000000
2018281N14088,TITLI,2018,UTTARAKHAND,UTTARK>SHI,0.0,0.0,0.0,920000000
2018281N14088,TITLI,2018,WEST BENGAL,MURSHID>B>D,0.0,0.0,0.0,920000000
2018281N14088,TITLI,2018,WEST BENGAL,SOUTH 24PARGANAS,0.0,0.0,0.0,920000000
2018281N14088,TITLI,2018,WEST BENGAL,PURULIYA,0.0,0.0,0.0,920000000
2018281N14088,TITLI,2018,WEST BENGAL,PASCHIM MEDIN|PUR,0.0,0.0,0.0,920000000
2018281N14088,TITLI,2018,WEST BENGAL,PASCHIM BARDDHAM>N,0.0,0.0,0.0,920000000
2018281N14088,TITLI,2018,WEST BENGAL,NORTH TWENTY-FOUR PARGANAS,0.0,0.0,0.0,920000000
2018281N14088,TITLI,2018,WEST BENGAL,KOCH BIH>R,0.0,0.0,0.0,920000000
2018281N14088,TITLI,2018,WEST BENGAL,JHARGRAM,0.0,0.0,0.0,920000000
2018281N14088,TITLI,2018,WEST BENGAL,JALP>IGURI,0.0,0.0,0.0,920000000
2018281N14088,TITLI,2018,WEST BENGAL,HUGLI,0.0,0.0,0.0,920000000
2018281N14088,TITLI,2018,WEST BENGAL,B>NKURA,0.0,0.0,0.0,920000000
2018281N14088,TITLI,2018,WEST BENGAL,>L|PUR DU>R,0.0,0.0,0.0,920000000
2018281N14088,TITLI,2018,WEST BENGAL,UTTAR DIN>JPUR,0.0,0.0,0.0,920000000
2018281N14088,TITLI,2018,WEST BENGAL,PURBA MEDIN|PUR,0.0,0.0,0.0,920000000
2018281N14088,TITLI,2018,WEST BENGAL,PURBA BARDDHAM>N,0.0,0.0,0.0,920000000
2018281N14088,TITLI,2018,WEST BENGAL,NADIA,0.0,0.0,0.0,920000000
2018281N14088,TITLI,2018,WEST BENGAL,M>LDAH,0.0,0.0,0.0,920000000
2018281N14088,TITLI,2018,WEST BENGAL,K>LIMPONG,0.0,0.0,0.0,920000000
2018281N14088,TITLI,2018,WEST BENGAL,H>ORA,0.0,0.0,0.0,920000000
2018281N14088,TITLI,2018,WEST BENGAL,D>RJILING,0.0,0.0,0.0,920000000
2018281N14088,TITLI,2018,WEST BENGAL,DAKSHIN DIN>JPUR,0.0,0.0,0.0,920000000
2018281N14088,TITLI,2018,WEST BENGAL,B|RBH@M,0.0,0.0,0.0,920000000
2018281N14088,TITLI,2018,WEST BENGAL,P@RBA MEDIN|PUR,0.0,0.0,0.0,920000000
2018281N14088,TITLI,2018,KARNATAKA,UDUPI,0.0,0.0,0.0,920000000
2018281N14088,TITLI,2018,ODISHA,KENDRAPARA,0.0,0.0,0.0,920000000
2018281N14088,TITLI,2018,ODISHA,BHADRAK,0.0,0.0,0.0,920000000
2018281N14088,TITLI,2018,ODISHA,BARGARH,0.0,0.0,0.0,920000000
2018281N14088,TITLI,2018,ODISHA,KEONJHAR (KENDUJHAR),0.0,0.0,0.0,920000000
2018281N14088,TITLI,2018,ODISHA,ANUGUL,0.0,0.0,0.0,920000000
2018281N14088,TITLI,2018,ODISHA,BALANGIR,0.0,0.0,0.0,920000000
2018281N14088,TITLI,2018,ODISHA,BALASORE,0.0,0.0,0.0,920000000
2018281N14088,TITLI,2018,ODISHA,DHENKANAL,0.0,0.0,0.0,920000000
2018281N14088,TITLI,2018,ODISHA,JHARSUGUDA,0.0,0.0,0.0,920000000
2018281N14088,TITLI,2018,ODISHA,MAYURBHANJ,0.0,0.0,0.0,920000000
2018281N14088,TITLI,2018,ODISHA,JAGATSINGHPUR,0.0,0.0,0.0,920000000
2018281N14088,TITLI,2018,ODISHA,KANDHAMAL,319848.82112773746,0.0092063614278948,8469852.51366327,920000000
2018281N14088,TITLI,2018,ODISHA,CUTTACK,0.0,0.0,0.0,920000000
2018281N14088,TITLI,2018,ODISHA,KORAPUT,85086.61393550644,0.0,0.0,920000000
2018281N14088,TITLI,2018,ODISHA,NABARANGAPUR,0.0,0.0,0.0,920000000
2018281N14088,TITLI,2018,ODISHA,PURI,56286.60415286841,0.0,0.0,920000000
2018281N14088,TITLI,2018,ODISHA,SAMBALPUR,0.0,0.0,0.0,920000000
2018281N14088,TITLI,2018,ODISHA,GAJAPATI,14542309.919793865,0.0107488745988037,9888964.630899496,920000000
2018281N14088,TITLI,2018,ODISHA,GANJAM,811657607.8257207,0.5991036185194846,551175329.0379258,920000000
2018281N14088,TITLI,2018,ODISHA,MALKANGIRI,0.0,0.0,0.0,920000000
2018281N14088,TITLI,2018,ODISHA,KHORDHA,1806358.8589009312,0.0,0.0,920000000
2018281N14088,TITLI,2018,ODISHA,BOUDH,0.0,0.0,0.0,920000000
2018281N14088,TITLI,2018,ODISHA,DEOGARH,0.0,0.0,0.0,920000000
2018281N14088,TITLI,2018,ODISHA,NUAPARHA,0.0,0.0,0.0,920000000
2018281N14088,TITLI,2018,ODISHA,JAJAPUR,0.0,0.0,0.0,920000000
2018281N14088,TITLI,2018,ODISHA,SUNDARGARH,0.0,0.0,0.0,920000000
2018281N14088,TITLI,2018,ODISHA,KALAHANDI,0.0,0.0,0.0,920000000
2018281N14088,TITLI,2018,ODISHA,SUBARNAPUR,0.0,0.0,0.0,920000000
2018281N14088,TITLI,2018,ODISHA,RAYAGARHA,8489251.154793661,0.0261999650607457,24103967.855886057,920000000
2018281N14088,TITLI,2018,ODISHA,NAYAGARH,2126.124265770237,0.0,0.0,920000000
2018281N14088,TITLI,2018,CHANDIGARH,CHANDIGARH,0.0,0.0,0.0,920000000
2018281N14088,TITLI,2018,UTTARAKHAND,ALMORA,0.0,0.0,0.0,920000000
2018281N14088,TITLI,2018,UTTARAKHAND,DEHRAD@N,0.0,0.0,0.0,920000000
2018281N14088,TITLI,2018,KARNATAKA,TUMAK#RU,0.0,0.0,0.0,920000000
2018281N14088,TITLI,2018,KARNATAKA,B\DAR,0.0,0.0,0.0,920000000
2018281N14088,TITLI,2018,MADHYA PRADESH,SIDHI,0.0,0.0,0.0,920000000
2018281N14088,TITLI,2018,KARNATAKA,KODAGU,0.0,0.0,0.0,920000000
2018281N14088,TITLI,2018,MADHYA PRADESH,DATIA,0.0,0.0,0.0,920000000
2018281N14088,TITLI,2018,UTTAR PRADESH,AGRA,0.0,0.0,0.0,920000000
2018281N14088,TITLI,2018,UTTAR PRADESH,ALIGARH,0.0,0.0,0.0,920000000
2018281N14088,TITLI,2018,UTTAR PRADESH,AMBEDKAR NAGAR,0.0,0.0,0.0,920000000
2018281N14088,TITLI,2018,UTTAR PRADESH,AMETHI,0.0,0.0,0.0,920000000
2018281N14088,TITLI,2018,UTTAR PRADESH,AMROHA,0.0,0.0,0.0,920000000
2018281N14088,TITLI,2018,UTTAR PRADESH,AURAIYA,0.0,0.0,0.0,920000000
2018281N14088,TITLI,2018,UTTAR PRADESH,AYODHYA,0.0,0.0,0.0,920000000
2018281N14088,TITLI,2018,UTTAR PRADESH,AZAMGARH,0.0,0.0,0.0,920000000
2018281N14088,TITLI,2018,UTTAR PRADESH,BAGHPAT,0.0,0.0,0.0,920000000
2018281N14088,TITLI,2018,UTTAR PRADESH,BAHRAICH,0.0,0.0,0.0,920000000
2018281N14088,TITLI,2018,UTTAR PRADESH,BALLIA,0.0,0.0,0.0,920000000
2018281N14088,TITLI,2018,UTTAR PRADESH,BARA BANKI,0.0,0.0,0.0,920000000
2018281N14088,TITLI,2018,UTTAR PRADESH,BAREILLY,0.0,0.0,0.0,920000000
2018281N14088,TITLI,2018,UTTAR PRADESH,BASTI,0.0,0.0,0.0,920000000
2018281N14088,TITLI,2018,UTTAR PRADESH,BHADOHI,0.0,0.0,0.0,920000000
2018281N14088,TITLI,2018,UTTAR PRADESH,BIJNOR,0.0,0.0,0.0,920000000
2018281N14088,TITLI,2018,UTTAR PRADESH,BUDAUN,0.0,0.0,0.0,920000000
2018281N14088,TITLI,2018,UTTAR PRADESH,BULANDSHAHR,0.0,0.0,0.0,920000000
2018281N14088,TITLI,2018,UTTAR PRADESH,CHANDAULI,0.0,0.0,0.0,920000000
2018281N14088,TITLI,2018,UTTAR PRADESH,CHITRAKOOT,0.0,0.0,0.0,920000000
2018281N14088,TITLI,2018,UTTAR PRADESH,DEORIA,0.0,0.0,0.0,920000000
2018281N14088,TITLI,2018,UTTAR PRADESH,ETAH,0.0,0.0,0.0,920000000
2018281N14088,TITLI,2018,UTTAR PRADESH,ETAWAH,0.0,0.0,0.0,920000000
2018281N14088,TITLI,2018,UTTAR PRADESH,FARRUKHABAD,0.0,0.0,0.0,920000000
2018281N14088,TITLI,2018,UTTAR PRADESH,FATEHPUR,0.0,0.0,0.0,920000000
2018281N14088,TITLI,2018,UTTAR PRADESH,FIROZABAD,0.0,0.0,0.0,920000000
2018281N14088,TITLI,2018,UTTAR PRADESH,GAUTAM BUDDHA NAGAR,0.0,0.0,0.0,920000000
2018281N14088,TITLI,2018,UTTAR PRADESH,GHAZIABAD,0.0,0.0,0.0,920000000
2018281N14088,TITLI,2018,UTTAR PRADESH,GHAZIPUR,0.0,0.0,0.0,920000000
2018281N14088,TITLI,2018,UTTAR PRADESH,GONDA,0.0,0.0,0.0,920000000
2018281N14088,TITLI,2018,UTTAR PRADESH,GORAKHPUR,0.0,0.0,0.0,920000000
2018281N14088,TITLI,2018,UTTAR PRADESH,HAMIRPUR,0.0,0.0,0.0,920000000
2018281N14088,TITLI,2018,UTTAR PRADESH,HAPUR,0.0,0.0,0.0,920000000
2018281N14088,TITLI,2018,UTTAR PRADESH,HARDOI,0.0,0.0,0.0,920000000
2018281N14088,TITLI,2018,UTTAR PRADESH,HATHRAS,0.0,0.0,0.0,920000000
2018281N14088,TITLI,2018,UTTAR PRADESH,JALAUN,0.0,0.0,0.0,920000000
2018281N14088,TITLI,2018,UTTAR PRADESH,JAUNPUR,0.0,0.0,0.0,920000000
2018281N14088,TITLI,2018,UTTAR PRADESH,JHANSI,0.0,0.0,0.0,920000000
2018281N14088,TITLI,2018,UTTAR PRADESH,KANNAUJ,0.0,0.0,0.0,920000000
2018281N14088,TITLI,2018,UTTAR PRADESH,KANPUR DEHAT,0.0,0.0,0.0,920000000
2018281N14088,TITLI,2018,UTTAR PRADESH,KANPUR NAGAR,0.0,0.0,0.0,920000000
2018281N14088,TITLI,2018,UTTAR PRADESH,KASGANJ,0.0,0.0,0.0,920000000
2018281N14088,TITLI,2018,UTTAR PRADESH,KAUSHAMBI,0.0,0.0,0.0,920000000
2018281N14088,TITLI,2018,UTTAR PRADESH,KHERI,0.0,0.0,0.0,920000000
2018281N14088,TITLI,2018,UTTAR PRADESH,KUSHINAGAR,0.0,0.0,0.0,920000000
2018281N14088,TITLI,2018,UTTAR PRADESH,LALITPUR,0.0,0.0,0.0,920000000
2018281N14088,TITLI,2018,UTTAR PRADESH,LUCKNOW,0.0,0.0,0.0,920000000
2018281N14088,TITLI,2018,UTTAR PRADESH,MAHOBA,0.0,0.0,0.0,920000000
2018281N14088,TITLI,2018,UTTAR PRADESH,MAHRAJGANJ,0.0,0.0,0.0,920000000
2018281N14088,TITLI,2018,UTTAR PRADESH,MAINPURI,0.0,0.0,0.0,920000000
2018281N14088,TITLI,2018,UTTAR PRADESH,MATHURA,0.0,0.0,0.0,920000000
2018281N14088,TITLI,2018,UTTAR PRADESH,MAU,0.0,0.0,0.0,920000000
2018281N14088,TITLI,2018,UTTAR PRADESH,MEERUT,0.0,0.0,0.0,920000000
2018281N14088,TITLI,2018,UTTAR PRADESH,MIRZAPUR,0.0,0.0,0.0,920000000
2018281N14088,TITLI,2018,UTTAR PRADESH,MORADABAD,0.0,0.0,0.0,920000000
2018281N14088,TITLI,2018,UTTAR PRADESH,MUZAFFARNAGAR,0.0,0.0,0.0,920000000
2018281N14088,TITLI,2018,UTTAR PRADESH,PILIBHIT,0.0,0.0,0.0,920000000
2018281N14088,TITLI,2018,UTTAR PRADESH,PRAYAGRAJ,0.0,0.0,0.0,920000000
2018281N14088,TITLI,2018,UTTAR PRADESH,RAE BARELI,0.0,0.0,0.0,920000000
2018281N14088,TITLI,2018,UTTAR PRADESH,RAMPUR,0.0,0.0,0.0,920000000
2018281N14088,TITLI,2018,UTTAR PRADESH,SAHARANPUR,0.0,0.0,0.0,920000000
2018281N14088,TITLI,2018,UTTAR PRADESH,SAMBHAL,0.0,0.0,0.0,920000000
2018281N14088,TITLI,2018,UTTAR PRADESH,SANT KABIR NAGAR,0.0,0.0,0.0,920000000
2018281N14088,TITLI,2018,UTTAR PRADESH,SHAHJAHANPUR,0.0,0.0,0.0,920000000
2018281N14088,TITLI,2018,UTTAR PRADESH,SHAMLI,0.0,0.0,0.0,920000000
2018281N14088,TITLI,2018,UTTAR PRADESH,SHRAWASTI,0.0,0.0,0.0,920000000
2018281N14088,TITLI,2018,UTTAR PRADESH,SIDDHARTHNAGAR,0.0,0.0,0.0,920000000
2018281N14088,TITLI,2018,UTTAR PRADESH,SITAPUR,0.0,0.0,0.0,920000000
2018281N14088,TITLI,2018,UTTAR PRADESH,SONBHADRA,0.0,0.0,0.0,920000000
2018281N14088,TITLI,2018,UTTAR PRADESH,SULTANPUR,0.0,0.0,0.0,920000000
2018281N14088,TITLI,2018,UTTAR PRADESH,UNNAO,0.0,0.0,0.0,920000000
2018281N14088,TITLI,2018,UTTAR PRADESH,VARANASI,0.0,0.0,0.0,920000000
2018281N14088,TITLI,2018,UTTAR PRADESH,BANDA,0.0,0.0,0.0,920000000
2018281N14088,TITLI,2018,WEST BENGAL,KOLK>TA,0.0,0.0,0.0,920000000
2018281N14088,TITLI,2018,MIZORAM,KHAWZAWL,0.0,0.0,0.0,920000000
2018281N14088,TITLI,2018,ARUNACHAL PRADESH,LOHIT,0.0,0.0,0.0,920000000
2018281N14088,TITLI,2018,LAKSHADWEEP,LAKSHADWEEP,0.0,0.0,0.0,920000000
2019302N11118,BULBUL,2019,ANDHRA PRADESH,ALLURI SITHARAMA RAJU,0.0,0.0,0.0,3200000000
2019302N11118,BULBUL,2019,ANDHRA PRADESH,ANAKAPALLI,0.0,0.0,0.0,3200000000
2019302N11118,BULBUL,2019,ANDHRA PRADESH,ANANTHAPURAMU,0.0,0.0,0.0,3200000000
2019302N11118,BULBUL,2019,ANDHRA PRADESH,ANNAMAYYA,0.0,0.0,0.0,3200000000
2019302N11118,BULBUL,2019,ANDHRA PRADESH,BAPATLA,0.0,0.0,0.0,3200000000
2019302N11118,BULBUL,2019,ANDHRA PRADESH,CHITTOOR,0.0,0.0,0.0,3200000000
2019302N11118,BULBUL,2019,ANDHRA PRADESH,DR.B.R.AMBEDKAR KONASEEMA,0.0,0.0,0.0,3200000000
2019302N11118,BULBUL,2019,ANDHRA PRADESH,EAST GODAVARI,0.0,0.0,0.0,3200000000
2019302N11118,BULBUL,2019,ANDHRA PRADESH,ELURU,0.0,0.0,0.0,3200000000
2019302N11118,BULBUL,2019,ANDHRA PRADESH,GUNTUR,0.0,0.0,0.0,3200000000
2019302N11118,BULBUL,2019,ANDHRA PRADESH,KAKINADA,0.0,0.0,0.0,3200000000
2019302N11118,BULBUL,2019,ANDHRA PRADESH,KRISHNA,0.0,0.0,0.0,3200000000
2019302N11118,BULBUL,2019,ANDHRA PRADESH,KURNOOL,0.0,0.0,0.0,3200000000
2019302N11118,BULBUL,2019,ANDHRA PRADESH,NANDYAL,0.0,0.0,0.0,3200000000
2019302N11118,BULBUL,2019,ANDHRA PRADESH,NTR,0.0,0.0,0.0,3200000000
2019302N11118,BULBUL,2019,ANDHRA PRADESH,PALNADU,0.0,0.0,0.0,3200000000
2019302N11118,BULBUL,2019,ANDHRA PRADESH,PARVATHIPURAM MANYAM,0.0,0.0,0.0,3200000000
2019302N11118,BULBUL,2019,ANDHRA PRADESH,PRAKASAM,0.0,0.0,0.0,3200000000
2019302N11118,BULBUL,2019,ANDHRA PRADESH,SRI POTTI SRIRAMULU NELLORE,0.0,0.0,0.0,3200000000
2019302N11118,BULBUL,2019,ANDHRA PRADESH,SRI SATHYA SAI,0.0,0.0,0.0,3200000000
2019302N11118,BULBUL,2019,ANDHRA PRADESH,SRIKAKULAM,0.0,0.0,0.0,3200000000
2019302N11118,BULBUL,2019,ANDHRA PRADESH,TIRUPATI,0.0,0.0,0.0,3200000000
2019302N11118,BULBUL,2019,ANDHRA PRADESH,VISAKHAPATNAM,0.0,0.0,0.0,3200000000
2019302N11118,BULBUL,2019,ANDHRA PRADESH,VIZIANAGARAM,0.0,0.0,0.0,3200000000
2019302N11118,BULBUL,2019,ANDHRA PRADESH,WEST GODAVARI,0.0,0.0,0.0,3200000000
2019302N11118,BULBUL,2019,PUDUCHERRY,YANAM,0.0,0.0,0.0,3200000000
2019302N11118,BULBUL,2019,ANDHRA PRADESH,YSR KADAPA,0.0,0.0,0.0,3200000000
2019302N11118,BULBUL,2019,ANDAMAN AND NICOBAR ISLANDS,NICOBARS,0.0,0.0,0.0,3200000000
2019302N11118,BULBUL,2019,ANDAMAN AND NICOBAR ISLANDS,NORTH AND MIDDLE ANDAMAN,0.0,0.0,0.0,3200000000
2019302N11118,BULBUL,2019,ANDAMAN AND NICOBAR ISLANDS,SOUTH ANDAMANS,0.0,0.0,0.0,3200000000
2019302N11118,BULBUL,2019,ARUNACHAL PRADESH,>NJ>W,0.0,0.0,0.0,3200000000
2019302N11118,BULBUL,2019,ARUNACHAL PRADESH,CH>NGL>NG,0.0,0.0,0.0,3200000000
2019302N11118,BULBUL,2019,ARUNACHAL PRADESH,DIB>NG VALLEY,0.0,0.0,0.0,3200000000
2019302N11118,BULBUL,2019,ARUNACHAL PRADESH,EAST KAMENG,0.0,0.0,0.0,3200000000
2019302N11118,BULBUL,2019,ARUNACHAL PRADESH,EAST SIANG,0.0,0.0,0.0,3200000000
2019302N11118,BULBUL,2019,ARUNACHAL PRADESH,KURUNG KUMEY,0.0,0.0,0.0,3200000000
2019302N11118,BULBUL,2019,ARUNACHAL PRADESH,LOWER DIB>NG VALLEY,0.0,0.0,0.0,3200000000
2019302N11118,BULBUL,2019,ARUNACHAL PRADESH,PAPUMPARE,0.0,0.0,0.0,3200000000
2019302N11118,BULBUL,2019,ARUNACHAL PRADESH,TAWANG,0.0,0.0,0.0,3200000000
2019302N11118,BULBUL,2019,ARUNACHAL PRADESH,TIR>P,0.0,0.0,0.0,3200000000
2019302N11118,BULBUL,2019,ARUNACHAL PRADESH,UPPER SIANG,0.0,0.0,0.0,3200000000
2019302N11118,BULBUL,2019,ARUNACHAL PRADESH,UPPER SUBANSIRI,0.0,0.0,0.0,3200000000
2019302N11118,BULBUL,2019,ARUNACHAL PRADESH,WEST KAMENG,0.0,0.0,0.0,3200000000
2019302N11118,BULBUL,2019,ARUNACHAL PRADESH,SHI YOMI,0.0,0.0,0.0,3200000000
2019302N11118,BULBUL,2019,ARUNACHAL PRADESH,NAMSAI,0.0,0.0,0.0,3200000000
2019302N11118,BULBUL,2019,ARUNACHAL PRADESH,WEST SIANG,0.0,0.0,0.0,3200000000
2019302N11118,BULBUL,2019,ARUNACHAL PRADESH,SIANG,0.0,0.0,0.0,3200000000
2019302N11118,BULBUL,2019,ARUNACHAL PRADESH,LONGDING,0.0,0.0,0.0,3200000000
2019302N11118,BULBUL,2019,ARUNACHAL PRADESH,PAKKE KESSANG,0.0,0.0,0.0,3200000000
2019302N11118,BULBUL,2019,ARUNACHAL PRADESH,LOWER SIANG,0.0,0.0,0.0,3200000000
2019302N11118,BULBUL,2019,ARUNACHAL PRADESH,LEPA RADA,0.0,0.0,0.0,3200000000
2019302N11118,BULBUL,2019,ARUNACHAL PRADESH,BICHOM,0.0,0.0,0.0,3200000000
2019302N11118,BULBUL,2019,ARUNACHAL PRADESH,KRA DAADI,0.0,0.0,0.0,3200000000
2019302N11118,BULBUL,2019,ARUNACHAL PRADESH,KAMLE,0.0,0.0,0.0,3200000000
2019302N11118,BULBUL,2019,ARUNACHAL PRADESH,KEYI PANYOR,0.0,0.0,0.0,3200000000
2019302N11118,BULBUL,2019,ARUNACHAL PRADESH,LOWER SUBANSIRI,0.0,0.0,0.0,3200000000
2019302N11118,BULBUL,2019,ASSAM,KOKRAJHAR,0.0,0.0,0.0,3200000000
2019302N11118,BULBUL,2019,ASSAM,CHIRANG,0.0,0.0,0.0,3200000000
2019302N11118,BULBUL,2019,ASSAM,UDALGURI,0.0,0.0,0.0,3200000000
2019302N11118,BULBUL,2019,ASSAM,BAKSA,0.0,0.0,0.0,3200000000
2019302N11118,BULBUL,2019,ASSAM,DHUBRI,0.0,0.0,0.0,3200000000
2019302N11118,BULBUL,2019,ASSAM,DARANG,0.0,0.0,0.0,3200000000
2019302N11118,BULBUL,2019,ASSAM,KARBI ANGLONG,0.0,0.0,0.0,3200000000
2019302N11118,BULBUL,2019,ASSAM,DIMA HASAO,0.0,0.0,0.0,3200000000
2019302N11118,BULBUL,2019,ASSAM,CACHAR,0.0,0.0,0.0,3200000000
2019302N11118,BULBUL,2019,ASSAM,KARIMGANJ,0.0,0.0,0.0,3200000000
2019302N11118,BULBUL,2019,ASSAM,HAILAKANDI,0.0,0.0,0.0,3200000000
2019302N11118,BULBUL,2019,ASSAM,WEST KARBI ANGLONG,0.0,0.0,0.0,3200000000
2019302N11118,BULBUL,2019,ASSAM,JORHAT,0.0,0.0,0.0,3200000000
2019302N11118,BULBUL,2019,ASSAM,GOLAGHAT,0.0,0.0,0.0,3200000000
2019302N11118,BULBUL,2019,ASSAM,SONITPUR,0.0,0.0,0.0,3200000000
2019302N11118,BULBUL,2019,ASSAM,DHEMAJI,0.0,0.0,0.0,3200000000
2019302N11118,BULBUL,2019,ASSAM,CHARAIDEO,0.0,0.0,0.0,3200000000
2019302N11118,BULBUL,2019,ASSAM,TINSUKIA,0.0,0.0,0.0,3200000000
2019302N11118,BULBUL,2019,ASSAM,LAKHIMPUR,0.0,0.0,0.0,3200000000
2019302N11118,BULBUL,2019,ASSAM,MAJULI,0.0,0.0,0.0,3200000000
2019302N11118,BULBUL,2019,ASSAM,SIBSAGAR,0.0,0.0,0.0,3200000000
2019302N11118,BULBUL,2019,ASSAM,NAGAON,0.0,0.0,0.0,3200000000
2019302N11118,BULBUL,2019,ASSAM,MARIGAON,0.0,0.0,0.0,3200000000
2019302N11118,BULBUL,2019,ASSAM,KAMRUP METRO,0.0,0.0,0.0,3200000000
2019302N11118,BULBUL,2019,ASSAM,NALBARI,0.0,0.0,0.0,3200000000
2019302N11118,BULBUL,2019,ASSAM,GOALPARA,0.0,0.0,0.0,3200000000
2019302N11118,BULBUL,2019,ASSAM,BONGAIGAON,0.0,0.0,0.0,3200000000
2019302N11118,BULBUL,2019,ASSAM,KAMRUP RURAL,0.0,0.0,0.0,3200000000
2019302N11118,BULBUL,2019,ASSAM,DIBRUGARH,0.0,0.0,0.0,3200000000
2019302N11118,BULBUL,2019,ASSAM,HOJAI,0.0,0.0,0.0,3200000000
2019302N11118,BULBUL,2019,ASSAM,TAMULPUR,0.0,0.0,0.0,3200000000
2019302N11118,BULBUL,2019,ASSAM,BISWANATH,0.0,0.0,0.0,3200000000
2019302N11118,BULBUL,2019,ASSAM,BARPETA,0.0,0.0,0.0,3200000000
2019302N11118,BULBUL,2019,ASSAM,BAJALI,0.0,0.0,0.0,3200000000
2019302N11118,BULBUL,2019,ASSAM,SOUTH SALMARA MANCACHAR,0.0,0.0,0.0,3200000000
2019302N11118,BULBUL,2019,BIHAR,ARARIA,0.0,0.0,0.0,3200000000
2019302N11118,BULBUL,2019,BIHAR,ARWAL,0.0,0.0,0.0,3200000000
2019302N11118,BULBUL,2019,BIHAR,AURANGABAD,0.0,0.0,0.0,3200000000
2019302N11118,BULBUL,2019,BIHAR,BANKA,0.0,0.0,0.0,3200000000
2019302N11118,BULBUL,2019,BIHAR,BEGUSARAI,0.0,0.0,0.0,3200000000
2019302N11118,BULBUL,2019,BIHAR,BHAGALPUR,0.0,0.0,0.0,3200000000
2019302N11118,BULBUL,2019,BIHAR,BHOJPUR,0.0,0.0,0.0,3200000000
2019302N11118,BULBUL,2019,BIHAR,BUXAR,0.0,0.0,0.0,3200000000
2019302N11118,BULBUL,2019,BIHAR,DARBHANGA,0.0,0.0,0.0,3200000000
2019302N11118,BULBUL,2019,BIHAR,GAYA,0.0,0.0,0.0,3200000000
2019302N11118,BULBUL,2019,BIHAR,GOPALGANJ,0.0,0.0,0.0,3200000000
2019302N11118,BULBUL,2019,BIHAR,JAHANABAD,0.0,0.0,0.0,3200000000
2019302N11118,BULBUL,2019,BIHAR,JAMUI,0.0,0.0,0.0,3200000000
2019302N11118,BULBUL,2019,BIHAR,KAIMUR,0.0,0.0,0.0,3200000000
2019302N11118,BULBUL,2019,BIHAR,KATIHAR,0.0,0.0,0.0,3200000000
2019302N11118,BULBUL,2019,BIHAR,KHAGARIA,0.0,0.0,0.0,3200000000
2019302N11118,BULBUL,2019,BIHAR,KISHANGANJ,0.0,0.0,0.0,3200000000
2019302N11118,BULBUL,2019,BIHAR,LAKHISARAI,0.0,0.0,0.0,3200000000
2019302N11118,BULBUL,2019,BIHAR,MADHEPURA,0.0,0.0,0.0,3200000000
2019302N11118,BULBUL,2019,BIHAR,MADHUBANI,0.0,0.0,0.0,3200000000
2019302N11118,BULBUL,2019,BIHAR,MUNGER,0.0,0.0,0.0,3200000000
2019302N11118,BULBUL,2019,BIHAR,MUZAFFARPUR,0.0,0.0,0.0,3200000000
2019302N11118,BULBUL,2019,BIHAR,NALANDA,0.0,0.0,0.0,3200000000
2019302N11118,BULBUL,2019,BIHAR,NAWADA,0.0,0.0,0.0,3200000000
2019302N11118,BULBUL,2019,BIHAR,PASHCHIMI CHAMPARAN,0.0,0.0,0.0,3200000000
2019302N11118,BULBUL,2019,BIHAR,PATNA,0.0,0.0,0.0,3200000000
2019302N11118,BULBUL,2019,BIHAR,PURBI CHAMPARAN,0.0,0.0,0.0,3200000000
2019302N11118,BULBUL,2019,BIHAR,PURNIA,0.0,0.0,0.0,3200000000
2019302N11118,BULBUL,2019,BIHAR,ROHTAS,0.0,0.0,0.0,3200000000
2019302N11118,BULBUL,2019,BIHAR,SAHARSA,0.0,0.0,0.0,3200000000
2019302N11118,BULBUL,2019,BIHAR,SAMASTIPUR,0.0,0.0,0.0,3200000000
2019302N11118,BULBUL,2019,BIHAR,SARAN,0.0,0.0,0.0,3200000000
2019302N11118,BULBUL,2019,BIHAR,SHEIKHPURA,0.0,0.0,0.0,3200000000
2019302N11118,BULBUL,2019,BIHAR,SHEOHAR,0.0,0.0,0.0,3200000000
2019302N11118,BULBUL,2019,BIHAR,SITAMARHI,0.0,0.0,0.0,3200000000
2019302N11118,BULBUL,2019,BIHAR,SIWAN,0.0,0.0,0.0,3200000000
2019302N11118,BULBUL,2019,BIHAR,SUPAUL,0.0,0.0,0.0,3200000000
2019302N11118,BULBUL,2019,BIHAR,VAISHALI,0.0,0.0,0.0,3200000000
2019302N11118,BULBUL,2019,CHHATTISGARH,KAWARDHA (KABIRDHAM),0.0,0.0,0.0,3200000000
2019302N11118,BULBUL,2019,CHHATTISGARH,GAURELA-PENDRA-MARWAHI,0.0,0.0,0.0,3200000000
2019302N11118,BULBUL,2019,CHHATTISGARH,SURAJPUR,0.0,0.0,0.0,3200000000
2019302N11118,BULBUL,2019,CHHATTISGARH,BALRAMPUR,0.0,0.0,0.0,3200000000
2019302N11118,BULBUL,2019,CHHATTISGARH,MUNGELI,0.0,0.0,0.0,3200000000
2019302N11118,BULBUL,2019,CHHATTISGARH,DAKSHIN BASTAR DANTEWARA,0.0,0.0,0.0,3200000000
2019302N11118,BULBUL,2019,CHHATTISGARH,BIJAPUR,0.0,0.0,0.0,3200000000
2019302N11118,BULBUL,2019,CHHATTISGARH,BASTAR,0.0,0.0,0.0,3200000000
2019302N11118,BULBUL,2019,CHHATTISGARH,SUKMA,0.0,0.0,0.0,3200000000
2019302N11118,BULBUL,2019,CHHATTISGARH,KONDAGAON,0.0,0.0,0.0,3200000000
2019302N11118,BULBUL,2019,CHHATTISGARH,NARAYANPUR,0.0,0.0,0.0,3200000000
2019302N11118,BULBUL,2019,CHHATTISGARH,UTTAR BASTAR KANKER,0.0,0.0,0.0,3200000000
2019302N11118,BULBUL,2019,CHHATTISGARH,GARIYABAND,0.0,0.0,0.0,3200000000
2019302N11118,BULBUL,2019,CHHATTISGARH,DHAMTARI,0.0,0.0,0.0,3200000000
2019302N11118,BULBUL,2019,CHHATTISGARH,BALOD,0.0,0.0,0.0,3200000000
2019302N11118,BULBUL,2019,CHHATTISGARH,MAHASAMUND,0.0,0.0,0.0,3200000000
2019302N11118,BULBUL,2019,CHHATTISGARH,DURG,0.0,0.0,0.0,3200000000
2019302N11118,BULBUL,2019,CHHATTISGARH,RAIPUR,0.0,0.0,0.0,3200000000
2019302N11118,BULBUL,2019,CHHATTISGARH,BEMETARA,0.0,0.0,0.0,3200000000
2019302N11118,BULBUL,2019,CHHATTISGARH,BILASPUR,0.0,0.0,0.0,3200000000
2019302N11118,BULBUL,2019,CHHATTISGARH,KORBA,0.0,0.0,0.0,3200000000
2019302N11118,BULBUL,2019,CHHATTISGARH,JASHPUR,0.0,0.0,0.0,3200000000
2019302N11118,BULBUL,2019,CHHATTISGARH,SURGUJA,0.0,0.0,0.0,3200000000
2019302N11118,BULBUL,2019,CHHATTISGARH,KHAIRGARH-CHHUIKHADAN-GANDAI,0.0,0.0,0.0,3200000000
2019302N11118,BULBUL,2019,CHHATTISGARH,RAJNANDGAON,0.0,0.0,0.0,3200000000
2019302N11118,BULBUL,2019,CHHATTISGARH,MOHLA-MANPUR-AMBAGARH CHOWKI,0.0,0.0,0.0,3200000000
2019302N11118,BULBUL,2019,CHHATTISGARH,JANJGIR - CHAMPA,0.0,0.0,0.0,3200000000
2019302N11118,BULBUL,2019,CHHATTISGARH,SAKTI,0.0,0.0,0.0,3200000000
2019302N11118,BULBUL,2019,CHHATTISGARH,RAIGARH,0.0,0.0,0.0,3200000000
2019302N11118,BULBUL,2019,CHHATTISGARH,KOREA,0.0,0.0,0.0,3200000000
2019302N11118,BULBUL,2019,CHHATTISGARH,MANENDRAGARH-CHIRMIRI-BHARATPUR,0.0,0.0,0.0,3200000000
2019302N11118,BULBUL,2019,CHHATTISGARH,SARANGARH-BILAIGARH,0.0,0.0,0.0,3200000000
2019302N11118,BULBUL,2019,CHHATTISGARH,BALODA BAZAR,0.0,0.0,0.0,3200000000
2019302N11118,BULBUL,2019,DELHI,NAZUL,0.0,0.0,0.0,3200000000
2019302N11118,BULBUL,2019,DELHI,SOUTH WEST,0.0,0.0,0.0,3200000000
2019302N11118,BULBUL,2019,DELHI,WEST,0.0,0.0,0.0,3200000000
2019302N11118,BULBUL,2019,DELHI,CENTRAL,0.0,0.0,0.0,3200000000
2019302N11118,BULBUL,2019,DELHI,EAST,0.0,0.0,0.0,3200000000
2019302N11118,BULBUL,2019,DELHI,NEW DELHI,0.0,0.0,0.0,3200000000
2019302N11118,BULBUL,2019,DELHI,NORTH,0.0,0.0,0.0,3200000000
2019302N11118,BULBUL,2019,DELHI,SHAHADARA,0.0,0.0,0.0,3200000000
2019302N11118,BULBUL,2019,DELHI,NORTH EAST,0.0,0.0,0.0,3200000000
2019302N11118,BULBUL,2019,DELHI,SOUTH EAST,0.0,0.0,0.0,3200000000
2019302N11118,BULBUL,2019,DELHI,SOUTH,0.0,0.0,0.0,3200000000
2019302N11118,BULBUL,2019,DELHI,NORTH WEST,0.0,0.0,0.0,3200000000
2019302N11118,BULBUL,2019,GOA,NORTH GOA,0.0,0.0,0.0,3200000000
2019302N11118,BULBUL,2019,GOA,SOUTH GOA,0.0,0.0,0.0,3200000000
2019302N11118,BULBUL,2019,DADRA & NAGAR HAVELI & DAMAN & DIU,DADRA AND NAGAR HAVELI,0.0,0.0,0.0,3200000000
2019302N11118,BULBUL,2019,DADRA & NAGAR HAVELI & DAMAN & DIU,DAMAN,0.0,0.0,0.0,3200000000
2019302N11118,BULBUL,2019,DADRA & NAGAR HAVELI & DAMAN & DIU,DIU,0.0,0.0,0.0,3200000000
2019302N11118,BULBUL,2019,GUJARAT,AHMADABAD,0.0,0.0,0.0,3200000000
2019302N11118,BULBUL,2019,GUJARAT,AMRELI,0.0,0.0,0.0,3200000000
2019302N11118,BULBUL,2019,GUJARAT,ANAND,0.0,0.0,0.0,3200000000
2019302N11118,BULBUL,2019,GUJARAT,ARVALLI,0.0,0.0,0.0,3200000000
2019302N11118,BULBUL,2019,GUJARAT,BANAS KANTHA,0.0,0.0,0.0,3200000000
2019302N11118,BULBUL,2019,GUJARAT,BHARUCH,0.0,0.0,0.0,3200000000
2019302N11118,BULBUL,2019,GUJARAT,BHAVNAGAR,0.0,0.0,0.0,3200000000
2019302N11118,BULBUL,2019,GUJARAT,BOTAD,0.0,0.0,0.0,3200000000
2019302N11118,BULBUL,2019,GUJARAT,CHHOTAUDEPUR,0.0,0.0,0.0,3200000000
2019302N11118,BULBUL,2019,GUJARAT,DAHOD,0.0,0.0,0.0,3200000000
2019302N11118,BULBUL,2019,GUJARAT,DANGS,0.0,0.0,0.0,3200000000
2019302N11118,BULBUL,2019,GUJARAT,DEVBHUMI DWARKA,0.0,0.0,0.0,3200000000
2019302N11118,BULBUL,2019,GUJARAT,GANDHINAGAR,0.0,0.0,0.0,3200000000
2019302N11118,BULBUL,2019,GUJARAT,GIR SOMNATH,0.0,0.0,0.0,3200000000
2019302N11118,BULBUL,2019,GUJARAT and DNH & DD ISLANDS,ISLAND,0.0,0.0,0.0,3200000000
2019302N11118,BULBUL,2019,GUJARAT,JAMNAGAR,0.0,0.0,0.0,3200000000
2019302N11118,BULBUL,2019,GUJARAT,JUNAGADH,0.0,0.0,0.0,3200000000
2019302N11118,BULBUL,2019,GUJARAT,KACHCHH,0.0,0.0,0.0,3200000000
2019302N11118,BULBUL,2019,GUJARAT,KHEDA,0.0,0.0,0.0,3200000000
2019302N11118,BULBUL,2019,GUJARAT,MAHESANA,0.0,0.0,0.0,3200000000
2019302N11118,BULBUL,2019,GUJARAT,MAHISAGAR,0.0,0.0,0.0,3200000000
2019302N11118,BULBUL,2019,GUJARAT,MORBI,0.0,0.0,0.0,3200000000
2019302N11118,BULBUL,2019,GUJARAT,NARMADA,0.0,0.0,0.0,3200000000
2019302N11118,BULBUL,2019,GUJARAT,NAVSARI,0.0,0.0,0.0,3200000000
2019302N11118,BULBUL,2019,GUJARAT,PANCH MAHALS,0.0,0.0,0.0,3200000000
2019302N11118,BULBUL,2019,GUJARAT,PATAN,0.0,0.0,0.0,3200000000
2019302N11118,BULBUL,2019,GUJARAT,PORBANDAR,0.0,0.0,0.0,3200000000
2019302N11118,BULBUL,2019,GUJARAT,RAJKOT,0.0,0.0,0.0,3200000000
2019302N11118,BULBUL,2019,GUJARAT,SABAR KANTHA,0.0,0.0,0.0,3200000000
2019302N11118,BULBUL,2019,GUJARAT,SURAT,0.0,0.0,0.0,3200000000
2019302N11118,BULBUL,2019,GUJARAT,SURENDRANAGAR,0.0,0.0,0.0,3200000000
2019302N11118,BULBUL,2019,GUJARAT,TAPI,0.0,0.0,0.0,3200000000
2019302N11118,BULBUL,2019,GUJARAT,VADODARA,0.0,0.0,0.0,3200000000
2019302N11118,BULBUL,2019,GUJARAT,VALSAD,0.0,0.0,0.0,3200000000
2019302N11118,BULBUL,2019,HARYANA,AMBALA,0.0,0.0,0.0,3200000000
2019302N11118,BULBUL,2019,HARYANA,BHIWANI,0.0,0.0,0.0,3200000000
2019302N11118,BULBUL,2019,HARYANA,CHARKI DADRI,0.0,0.0,0.0,3200000000
2019302N11118,BULBUL,2019,HARYANA,FARIDABAD,0.0,0.0,0.0,3200000000
2019302N11118,BULBUL,2019,HARYANA,FATEHABAD,0.0,0.0,0.0,3200000000
2019302N11118,BULBUL,2019,HARYANA,GURUGRAM,0.0,0.0,0.0,3200000000
2019302N11118,BULBUL,2019,HARYANA,HISAR,0.0,0.0,0.0,3200000000
2019302N11118,BULBUL,2019,HARYANA,JHAJJAR,0.0,0.0,0.0,3200000000
2019302N11118,BULBUL,2019,HARYANA,JIND,0.0,0.0,0.0,3200000000
2019302N11118,BULBUL,2019,HARYANA,KAITHAL,0.0,0.0,0.0,3200000000
2019302N11118,BULBUL,2019,HARYANA,KARNAL,0.0,0.0,0.0,3200000000
2019302N11118,BULBUL,2019,HARYANA,KURUKSHETRA,0.0,0.0,0.0,3200000000
2019302N11118,BULBUL,2019,HARYANA,MAHENDRAGARH,0.0,0.0,0.0,3200000000
2019302N11118,BULBUL,2019,HARYANA,NUH,0.0,0.0,0.0,3200000000
2019302N11118,BULBUL,2019,HARYANA,PALWAL,0.0,0.0,0.0,3200000000
2019302N11118,BULBUL,2019,HARYANA,PANCHKULA,0.0,0.0,0.0,3200000000
2019302N11118,BULBUL,2019,HARYANA,PANIPAT,0.0,0.0,0.0,3200000000
2019302N11118,BULBUL,2019,HARYANA,REWARI,0.0,0.0,0.0,3200000000
2019302N11118,BULBUL,2019,HARYANA,ROHTAK,0.0,0.0,0.0,3200000000
2019302N11118,BULBUL,2019,HARYANA,SIRSA,0.0,0.0,0.0,3200000000
2019302N11118,BULBUL,2019,HARYANA,SONIPAT,0.0,0.0,0.0,3200000000
2019302N11118,BULBUL,2019,HARYANA,YAMUNANAGAR,0.0,0.0,0.0,3200000000
2019302N11118,BULBUL,2019,HIMACHAL PRADESH,BIL>SPUR,0.0,0.0,0.0,3200000000
2019302N11118,BULBUL,2019,HIMACHAL PRADESH,SHIMLA,0.0,0.0,0.0,3200000000
2019302N11118,BULBUL,2019,HIMACHAL PRADESH,KINNAUR,0.0,0.0,0.0,3200000000
2019302N11118,BULBUL,2019,HIMACHAL PRADESH,SOLAN,0.0,0.0,0.0,3200000000
2019302N11118,BULBUL,2019,HIMACHAL PRADESH,SIRMAUR,0.0,0.0,0.0,3200000000
2019302N11118,BULBUL,2019,HIMACHAL PRADESH,KULLU,0.0,0.0,0.0,3200000000
2019302N11118,BULBUL,2019,HIMACHAL PRADESH,CHAMBA,0.0,0.0,0.0,3200000000
2019302N11118,BULBUL,2019,HIMACHAL PRADESH,MANDI,0.0,0.0,0.0,3200000000
2019302N11118,BULBUL,2019,HIMACHAL PRADESH,K>NGRA,0.0,0.0,0.0,3200000000
2019302N11118,BULBUL,2019,HIMACHAL PRADESH,HAM|RPUR,0.0,0.0,0.0,3200000000
2019302N11118,BULBUL,2019,HIMACHAL PRADESH,UNA,0.0,0.0,0.0,3200000000
2019302N11118,BULBUL,2019,HIMACHAL PRADESH,LAHUL & SPITI,0.0,0.0,0.0,3200000000
2019302N11118,BULBUL,2019,JAMMU AND KASHMIR,MIRPUR,0.0,0.0,0.0,3200000000
2019302N11118,BULBUL,2019,JAMMU AND KASHMIR,MUZAFFARABAD,0.0,0.0,0.0,3200000000
2019302N11118,BULBUL,2019,JAMMU AND KASHMIR,PUNCH,0.0,0.0,0.0,3200000000
2019302N11118,BULBUL,2019,JAMMU AND KASHMIR,ANANTNAG,0.0,0.0,0.0,3200000000
2019302N11118,BULBUL,2019,JAMMU AND KASHMIR,BARAMULA,0.0,0.0,0.0,3200000000
2019302N11118,BULBUL,2019,JAMMU AND KASHMIR,KATHUA,0.0,0.0,0.0,3200000000
2019302N11118,BULBUL,2019,JAMMU AND KASHMIR,UDHAMPUR,0.0,0.0,0.0,3200000000
2019302N11118,BULBUL,2019,JAMMU AND KASHMIR,BADGAM,0.0,0.0,0.0,3200000000
2019302N11118,BULBUL,2019,JAMMU AND KASHMIR,BANDIPURA,0.0,0.0,0.0,3200000000
2019302N11118,BULBUL,2019,JAMMU AND KASHMIR,GANDERBAL,0.0,0.0,0.0,3200000000
2019302N11118,BULBUL,2019,JAMMU AND KASHMIR,KULGAM,0.0,0.0,0.0,3200000000
2019302N11118,BULBUL,2019,JAMMU AND KASHMIR,KUPWARA,0.0,0.0,0.0,3200000000
2019302N11118,BULBUL,2019,JAMMU AND KASHMIR,PULWAMA,0.0,0.0,0.0,3200000000
2019302N11118,BULBUL,2019,JAMMU AND KASHMIR,RAJAURI,0.0,0.0,0.0,3200000000
2019302N11118,BULBUL,2019,JAMMU AND KASHMIR,RAMBAN,0.0,0.0,0.0,3200000000
2019302N11118,BULBUL,2019,JAMMU AND KASHMIR,RIASI,0.0,0.0,0.0,3200000000
2019302N11118,BULBUL,2019,JAMMU AND KASHMIR,SHUPIYAN,0.0,0.0,0.0,3200000000
2019302N11118,BULBUL,2019,JAMMU AND KASHMIR,SRINAGAR,0.0,0.0,0.0,3200000000
2019302N11118,BULBUL,2019,JAMMU AND KASHMIR,KISHTWAR,0.0,0.0,0.0,3200000000
2019302N11118,BULBUL,2019,JAMMU AND KASHMIR,DODA,0.0,0.0,0.0,3200000000
2019302N11118,BULBUL,2019,JAMMU AND KASHMIR,SAMBA,0.0,0.0,0.0,3200000000
2019302N11118,BULBUL,2019,JAMMU AND KASHMIR,JAMMU,0.0,0.0,0.0,3200000000
2019302N11118,BULBUL,2019,,NONE,0.0,0.0,0.0,3200000000
2019302N11118,BULBUL,2019,JHARKHAND,GARHWA,0.0,0.0,0.0,3200000000
2019302N11118,BULBUL,2019,JHARKHAND,CHATRA,0.0,0.0,0.0,3200000000
2019302N11118,BULBUL,2019,JHARKHAND,KODERMA,0.0,0.0,0.0,3200000000
2019302N11118,BULBUL,2019,JHARKHAND,GIRIDIH,0.0,0.0,0.0,3200000000
2019302N11118,BULBUL,2019,JHARKHAND,DEOGHAR,0.0,0.0,0.0,3200000000
2019302N11118,BULBUL,2019,JHARKHAND,GODDA,0.0,0.0,0.0,3200000000
2019302N11118,BULBUL,2019,JHARKHAND,SAHIBGANJ,0.0,0.0,0.0,3200000000
2019302N11118,BULBUL,2019,JHARKHAND,PAKUR,0.0,0.0,0.0,3200000000
2019302N11118,BULBUL,2019,JHARKHAND,DHANBAD,0.0,0.0,0.0,3200000000
2019302N11118,BULBUL,2019,JHARKHAND,BOKARO,0.0,0.0,0.0,3200000000
2019302N11118,BULBUL,2019,JHARKHAND,LOHARDAGA,0.0,0.0,0.0,3200000000
2019302N11118,BULBUL,2019,JHARKHAND,EAST SINGHBHUM,0.0,0.0,0.0,3200000000
2019302N11118,BULBUL,2019,JHARKHAND,PALAMU,0.0,0.0,0.0,3200000000
2019302N11118,BULBUL,2019,JHARKHAND,LATEHAR,0.0,0.0,0.0,3200000000
2019302N11118,BULBUL,2019,JHARKHAND,HAZARIBAGH,0.0,0.0,0.0,3200000000
2019302N11118,BULBUL,2019,JHARKHAND,RAMGARH,0.0,0.0,0.0,3200000000
2019302N11118,BULBUL,2019,JHARKHAND,DUMKA,0.0,0.0,0.0,3200000000
2019302N11118,BULBUL,2019,JHARKHAND,JAMTARA,0.0,0.0,0.0,3200000000
2019302N11118,BULBUL,2019,JHARKHAND,RANCHI,0.0,0.0,0.0,3200000000
2019302N11118,BULBUL,2019,JHARKHAND,KHUNTI,0.0,0.0,0.0,3200000000
2019302N11118,BULBUL,2019,JHARKHAND,GUMLA,0.0,0.0,0.0,3200000000
2019302N11118,BULBUL,2019,JHARKHAND,SIMDEGA,0.0,0.0,0.0,3200000000
2019302N11118,BULBUL,2019,JHARKHAND,WEST SINGHBHUM,0.0,0.0,0.0,3200000000
2019302N11118,BULBUL,2019,JHARKHAND,SARAIKELA-KHARSAWAN,0.0,0.0,0.0,3200000000
2019302N11118,BULBUL,2019,KARNATAKA,B,0.0,0.0,0.0,3200000000
2019302N11118,BULBUL,2019,KARNATAKA,BENGAL#RU (RURAL),0.0,0.0,0.0,3200000000
2019302N11118,BULBUL,2019,KARNATAKA,BELAG,0.0,0.0,0.0,3200000000
2019302N11118,BULBUL,2019,KARNATAKA,CHIKKAMAGAL#RU,0.0,0.0,0.0,3200000000
2019302N11118,BULBUL,2019,KARNATAKA,BALL,0.0,0.0,0.0,3200000000
2019302N11118,BULBUL,2019,KARNATAKA,CH,0.0,0.0,0.0,3200000000
2019302N11118,BULBUL,2019,KARNATAKA,CHITRADURGA,0.0,0.0,0.0,3200000000
2019302N11118,BULBUL,2019,KARNATAKA,KOPPAL,0.0,0.0,0.0,3200000000
2019302N11118,BULBUL,2019,KARNATAKA,VIJAYANAGARA,0.0,0.0,0.0,3200000000
2019302N11118,BULBUL,2019,KARNATAKA,RAICH#R,0.0,0.0,0.0,3200000000
2019302N11118,BULBUL,2019,KARNATAKA,CHIKKABALL,0.0,0.0,0.0,3200000000
2019302N11118,BULBUL,2019,KARNATAKA,D,0.0,0.0,0.0,3200000000
2019302N11118,BULBUL,2019,KARNATAKA,DH,0.0,0.0,0.0,3200000000
2019302N11118,BULBUL,2019,KARNATAKA,GADAG,0.0,0.0,0.0,3200000000
2019302N11118,BULBUL,2019,KARNATAKA,H,0.0,0.0,0.0,3200000000
2019302N11118,BULBUL,2019,KARNATAKA,KALABURAGI,0.0,0.0,0.0,3200000000
2019302N11118,BULBUL,2019,KARNATAKA,BENGAL#RU (URBAN),0.0,0.0,0.0,3200000000
2019302N11118,BULBUL,2019,KARNATAKA,KOL,0.0,0.0,0.0,3200000000
2019302N11118,BULBUL,2019,KARNATAKA,MANDYA,0.0,0.0,0.0,3200000000
2019302N11118,BULBUL,2019,KARNATAKA,MYS#RU,0.0,0.0,0.0,3200000000
2019302N11118,BULBUL,2019,KARNATAKA,SHIVAMOGGA,0.0,0.0,0.0,3200000000
2019302N11118,BULBUL,2019,KARNATAKA,DAKSHINA KANNADA,0.0,0.0,0.0,3200000000
2019302N11118,BULBUL,2019,KARNATAKA,UTTARA KANNADA,0.0,0.0,0.0,3200000000
2019302N11118,BULBUL,2019,KARNATAKA,VIJAYAPURA,0.0,0.0,0.0,3200000000
2019302N11118,BULBUL,2019,KARNATAKA,Y,0.0,0.0,0.0,3200000000
2019302N11118,BULBUL,2019,KARNATAKA,R,0.0,0.0,0.0,3200000000
2019302N11118,BULBUL,2019,KERALA,PALAKKAD,0.0,0.0,0.0,3200000000
2019302N11118,BULBUL,2019,KERALA,ALAPPUZHA,0.0,0.0,0.0,3200000000
2019302N11118,BULBUL,2019,KERALA,KOTTAYAM,0.0,0.0,0.0,3200000000
2019302N11118,BULBUL,2019,KERALA,KOLLAM,0.0,0.0,0.0,3200000000
2019302N11118,BULBUL,2019,KERALA,KOZHIKODE,0.0,0.0,0.0,3200000000
2019302N11118,BULBUL,2019,KERALA,KASARAGOD,0.0,0.0,0.0,3200000000
2019302N11118,BULBUL,2019,KERALA,MALAPPURAM,0.0,0.0,0.0,3200000000
2019302N11118,BULBUL,2019,KERALA,WAYANAD,0.0,0.0,0.0,3200000000
2019302N11118,BULBUL,2019,KERALA,PATHANAMTHITTA,0.0,0.0,0.0,3200000000
2019302N11118,BULBUL,2019,KERALA,IDUKKI,0.0,0.0,0.0,3200000000
2019302N11118,BULBUL,2019,KERALA,THRISSUR,0.0,0.0,0.0,3200000000
2019302N11118,BULBUL,2019,KERALA,ERNAKULAM,0.0,0.0,0.0,3200000000
2019302N11118,BULBUL,2019,KERALA,THIRUVANANTHAPURAM,0.0,0.0,0.0,3200000000
2019302N11118,BULBUL,2019,KERALA,KANNUR,0.0,0.0,0.0,3200000000
2019302N11118,BULBUL,2019,LADAKH,LEH,0.0,0.0,0.0,3200000000
2019302N11118,BULBUL,2019,LADAKH,KARGIL,0.0,0.0,0.0,3200000000
2019302N11118,BULBUL,2019,MADHYA PRADESH,AGAR MALWA,0.0,0.0,0.0,3200000000
2019302N11118,BULBUL,2019,MADHYA PRADESH,ALIRAJPUR,0.0,0.0,0.0,3200000000
2019302N11118,BULBUL,2019,MADHYA PRADESH,ANUPPUR,0.0,0.0,0.0,3200000000
2019302N11118,BULBUL,2019,MADHYA PRADESH,ASHOKNAGAR,0.0,0.0,0.0,3200000000
2019302N11118,BULBUL,2019,MADHYA PRADESH,BALAGHAT,0.0,0.0,0.0,3200000000
2019302N11118,BULBUL,2019,MADHYA PRADESH,BARWANI,0.0,0.0,0.0,3200000000
2019302N11118,BULBUL,2019,MADHYA PRADESH,BETUL,0.0,0.0,0.0,3200000000
2019302N11118,BULBUL,2019,MADHYA PRADESH,BHIND,0.0,0.0,0.0,3200000000
2019302N11118,BULBUL,2019,MADHYA PRADESH,BHOPAL,0.0,0.0,0.0,3200000000
2019302N11118,BULBUL,2019,MADHYA PRADESH,BURHANPUR,0.0,0.0,0.0,3200000000
2019302N11118,BULBUL,2019,MADHYA PRADESH,CHHATARPUR,0.0,0.0,0.0,3200000000
2019302N11118,BULBUL,2019,MADHYA PRADESH,CHHINDWARA,0.0,0.0,0.0,3200000000
2019302N11118,BULBUL,2019,MADHYA PRADESH,DAMOH,0.0,0.0,0.0,3200000000
2019302N11118,BULBUL,2019,MADHYA PRADESH,DEWAS,0.0,0.0,0.0,3200000000
2019302N11118,BULBUL,2019,MADHYA PRADESH,DHAR,0.0,0.0,0.0,3200000000
2019302N11118,BULBUL,2019,MADHYA PRADESH,DINDORI,0.0,0.0,0.0,3200000000
2019302N11118,BULBUL,2019,MADHYA PRADESH,GUNA,0.0,0.0,0.0,3200000000
2019302N11118,BULBUL,2019,MADHYA PRADESH,GWALIOR,0.0,0.0,0.0,3200000000
2019302N11118,BULBUL,2019,MADHYA PRADESH,HARDA,0.0,0.0,0.0,3200000000
2019302N11118,BULBUL,2019,MADHYA PRADESH,INDORE,0.0,0.0,0.0,3200000000
2019302N11118,BULBUL,2019,MADHYA PRADESH,JABALPUR,0.0,0.0,0.0,3200000000
2019302N11118,BULBUL,2019,MADHYA PRADESH,JHABUA,0.0,0.0,0.0,3200000000
2019302N11118,BULBUL,2019,MADHYA PRADESH,KATNI,0.0,0.0,0.0,3200000000
2019302N11118,BULBUL,2019,MADHYA PRADESH,KHANDWA,0.0,0.0,0.0,3200000000
2019302N11118,BULBUL,2019,MADHYA PRADESH,KHARGONE,0.0,0.0,0.0,3200000000
2019302N11118,BULBUL,2019,MADHYA PRADESH,MAIHAR,0.0,0.0,0.0,3200000000
2019302N11118,BULBUL,2019,MADHYA PRADESH,MANDLA,0.0,0.0,0.0,3200000000
2019302N11118,BULBUL,2019,MADHYA PRADESH,MANDSAUR,0.0,0.0,0.0,3200000000
2019302N11118,BULBUL,2019,MADHYA PRADESH,MAUGANJ,0.0,0.0,0.0,3200000000
2019302N11118,BULBUL,2019,MADHYA PRADESH,MORENA,0.0,0.0,0.0,3200000000
2019302N11118,BULBUL,2019,MADHYA PRADESH,NARMADAPURAM,0.0,0.0,0.0,3200000000
2019302N11118,BULBUL,2019,MADHYA PRADESH,NARSINGHPUR,0.0,0.0,0.0,3200000000
2019302N11118,BULBUL,2019,MADHYA PRADESH,NEEMUCH,0.0,0.0,0.0,3200000000
2019302N11118,BULBUL,2019,MADHYA PRADESH,NIWARI,0.0,0.0,0.0,3200000000
2019302N11118,BULBUL,2019,MADHYA PRADESH,PANDHURNA,0.0,0.0,0.0,3200000000
2019302N11118,BULBUL,2019,MADHYA PRADESH,PANNA,0.0,0.0,0.0,3200000000
2019302N11118,BULBUL,2019,MADHYA PRADESH,RAISEN,0.0,0.0,0.0,3200000000
2019302N11118,BULBUL,2019,MADHYA PRADESH,RAJGARH,0.0,0.0,0.0,3200000000
2019302N11118,BULBUL,2019,MADHYA PRADESH,RATLAM,0.0,0.0,0.0,3200000000
2019302N11118,BULBUL,2019,MADHYA PRADESH,REWA,0.0,0.0,0.0,3200000000
2019302N11118,BULBUL,2019,MADHYA PRADESH,SAGAR,0.0,0.0,0.0,3200000000
2019302N11118,BULBUL,2019,MADHYA PRADESH,SATNA,0.0,0.0,0.0,3200000000
2019302N11118,BULBUL,2019,MADHYA PRADESH,SEHORE,0.0,0.0,0.0,3200000000
2019302N11118,BULBUL,2019,MADHYA PRADESH,SEONI,0.0,0.0,0.0,3200000000
2019302N11118,BULBUL,2019,MADHYA PRADESH,SHAHDOL,0.0,0.0,0.0,3200000000
2019302N11118,BULBUL,2019,MADHYA PRADESH,SHAJAPUR,0.0,0.0,0.0,3200000000
2019302N11118,BULBUL,2019,MADHYA PRADESH,SHEOPUR,0.0,0.0,0.0,3200000000
2019302N11118,BULBUL,2019,MADHYA PRADESH,SHIVPURI,0.0,0.0,0.0,3200000000
2019302N11118,BULBUL,2019,MADHYA PRADESH,SINGRAULI,0.0,0.0,0.0,3200000000
2019302N11118,BULBUL,2019,MADHYA PRADESH,TIKAMGARH,0.0,0.0,0.0,3200000000
2019302N11118,BULBUL,2019,MADHYA PRADESH,UJJAIN,0.0,0.0,0.0,3200000000
2019302N11118,BULBUL,2019,MADHYA PRADESH,UMARIA,0.0,0.0,0.0,3200000000
2019302N11118,BULBUL,2019,MADHYA PRADESH,VIDISHA,0.0,0.0,0.0,3200000000
2019302N11118,BULBUL,2019,MAHARASHTRA,AHMEDNAGAR,0.0,0.0,0.0,3200000000
2019302N11118,BULBUL,2019,MAHARASHTRA,BEED,0.0,0.0,0.0,3200000000
2019302N11118,BULBUL,2019,MAHARASHTRA,BHANDARA,0.0,0.0,0.0,3200000000
2019302N11118,BULBUL,2019,MAHARASHTRA,CHANDRAPUR,0.0,0.0,0.0,3200000000
2019302N11118,BULBUL,2019,MAHARASHTRA,DHULE,0.0,0.0,0.0,3200000000
2019302N11118,BULBUL,2019,MAHARASHTRA,GADCHIROLI,0.0,0.0,0.0,3200000000
2019302N11118,BULBUL,2019,MAHARASHTRA,GONDIA,0.0,0.0,0.0,3200000000
2019302N11118,BULBUL,2019,MAHARASHTRA,HINGOLI,0.0,0.0,0.0,3200000000
2019302N11118,BULBUL,2019,MAHARASHTRA,JALGAON,0.0,0.0,0.0,3200000000
2019302N11118,BULBUL,2019,MAHARASHTRA,KOLHAPUR,0.0,0.0,0.0,3200000000
2019302N11118,BULBUL,2019,MAHARASHTRA,LATUR,0.0,0.0,0.0,3200000000
2019302N11118,BULBUL,2019,MAHARASHTRA,MUMBAI,0.0,0.0,0.0,3200000000
2019302N11118,BULBUL,2019,MAHARASHTRA,NAGPUR,0.0,0.0,0.0,3200000000
2019302N11118,BULBUL,2019,MAHARASHTRA,NANDED,0.0,0.0,0.0,3200000000
2019302N11118,BULBUL,2019,MAHARASHTRA,NASHIK,0.0,0.0,0.0,3200000000
2019302N11118,BULBUL,2019,MAHARASHTRA,NANDURBAR,0.0,0.0,0.0,3200000000
2019302N11118,BULBUL,2019,MAHARASHTRA,PALGHAR,0.0,0.0,0.0,3200000000
2019302N11118,BULBUL,2019,MAHARASHTRA,PUNE,0.0,0.0,0.0,3200000000
2019302N11118,BULBUL,2019,MAHARASHTRA,RATNAGIRI,0.0,0.0,0.0,3200000000
2019302N11118,BULBUL,2019,MAHARASHTRA,SANGLI,0.0,0.0,0.0,3200000000
2019302N11118,BULBUL,2019,MAHARASHTRA,SATARA,0.0,0.0,0.0,3200000000
2019302N11118,BULBUL,2019,MAHARASHTRA,SINDHUDURG,0.0,0.0,0.0,3200000000
2019302N11118,BULBUL,2019,MAHARASHTRA,SOLAPUR,0.0,0.0,0.0,3200000000
2019302N11118,BULBUL,2019,MAHARASHTRA,MUMBAI SUBURBAN,0.0,0.0,0.0,3200000000
2019302N11118,BULBUL,2019,MAHARASHTRA,THANE,0.0,0.0,0.0,3200000000
2019302N11118,BULBUL,2019,MAHARASHTRA,DHARASHIV,0.0,0.0,0.0,3200000000
2019302N11118,BULBUL,2019,MAHARASHTRA,WASHIM,0.0,0.0,0.0,3200000000
2019302N11118,BULBUL,2019,MAHARASHTRA,WARDHA,0.0,0.0,0.0,3200000000
2019302N11118,BULBUL,2019,MAHARASHTRA,YAVATMAL,0.0,0.0,0.0,3200000000
2019302N11118,BULBUL,2019,MAHARASHTRA,AKOLA,0.0,0.0,0.0,3200000000
2019302N11118,BULBUL,2019,MAHARASHTRA,AMRAVATI,0.0,0.0,0.0,3200000000
2019302N11118,BULBUL,2019,MAHARASHTRA,BULDHANA,0.0,0.0,0.0,3200000000
2019302N11118,BULBUL,2019,MAHARASHTRA,PARBHANI,0.0,0.0,0.0,3200000000
2019302N11118,BULBUL,2019,MAHARASHTRA,JALNA,0.0,0.0,0.0,3200000000
2019302N11118,BULBUL,2019,MAHARASHTRA,CHHATRAPATI SAMBHAJINAGAR,0.0,0.0,0.0,3200000000
2019302N11118,BULBUL,2019,MANIPUR,BISHNUPUR,0.0,0.0,0.0,3200000000
2019302N11118,BULBUL,2019,MANIPUR,CHANDEL,0.0,0.0,0.0,3200000000
2019302N11118,BULBUL,2019,MANIPUR,CHURACHANDPUR,0.0,0.0,0.0,3200000000
2019302N11118,BULBUL,2019,MANIPUR,IMPHAL EAST,0.0,0.0,0.0,3200000000
2019302N11118,BULBUL,2019,MANIPUR,IMPHAL WEST,0.0,0.0,0.0,3200000000
2019302N11118,BULBUL,2019,MANIPUR,JIRIBAM,0.0,0.0,0.0,3200000000
2019302N11118,BULBUL,2019,MANIPUR,KAKCHING,0.0,0.0,0.0,3200000000
2019302N11118,BULBUL,2019,MANIPUR,KAMJANG,0.0,0.0,0.0,3200000000
2019302N11118,BULBUL,2019,MANIPUR,KANGPOKPI,0.0,0.0,0.0,3200000000
2019302N11118,BULBUL,2019,MANIPUR,NONEY,0.0,0.0,0.0,3200000000
2019302N11118,BULBUL,2019,MANIPUR,PHERZAWL,0.0,0.0,0.0,3200000000
2019302N11118,BULBUL,2019,MANIPUR,SENAPATI,0.0,0.0,0.0,3200000000
2019302N11118,BULBUL,2019,MANIPUR,TAMENGLONG,0.0,0.0,0.0,3200000000
2019302N11118,BULBUL,2019,MANIPUR,TENGNOUPAL,0.0,0.0,0.0,3200000000
2019302N11118,BULBUL,2019,MANIPUR,THOUBAL,0.0,0.0,0.0,3200000000
2019302N11118,BULBUL,2019,MANIPUR,UKHRUL,0.0,0.0,0.0,3200000000
2019302N11118,BULBUL,2019,MEGHALAYA,EAST G>RO HILLS,0.0,0.0,0.0,3200000000
2019302N11118,BULBUL,2019,MEGHALAYA,EAST JAINTIA HILLS,0.0,0.0,0.0,3200000000
2019302N11118,BULBUL,2019,MEGHALAYA,EAST KH>SI HILLS,0.0,0.0,0.0,3200000000
2019302N11118,BULBUL,2019,MEGHALAYA,NORTH G>RO HILLS,0.0,0.0,0.0,3200000000
2019302N11118,BULBUL,2019,MEGHALAYA,RI-BHOI,0.0,0.0,0.0,3200000000
2019302N11118,BULBUL,2019,MEGHALAYA,SOUTH G>RO HILLS,0.0,0.0,0.0,3200000000
2019302N11118,BULBUL,2019,MEGHALAYA,SOUTH WEST G>RO HILLS,0.0,0.0,0.0,3200000000
2019302N11118,BULBUL,2019,MEGHALAYA,WEST G>RO HILLS,0.0,0.0,0.0,3200000000
2019302N11118,BULBUL,2019,MEGHALAYA,WEST JAINTIA HILLS,0.0,0.0,0.0,3200000000
2019302N11118,BULBUL,2019,MEGHALAYA,SOUTH WEST KH>SI HILLS,0.0,0.0,0.0,3200000000
2019302N11118,BULBUL,2019,MEGHALAYA,EASTERN WEST KHASI HILLS,0.0,0.0,0.0,3200000000
2019302N11118,BULBUL,2019,MEGHALAYA,WEST KHASI HILLS,0.0,0.0,0.0,3200000000
2019302N11118,BULBUL,2019,MIZORAM,CHAMPHAI,0.0,0.0,0.0,3200000000
2019302N11118,BULBUL,2019,MIZORAM,HNAHTHIAL,0.0,0.0,0.0,3200000000
2019302N11118,BULBUL,2019,MIZORAM,SERCHHIP,0.0,0.0,0.0,3200000000
2019302N11118,BULBUL,2019,MIZORAM,LUNGLEI,0.0,0.0,0.0,3200000000
2019302N11118,BULBUL,2019,MIZORAM,MAMIT,0.0,0.0,0.0,3200000000
2019302N11118,BULBUL,2019,MIZORAM,KOLASIB,0.0,0.0,0.0,3200000000
2019302N11118,BULBUL,2019,MIZORAM,AIZAWL,0.0,0.0,0.0,3200000000
2019302N11118,BULBUL,2019,MIZORAM,SAIHA,0.0,0.0,0.0,3200000000
2019302N11118,BULBUL,2019,MIZORAM,SAITUAL,0.0,0.0,0.0,3200000000
2019302N11118,BULBUL,2019,MIZORAM,LAWNGTLAI,0.0,0.0,0.0,3200000000
2019302N11118,BULBUL,2019,NAGALAND,LONGLENG,0.0,0.0,0.0,3200000000
2019302N11118,BULBUL,2019,NAGALAND,TUENSANG,0.0,0.0,0.0,3200000000
2019302N11118,BULBUL,2019,NAGALAND,SHAMATOR,0.0,0.0,0.0,3200000000
2019302N11118,BULBUL,2019,NAGALAND,DIMAPUR,0.0,0.0,0.0,3200000000
2019302N11118,BULBUL,2019,NAGALAND,CHUMOUKEDIMA,0.0,0.0,0.0,3200000000
2019302N11118,BULBUL,2019,NAGALAND,NIULAND,0.0,0.0,0.0,3200000000
2019302N11118,BULBUL,2019,NAGALAND,PEREN,0.0,0.0,0.0,3200000000
2019302N11118,BULBUL,2019,NAGALAND,KOHIMA,0.0,0.0,0.0,3200000000
2019302N11118,BULBUL,2019,NAGALAND,MON,0.0,0.0,0.0,3200000000
2019302N11118,BULBUL,2019,NAGALAND,KIPHIRE,0.0,0.0,0.0,3200000000
2019302N11118,BULBUL,2019,NAGALAND,PHEK,0.0,0.0,0.0,3200000000
2019302N11118,BULBUL,2019,NAGALAND,MOKOKCHUNG,0.0,0.0,0.0,3200000000
2019302N11118,BULBUL,2019,NAGALAND,ZUNHEBOTO,0.0,0.0,0.0,3200000000
2019302N11118,BULBUL,2019,NAGALAND,WOKHA,0.0,0.0,0.0,3200000000
2019302N11118,BULBUL,2019,NAGALAND,TSEMINYU,0.0,0.0,0.0,3200000000
2019302N11118,BULBUL,2019,NAGALAND,NOKLAK,0.0,0.0,0.0,3200000000
2019302N11118,BULBUL,2019,PUDUCHERRY,KARAIKAL,0.0,0.0,0.0,3200000000
2019302N11118,BULBUL,2019,PUDUCHERRY,MAHE,0.0,0.0,0.0,3200000000
2019302N11118,BULBUL,2019,PUDUCHERRY,PUDUCHERRY,0.0,0.0,0.0,3200000000
2019302N11118,BULBUL,2019,PUNJAB,FIROZPUR,0.0,0.0,0.0,3200000000
2019302N11118,BULBUL,2019,PUNJAB,LUDHIANA,0.0,0.0,0.0,3200000000
2019302N11118,BULBUL,2019,PUNJAB,RUPNAGAR,0.0,0.0,0.0,3200000000
2019302N11118,BULBUL,2019,PUNJAB,MANSA,0.0,0.0,0.0,3200000000
2019302N11118,BULBUL,2019,PUNJAB,SRI MUKTSAR SAHIB,0.0,0.0,0.0,3200000000
2019302N11118,BULBUL,2019,PUNJAB,SAS NAGAR (SAHIBZADA AJIT SINGH NAGAR),0.0,0.0,0.0,3200000000
2019302N11118,BULBUL,2019,PUNJAB,JALANDHAR,0.0,0.0,0.0,3200000000
2019302N11118,BULBUL,2019,PUNJAB,PATHANKOT,0.0,0.0,0.0,3200000000
2019302N11118,BULBUL,2019,PUNJAB,FARIDKOT,0.0,0.0,0.0,3200000000
2019302N11118,BULBUL,2019,PUNJAB,MOGA,0.0,0.0,0.0,3200000000
2019302N11118,BULBUL,2019,PUNJAB,HOSHIARPUR,0.0,0.0,0.0,3200000000
2019302N11118,BULBUL,2019,PUNJAB,BATHINDA,0.0,0.0,0.0,3200000000
2019302N11118,BULBUL,2019,PUNJAB,TARN TARAN,0.0,0.0,0.0,3200000000
2019302N11118,BULBUL,2019,PUNJAB,FAZILKA,0.0,0.0,0.0,3200000000
2019302N11118,BULBUL,2019,PUNJAB,PATIALA,0.0,0.0,0.0,3200000000
2019302N11118,BULBUL,2019,PUNJAB,SHAHID BHAGAT SINGH NAGAR,0.0,0.0,0.0,3200000000
2019302N11118,BULBUL,2019,PUNJAB,BARNALA,0.0,0.0,0.0,3200000000
2019302N11118,BULBUL,2019,PUNJAB,GURDASPUR,0.0,0.0,0.0,3200000000
2019302N11118,BULBUL,2019,PUNJAB,KAPURTHALA,0.0,0.0,0.0,3200000000
2019302N11118,BULBUL,2019,PUNJAB,FATEHGARH SAHIB,0.0,0.0,0.0,3200000000
2019302N11118,BULBUL,2019,PUNJAB,AMRITSAR,0.0,0.0,0.0,3200000000
2019302N11118,BULBUL,2019,PUNJAB,MALER KOTLA,0.0,0.0,0.0,3200000000
2019302N11118,BULBUL,2019,PUNJAB,SANGRUR,0.0,0.0,0.0,3200000000
2019302N11118,BULBUL,2019,RAJASTHAN,AJMER,0.0,0.0,0.0,3200000000
2019302N11118,BULBUL,2019,RAJASTHAN,ALWAR,0.0,0.0,0.0,3200000000
2019302N11118,BULBUL,2019,RAJASTHAN,ANOOPGARH,0.0,0.0,0.0,3200000000
2019302N11118,BULBUL,2019,RAJASTHAN,BALOTRA,0.0,0.0,0.0,3200000000
2019302N11118,BULBUL,2019,RAJASTHAN,BANSWARA,0.0,0.0,0.0,3200000000
2019302N11118,BULBUL,2019,RAJASTHAN,BARAN,0.0,0.0,0.0,3200000000
2019302N11118,BULBUL,2019,RAJASTHAN,BARMER,0.0,0.0,0.0,3200000000
2019302N11118,BULBUL,2019,RAJASTHAN,BEAWAR,0.0,0.0,0.0,3200000000
2019302N11118,BULBUL,2019,RAJASTHAN,BHARATPUR,0.0,0.0,0.0,3200000000
2019302N11118,BULBUL,2019,RAJASTHAN,BHILWARA,0.0,0.0,0.0,3200000000
2019302N11118,BULBUL,2019,RAJASTHAN,BIKANER,0.0,0.0,0.0,3200000000
2019302N11118,BULBUL,2019,RAJASTHAN,BUNDI,0.0,0.0,0.0,3200000000
2019302N11118,BULBUL,2019,RAJASTHAN,CHITTAURGARH,0.0,0.0,0.0,3200000000
2019302N11118,BULBUL,2019,RAJASTHAN,CHURU,0.0,0.0,0.0,3200000000
2019302N11118,BULBUL,2019,RAJASTHAN,DAUSA,0.0,0.0,0.0,3200000000
2019302N11118,BULBUL,2019,RAJASTHAN,DEEG,0.0,0.0,0.0,3200000000
2019302N11118,BULBUL,2019,RAJASTHAN,DHAULPUR,0.0,0.0,0.0,3200000000
2019302N11118,BULBUL,2019,RAJASTHAN,DIDWANA-KUCHAMAN,0.0,0.0,0.0,3200000000
2019302N11118,BULBUL,2019,RAJASTHAN,DUDU,0.0,0.0,0.0,3200000000
2019302N11118,BULBUL,2019,RAJASTHAN,DUNGARPUR,0.0,0.0,0.0,3200000000
2019302N11118,BULBUL,2019,RAJASTHAN,GANGANAGAR,0.0,0.0,0.0,3200000000
2019302N11118,BULBUL,2019,RAJASTHAN,GANGAPURCITY,0.0,0.0,0.0,3200000000
2019302N11118,BULBUL,2019,RAJASTHAN,HANUMANGARH,0.0,0.0,0.0,3200000000
2019302N11118,BULBUL,2019,RAJASTHAN,JAIPUR,0.0,0.0,0.0,3200000000
2019302N11118,BULBUL,2019,RAJASTHAN,JAIPUR(GRAMIN),0.0,0.0,0.0,3200000000
2019302N11118,BULBUL,2019,RAJASTHAN,JAISALMER,0.0,0.0,0.0,3200000000
2019302N11118,BULBUL,2019,RAJASTHAN,JALOR,0.0,0.0,0.0,3200000000
2019302N11118,BULBUL,2019,RAJASTHAN,JHALAWAR,0.0,0.0,0.0,3200000000
2019302N11118,BULBUL,2019,RAJASTHAN,JHUNJHUNUN,0.0,0.0,0.0,3200000000
2019302N11118,BULBUL,2019,RAJASTHAN,JODHPUR,0.0,0.0,0.0,3200000000
2019302N11118,BULBUL,2019,RAJASTHAN,JODHPUR GRAMIN,0.0,0.0,0.0,3200000000
2019302N11118,BULBUL,2019,RAJASTHAN,KARAULI,0.0,0.0,0.0,3200000000
2019302N11118,BULBUL,2019,RAJASTHAN,KEKRI,0.0,0.0,0.0,3200000000
2019302N11118,BULBUL,2019,RAJASTHAN,KHAIRTHAL-TIJARA,0.0,0.0,0.0,3200000000
2019302N11118,BULBUL,2019,RAJASTHAN,KOTA,0.0,0.0,0.0,3200000000
2019302N11118,BULBUL,2019,RAJASTHAN,KOTPUTLI-BEHROR,0.0,0.0,0.0,3200000000
2019302N11118,BULBUL,2019,RAJASTHAN,NAGAUR,0.0,0.0,0.0,3200000000
2019302N11118,BULBUL,2019,RAJASTHAN,NEEM-KA-THANA,0.0,0.0,0.0,3200000000
2019302N11118,BULBUL,2019,RAJASTHAN,PALI,0.0,0.0,0.0,3200000000
2019302N11118,BULBUL,2019,RAJASTHAN,PHALODI,0.0,0.0,0.0,3200000000
2019302N11118,BULBUL,2019,RAJASTHAN,PRATAPGARH,0.0,0.0,0.0,3200000000
2019302N11118,BULBUL,2019,RAJASTHAN,RAJSAMAND,0.0,0.0,0.0,3200000000
2019302N11118,BULBUL,2019,RAJASTHAN,SALUMBAR,0.0,0.0,0.0,3200000000
2019302N11118,BULBUL,2019,RAJASTHAN,SANCHORE,0.0,0.0,0.0,3200000000
2019302N11118,BULBUL,2019,RAJASTHAN,SAWAI MADHOPUR,0.0,0.0,0.0,3200000000
2019302N11118,BULBUL,2019,RAJASTHAN,SHAHPURA,0.0,0.0,0.0,3200000000
2019302N11118,BULBUL,2019,RAJASTHAN,SIKAR,0.0,0.0,0.0,3200000000
2019302N11118,BULBUL,2019,RAJASTHAN,SIROHI,0.0,0.0,0.0,3200000000
2019302N11118,BULBUL,2019,RAJASTHAN,TONK,0.0,0.0,0.0,3200000000
2019302N11118,BULBUL,2019,RAJASTHAN,UDAIPUR,0.0,0.0,0.0,3200000000
2019302N11118,BULBUL,2019,SIKKIM,GYALSHING,0.0,0.0,0.0,3200000000
2019302N11118,BULBUL,2019,SIKKIM,PAKYONG,0.0,0.0,0.0,3200000000
2019302N11118,BULBUL,2019,SIKKIM,NAMCHI,0.0,0.0,0.0,3200000000
2019302N11118,BULBUL,2019,SIKKIM,MANGAN,0.0,0.0,0.0,3200000000
2019302N11118,BULBUL,2019,SIKKIM,GANGTOK,0.0,0.0,0.0,3200000000
2019302N11118,BULBUL,2019,SIKKIM,SORENG,0.0,0.0,0.0,3200000000
2019302N11118,BULBUL,2019,TAMIL NADU,ARIYALUR,0.0,0.0,0.0,3200000000
2019302N11118,BULBUL,2019,TAMIL NADU,CHENGALPATTU,0.0,0.0,0.0,3200000000
2019302N11118,BULBUL,2019,TAMIL NADU,CHENNAI,0.0,0.0,0.0,3200000000
2019302N11118,BULBUL,2019,TAMIL NADU,COIMBATORE,0.0,0.0,0.0,3200000000
2019302N11118,BULBUL,2019,TAMIL NADU,CUDDALORE,0.0,0.0,0.0,3200000000
2019302N11118,BULBUL,2019,TAMIL NADU,DHARMAPURI,0.0,0.0,0.0,3200000000
2019302N11118,BULBUL,2019,TAMIL NADU,DINDIGUL,0.0,0.0,0.0,3200000000
2019302N11118,BULBUL,2019,TAMIL NADU,ERODE,0.0,0.0,0.0,3200000000
2019302N11118,BULBUL,2019,TAMIL NADU,KALLAKKURICHI,0.0,0.0,0.0,3200000000
2019302N11118,BULBUL,2019,TAMIL NADU,KANCHIPURAM,0.0,0.0,0.0,3200000000
2019302N11118,BULBUL,2019,TAMIL NADU,KANNIYAKUMARI,0.0,0.0,0.0,3200000000
2019302N11118,BULBUL,2019,TAMIL NADU,KARUR,0.0,0.0,0.0,3200000000
2019302N11118,BULBUL,2019,TAMIL NADU,KRISHNAGIRI,0.0,0.0,0.0,3200000000
2019302N11118,BULBUL,2019,TAMIL NADU,MADURAI,0.0,0.0,0.0,3200000000
2019302N11118,BULBUL,2019,TAMIL NADU,MAYILADUTHURAI,0.0,0.0,0.0,3200000000
2019302N11118,BULBUL,2019,TAMIL NADU,NAGAPATTINAM,0.0,0.0,0.0,3200000000
2019302N11118,BULBUL,2019,TAMIL NADU,NAMAKKAL,0.0,0.0,0.0,3200000000
2019302N11118,BULBUL,2019,TAMIL NADU,PERAMBALUR,0.0,0.0,0.0,3200000000
2019302N11118,BULBUL,2019,TAMIL NADU,PUDUKKOTTAI,0.0,0.0,0.0,3200000000
2019302N11118,BULBUL,2019,TAMIL NADU,RAMANATHAPURAM,0.0,0.0,0.0,3200000000
2019302N11118,BULBUL,2019,TAMIL NADU,RANIPET,0.0,0.0,0.0,3200000000
2019302N11118,BULBUL,2019,TAMIL NADU,SALEM,0.0,0.0,0.0,3200000000
2019302N11118,BULBUL,2019,TAMIL NADU,SIVAGANGA,0.0,0.0,0.0,3200000000
2019302N11118,BULBUL,2019,TAMIL NADU,TENKASI,0.0,0.0,0.0,3200000000
2019302N11118,BULBUL,2019,TAMIL NADU,THANJAVUR,0.0,0.0,0.0,3200000000
2019302N11118,BULBUL,2019,TAMIL NADU,THE NILGIRIS,0.0,0.0,0.0,3200000000
2019302N11118,BULBUL,2019,TAMIL NADU,THENI,0.0,0.0,0.0,3200000000
2019302N11118,BULBUL,2019,TAMIL NADU,THIRUVALLUR,0.0,0.0,0.0,3200000000
2019302N11118,BULBUL,2019,TAMIL NADU,THIRUVARUR,0.0,0.0,0.0,3200000000
2019302N11118,BULBUL,2019,TAMIL NADU,THOOTHUKUDI,0.0,0.0,0.0,3200000000
2019302N11118,BULBUL,2019,TAMIL NADU,TIRUCHIRAPPALLI,0.0,0.0,0.0,3200000000
2019302N11118,BULBUL,2019,TAMIL NADU,TIRUNELVELI,0.0,0.0,0.0,3200000000
2019302N11118,BULBUL,2019,TAMIL NADU,TIRUPATHUR,0.0,0.0,0.0,3200000000
2019302N11118,BULBUL,2019,TAMIL NADU,TIRUPPUR,0.0,0.0,0.0,3200000000
2019302N11118,BULBUL,2019,TAMIL NADU,TIRUVANNAMALAI,0.0,0.0,0.0,3200000000
2019302N11118,BULBUL,2019,TAMIL NADU,VELLORE,0.0,0.0,0.0,3200000000
2019302N11118,BULBUL,2019,TAMIL NADU,VILUPPURAM,0.0,0.0,0.0,3200000000
2019302N11118,BULBUL,2019,TAMIL NADU,VIRUDHUNAGAR,0.0,0.0,0.0,3200000000
2019302N11118,BULBUL,2019,TELANGANA,ADILABAD,0.0,0.0,0.0,3200000000
2019302N11118,BULBUL,2019,TELANGANA,BHADRADRI KOTHAGUDEM,0.0,0.0,0.0,3200000000
2019302N11118,BULBUL,2019,TELANGANA,HANUMAKONDA,0.0,0.0,0.0,3200000000
2019302N11118,BULBUL,2019,TELANGANA,HYDERABAD,0.0,0.0,0.0,3200000000
2019302N11118,BULBUL,2019,TELANGANA,JAGTIAL,0.0,0.0,0.0,3200000000
2019302N11118,BULBUL,2019,TELANGANA,JANGOAN,0.0,0.0,0.0,3200000000
2019302N11118,BULBUL,2019,TELANGANA,JAYASHANKAR BHUPALPALLI,0.0,0.0,0.0,3200000000
2019302N11118,BULBUL,2019,TELANGANA,JOGULAMBA GADWAL,0.0,0.0,0.0,3200000000
2019302N11118,BULBUL,2019,TELANGANA,KAMAREDDY,0.0,0.0,0.0,3200000000
2019302N11118,BULBUL,2019,TELANGANA,KARIMNAGAR,0.0,0.0,0.0,3200000000
2019302N11118,BULBUL,2019,TELANGANA,KHAMMAM,0.0,0.0,0.0,3200000000
2019302N11118,BULBUL,2019,TELANGANA,KOMARRAM BHEEM,0.0,0.0,0.0,3200000000
2019302N11118,BULBUL,2019,TELANGANA,MAHABUBABAD,0.0,0.0,0.0,3200000000
2019302N11118,BULBUL,2019,TELANGANA,MAHABUBNAGAR,0.0,0.0,0.0,3200000000
2019302N11118,BULBUL,2019,TELANGANA,MANCHERIAL,0.0,0.0,0.0,3200000000
2019302N11118,BULBUL,2019,TELANGANA,MEDAK,0.0,0.0,0.0,3200000000
2019302N11118,BULBUL,2019,TELANGANA,MEDCHAL_MALKAJGIRI,0.0,0.0,0.0,3200000000
2019302N11118,BULBUL,2019,TELANGANA,MULUGU,0.0,0.0,0.0,3200000000
2019302N11118,BULBUL,2019,TELANGANA,NAGARKURNOOL,0.0,0.0,0.0,3200000000
2019302N11118,BULBUL,2019,TELANGANA,NALGONDA,0.0,0.0,0.0,3200000000
2019302N11118,BULBUL,2019,TELANGANA,NARAYANPET,0.0,0.0,0.0,3200000000
2019302N11118,BULBUL,2019,TELANGANA,NIRMAL,0.0,0.0,0.0,3200000000
2019302N11118,BULBUL,2019,TELANGANA,NIZAMABAD,0.0,0.0,0.0,3200000000
2019302N11118,BULBUL,2019,TELANGANA,PEDDAPALLI,0.0,0.0,0.0,3200000000
2019302N11118,BULBUL,2019,TELANGANA,RAJANNA SIRCILLA,0.0,0.0,0.0,3200000000
2019302N11118,BULBUL,2019,TELANGANA,RANGA REDDY,0.0,0.0,0.0,3200000000
2019302N11118,BULBUL,2019,TELANGANA,SANGAREDDY,0.0,0.0,0.0,3200000000
2019302N11118,BULBUL,2019,TELANGANA,SIDDIPET,0.0,0.0,0.0,3200000000
2019302N11118,BULBUL,2019,TELANGANA,SURIYAPET,0.0,0.0,0.0,3200000000
2019302N11118,BULBUL,2019,TELANGANA,VIKARABAD,0.0,0.0,0.0,3200000000
2019302N11118,BULBUL,2019,TELANGANA,WANPARTI,0.0,0.0,0.0,3200000000
2019302N11118,BULBUL,2019,TELANGANA,WARANGAL,0.0,0.0,0.0,3200000000
2019302N11118,BULBUL,2019,TELANGANA,YADADRI BHUVANAGIRI,0.0,0.0,0.0,3200000000
2019302N11118,BULBUL,2019,TRIPURA,SOUTH TRIPURA,0.0,0.0,0.0,3200000000
2019302N11118,BULBUL,2019,TRIPURA,WEST TRIPURA,0.0,0.0,0.0,3200000000
2019302N11118,BULBUL,2019,TRIPURA,DHALAI,0.0,0.0,0.0,3200000000
2019302N11118,BULBUL,2019,TRIPURA,KHOWAI,0.0,0.0,0.0,3200000000
2019302N11118,BULBUL,2019,TRIPURA,UNAKOTI,0.0,0.0,0.0,3200000000
2019302N11118,BULBUL,2019,TRIPURA,NORTH TRIPURA,0.0,0.0,0.0,3200000000
2019302N11118,BULBUL,2019,TRIPURA,SEPAHIJALA,0.0,0.0,0.0,3200000000
2019302N11118,BULBUL,2019,TRIPURA,GOMTI,0.0,0.0,0.0,3200000000
2019302N11118,BULBUL,2019,UTTARAKHAND,B>GESHWAR,0.0,0.0,0.0,3200000000
2019302N11118,BULBUL,2019,UTTARAKHAND,CHAMP>WAT,0.0,0.0,0.0,3200000000
2019302N11118,BULBUL,2019,UTTARAKHAND,HARIDW>R,0.0,0.0,0.0,3200000000
2019302N11118,BULBUL,2019,UTTARAKHAND,NAINIT>L,0.0,0.0,0.0,3200000000
2019302N11118,BULBUL,2019,UTTARAKHAND,PAURI GARHW>L,0.0,0.0,0.0,3200000000
2019302N11118,BULBUL,2019,UTTARAKHAND,RUDRAPRAY>G,0.0,0.0,0.0,3200000000
2019302N11118,BULBUL,2019,UTTARAKHAND,TEHRI GARHW>L,0.0,0.0,0.0,3200000000
2019302N11118,BULBUL,2019,UTTARAKHAND,UDHAM SINGH NAGAR,0.0,0.0,0.0,3200000000
2019302N11118,BULBUL,2019,UTTARAKHAND,CHAMOLI,0.0,0.0,0.0,3200000000
2019302N11118,BULBUL,2019,UTTARAKHAND,PITHOR>GARH,0.0,0.0,0.0,3200000000
2019302N11118,BULBUL,2019,UTTARAKHAND,UTTARK>SHI,0.0,0.0,0.0,3200000000
2019302N11118,BULBUL,2019,WEST BENGAL,MURSHID>B>D,0.0,0.0,0.0,3200000000
2019302N11118,BULBUL,2019,WEST BENGAL,SOUTH 24PARGANAS,80040938.99450126,0.9519777913753744,3046328932.4011984,3200000000
2019302N11118,BULBUL,2019,WEST BENGAL,PURULIYA,0.0,0.0,0.0,3200000000
2019302N11118,BULBUL,2019,WEST BENGAL,PASCHIM MEDIN|PUR,108822.49117986538,0.0,0.0,3200000000
2019302N11118,BULBUL,2019,WEST BENGAL,PASCHIM BARDDHAM>N,0.0,0.0,0.0,3200000000
2019302N11118,BULBUL,2019,WEST BENGAL,NORTH TWENTY-FOUR PARGANAS,0.0,0.0,0.0,3200000000
2019302N11118,BULBUL,2019,WEST BENGAL,KOCH BIH>R,0.0,0.0,0.0,3200000000
2019302N11118,BULBUL,2019,WEST BENGAL,JHARGRAM,0.0,0.0,0.0,3200000000
2019302N11118,BULBUL,2019,WEST BENGAL,JALP>IGURI,0.0,0.0,0.0,3200000000
2019302N11118,BULBUL,2019,WEST BENGAL,HUGLI,0.0,0.0,0.0,3200000000
2019302N11118,BULBUL,2019,WEST BENGAL,B>NKURA,0.0,0.0,0.0,3200000000
2019302N11118,BULBUL,2019,WEST BENGAL,>L|PUR DU>R,0.0,0.0,0.0,3200000000
2019302N11118,BULBUL,2019,WEST BENGAL,UTTAR DIN>JPUR,0.0,0.0,0.0,3200000000
2019302N11118,BULBUL,2019,WEST BENGAL,PURBA MEDIN|PUR,102556650.61532567,0.0,0.0,3200000000
2019302N11118,BULBUL,2019,WEST BENGAL,PURBA BARDDHAM>N,0.0,0.0,0.0,3200000000
2019302N11118,BULBUL,2019,WEST BENGAL,NADIA,0.0,0.0,0.0,3200000000
2019302N11118,BULBUL,2019,WEST BENGAL,M>LDAH,0.0,0.0,0.0,3200000000
2019302N11118,BULBUL,2019,WEST BENGAL,K>LIMPONG,0.0,0.0,0.0,3200000000
2019302N11118,BULBUL,2019,WEST BENGAL,H>ORA,0.0,0.0,0.0,3200000000
2019302N11118,BULBUL,2019,WEST BENGAL,D>RJILING,0.0,0.0,0.0,3200000000
2019302N11118,BULBUL,2019,WEST BENGAL,DAKSHIN DIN>JPUR,0.0,0.0,0.0,3200000000
2019302N11118,BULBUL,2019,WEST BENGAL,B|RBH@M,0.0,0.0,0.0,3200000000
2019302N11118,BULBUL,2019,WEST BENGAL,P@RBA MEDIN|PUR,0.0,0.0,0.0,3200000000
2019302N11118,BULBUL,2019,KARNATAKA,UDUPI,0.0,0.0,0.0,3200000000
2019302N11118,BULBUL,2019,ODISHA,KENDRAPARA,27811937.70292649,0.0267326825690104,85544584.22083344,3200000000
2019302N11118,BULBUL,2019,ODISHA,BHADRAK,6300886.55865308,0.0212895260556149,68126483.37796792,3200000000
2019302N11118,BULBUL,2019,ODISHA,BARGARH,0.0,0.0,0.0,3200000000
2019302N11118,BULBUL,2019,ODISHA,KEONJHAR (KENDUJHAR),0.0,0.0,0.0,3200000000
2019302N11118,BULBUL,2019,ODISHA,ANUGUL,0.0,0.0,0.0,3200000000
2019302N11118,BULBUL,2019,ODISHA,BALANGIR,0.0,0.0,0.0,3200000000
2019302N11118,BULBUL,2019,ODISHA,BALASORE,6573120.425971271,0.0,0.0,3200000000
2019302N11118,BULBUL,2019,ODISHA,DHENKANAL,0.0,0.0,0.0,3200000000
2019302N11118,BULBUL,2019,ODISHA,JHARSUGUDA,0.0,0.0,0.0,3200000000
2019302N11118,BULBUL,2019,ODISHA,MAYURBHANJ,0.0,0.0,0.0,3200000000
2019302N11118,BULBUL,2019,ODISHA,JAGATSINGHPUR,42205247.91824605,0.0,0.0,3200000000
2019302N11118,BULBUL,2019,ODISHA,KANDHAMAL,0.0,0.0,0.0,3200000000
2019302N11118,BULBUL,2019,ODISHA,CUTTACK,0.0,0.0,0.0,3200000000
2019302N11118,BULBUL,2019,ODISHA,KORAPUT,0.0,0.0,0.0,3200000000
2019302N11118,BULBUL,2019,ODISHA,NABARANGAPUR,0.0,0.0,0.0,3200000000
2019302N11118,BULBUL,2019,ODISHA,PURI,106548.60162642252,0.0,0.0,3200000000
2019302N11118,BULBUL,2019,ODISHA,SAMBALPUR,0.0,0.0,0.0,3200000000
2019302N11118,BULBUL,2019,ODISHA,GAJAPATI,0.0,0.0,0.0,3200000000
2019302N11118,BULBUL,2019,ODISHA,GANJAM,0.0,0.0,0.0,3200000000
2019302N11118,BULBUL,2019,ODISHA,MALKANGIRI,0.0,0.0,0.0,3200000000
2019302N11118,BULBUL,2019,ODISHA,KHORDHA,0.0,0.0,0.0,3200000000
2019302N11118,BULBUL,2019,ODISHA,BOUDH,0.0,0.0,0.0,3200000000
2019302N11118,BULBUL,2019,ODISHA,DEOGARH,0.0,0.0,0.0,3200000000
2019302N11118,BULBUL,2019,ODISHA,NUAPARHA,0.0,0.0,0.0,3200000000
2019302N11118,BULBUL,2019,ODISHA,JAJAPUR,2137317.4309663004,0.0,0.0,3200000000
2019302N11118,BULBUL,2019,ODISHA,SUNDARGARH,0.0,0.0,0.0,3200000000
2019302N11118,BULBUL,2019,ODISHA,KALAHANDI,0.0,0.0,0.0,3200000000
2019302N11118,BULBUL,2019,ODISHA,SUBARNAPUR,0.0,0.0,0.0,3200000000
2019302N11118,BULBUL,2019,ODISHA,RAYAGARHA,0.0,0.0,0.0,3200000000
2019302N11118,BULBUL,2019,ODISHA,NAYAGARH,0.0,0.0,0.0,3200000000
2019302N11118,BULBUL,2019,CHANDIGARH,CHANDIGARH,0.0,0.0,0.0,3200000000
2019302N11118,BULBUL,2019,UTTARAKHAND,ALMORA,0.0,0.0,0.0,3200000000
2019302N11118,BULBUL,2019,UTTARAKHAND,DEHRAD@N,0.0,0.0,0.0,3200000000
2019302N11118,BULBUL,2019,KARNATAKA,TUMAK#RU,0.0,0.0,0.0,3200000000
2019302N11118,BULBUL,2019,KARNATAKA,B\DAR,0.0,0.0,0.0,3200000000
2019302N11118,BULBUL,2019,MADHYA PRADESH,SIDHI,0.0,0.0,0.0,3200000000
2019302N11118,BULBUL,2019,KARNATAKA,KODAGU,0.0,0.0,0.0,3200000000
2019302N11118,BULBUL,2019,MADHYA PRADESH,DATIA,0.0,0.0,0.0,3200000000
2019302N11118,BULBUL,2019,UTTAR PRADESH,AGRA,0.0,0.0,0.0,3200000000
2019302N11118,BULBUL,2019,UTTAR PRADESH,ALIGARH,0.0,0.0,0.0,3200000000
2019302N11118,BULBUL,2019,UTTAR PRADESH,AMBEDKAR NAGAR,0.0,0.0,0.0,3200000000
2019302N11118,BULBUL,2019,UTTAR PRADESH,AMETHI,0.0,0.0,0.0,3200000000
2019302N11118,BULBUL,2019,UTTAR PRADESH,AMROHA,0.0,0.0,0.0,3200000000
2019302N11118,BULBUL,2019,UTTAR PRADESH,AURAIYA,0.0,0.0,0.0,3200000000
2019302N11118,BULBUL,2019,UTTAR PRADESH,AYODHYA,0.0,0.0,0.0,3200000000
2019302N11118,BULBUL,2019,UTTAR PRADESH,AZAMGARH,0.0,0.0,0.0,3200000000
2019302N11118,BULBUL,2019,UTTAR PRADESH,BAGHPAT,0.0,0.0,0.0,3200000000
2019302N11118,BULBUL,2019,UTTAR PRADESH,BAHRAICH,0.0,0.0,0.0,3200000000
2019302N11118,BULBUL,2019,UTTAR PRADESH,BALLIA,0.0,0.0,0.0,3200000000
2019302N11118,BULBUL,2019,UTTAR PRADESH,BARA BANKI,0.0,0.0,0.0,3200000000
2019302N11118,BULBUL,2019,UTTAR PRADESH,BAREILLY,0.0,0.0,0.0,3200000000
2019302N11118,BULBUL,2019,UTTAR PRADESH,BASTI,0.0,0.0,0.0,3200000000
2019302N11118,BULBUL,2019,UTTAR PRADESH,BHADOHI,0.0,0.0,0.0,3200000000
2019302N11118,BULBUL,2019,UTTAR PRADESH,BIJNOR,0.0,0.0,0.0,3200000000
2019302N11118,BULBUL,2019,UTTAR PRADESH,BUDAUN,0.0,0.0,0.0,3200000000
2019302N11118,BULBUL,2019,UTTAR PRADESH,BULANDSHAHR,0.0,0.0,0.0,3200000000
2019302N11118,BULBUL,2019,UTTAR PRADESH,CHANDAULI,0.0,0.0,0.0,3200000000
2019302N11118,BULBUL,2019,UTTAR PRADESH,CHITRAKOOT,0.0,0.0,0.0,3200000000
2019302N11118,BULBUL,2019,UTTAR PRADESH,DEORIA,0.0,0.0,0.0,3200000000
2019302N11118,BULBUL,2019,UTTAR PRADESH,ETAH,0.0,0.0,0.0,3200000000
2019302N11118,BULBUL,2019,UTTAR PRADESH,ETAWAH,0.0,0.0,0.0,3200000000
2019302N11118,BULBUL,2019,UTTAR PRADESH,FARRUKHABAD,0.0,0.0,0.0,3200000000
2019302N11118,BULBUL,2019,UTTAR PRADESH,FATEHPUR,0.0,0.0,0.0,3200000000
2019302N11118,BULBUL,2019,UTTAR PRADESH,FIROZABAD,0.0,0.0,0.0,3200000000
2019302N11118,BULBUL,2019,UTTAR PRADESH,GAUTAM BUDDHA NAGAR,0.0,0.0,0.0,3200000000
2019302N11118,BULBUL,2019,UTTAR PRADESH,GHAZIABAD,0.0,0.0,0.0,3200000000
2019302N11118,BULBUL,2019,UTTAR PRADESH,GHAZIPUR,0.0,0.0,0.0,3200000000
2019302N11118,BULBUL,2019,UTTAR PRADESH,GONDA,0.0,0.0,0.0,3200000000
2019302N11118,BULBUL,2019,UTTAR PRADESH,GORAKHPUR,0.0,0.0,0.0,3200000000
2019302N11118,BULBUL,2019,UTTAR PRADESH,HAMIRPUR,0.0,0.0,0.0,3200000000
2019302N11118,BULBUL,2019,UTTAR PRADESH,HAPUR,0.0,0.0,0.0,3200000000
2019302N11118,BULBUL,2019,UTTAR PRADESH,HARDOI,0.0,0.0,0.0,3200000000
2019302N11118,BULBUL,2019,UTTAR PRADESH,HATHRAS,0.0,0.0,0.0,3200000000
2019302N11118,BULBUL,2019,UTTAR PRADESH,JALAUN,0.0,0.0,0.0,3200000000
2019302N11118,BULBUL,2019,UTTAR PRADESH,JAUNPUR,0.0,0.0,0.0,3200000000
2019302N11118,BULBUL,2019,UTTAR PRADESH,JHANSI,0.0,0.0,0.0,3200000000
2019302N11118,BULBUL,2019,UTTAR PRADESH,KANNAUJ,0.0,0.0,0.0,3200000000
2019302N11118,BULBUL,2019,UTTAR PRADESH,KANPUR DEHAT,0.0,0.0,0.0,3200000000
2019302N11118,BULBUL,2019,UTTAR PRADESH,KANPUR NAGAR,0.0,0.0,0.0,3200000000
2019302N11118,BULBUL,2019,UTTAR PRADESH,KASGANJ,0.0,0.0,0.0,3200000000
2019302N11118,BULBUL,2019,UTTAR PRADESH,KAUSHAMBI,0.0,0.0,0.0,3200000000
2019302N11118,BULBUL,2019,UTTAR PRADESH,KHERI,0.0,0.0,0.0,3200000000
2019302N11118,BULBUL,2019,UTTAR PRADESH,KUSHINAGAR,0.0,0.0,0.0,3200000000
2019302N11118,BULBUL,2019,UTTAR PRADESH,LALITPUR,0.0,0.0,0.0,3200000000
2019302N11118,BULBUL,2019,UTTAR PRADESH,LUCKNOW,0.0,0.0,0.0,3200000000
2019302N11118,BULBUL,2019,UTTAR PRADESH,MAHOBA,0.0,0.0,0.0,3200000000
2019302N11118,BULBUL,2019,UTTAR PRADESH,MAHRAJGANJ,0.0,0.0,0.0,3200000000
2019302N11118,BULBUL,2019,UTTAR PRADESH,MAINPURI,0.0,0.0,0.0,3200000000
2019302N11118,BULBUL,2019,UTTAR PRADESH,MATHURA,0.0,0.0,0.0,3200000000
2019302N11118,BULBUL,2019,UTTAR PRADESH,MAU,0.0,0.0,0.0,3200000000
2019302N11118,BULBUL,2019,UTTAR PRADESH,MEERUT,0.0,0.0,0.0,3200000000
2019302N11118,BULBUL,2019,UTTAR PRADESH,MIRZAPUR,0.0,0.0,0.0,3200000000
2019302N11118,BULBUL,2019,UTTAR PRADESH,MORADABAD,0.0,0.0,0.0,3200000000
2019302N11118,BULBUL,2019,UTTAR PRADESH,MUZAFFARNAGAR,0.0,0.0,0.0,3200000000
2019302N11118,BULBUL,2019,UTTAR PRADESH,PILIBHIT,0.0,0.0,0.0,3200000000
2019302N11118,BULBUL,2019,UTTAR PRADESH,PRAYAGRAJ,0.0,0.0,0.0,3200000000
2019302N11118,BULBUL,2019,UTTAR PRADESH,RAE BARELI,0.0,0.0,0.0,3200000000
2019302N11118,BULBUL,2019,UTTAR PRADESH,RAMPUR,0.0,0.0,0.0,3200000000
2019302N11118,BULBUL,2019,UTTAR PRADESH,SAHARANPUR,0.0,0.0,0.0,3200000000
2019302N11118,BULBUL,2019,UTTAR PRADESH,SAMBHAL,0.0,0.0,0.0,3200000000
2019302N11118,BULBUL,2019,UTTAR PRADESH,SANT KABIR NAGAR,0.0,0.0,0.0,3200000000
2019302N11118,BULBUL,2019,UTTAR PRADESH,SHAHJAHANPUR,0.0,0.0,0.0,3200000000
2019302N11118,BULBUL,2019,UTTAR PRADESH,SHAMLI,0.0,0.0,0.0,3200000000
2019302N11118,BULBUL,2019,UTTAR PRADESH,SHRAWASTI,0.0,0.0,0.0,3200000000
2019302N11118,BULBUL,2019,UTTAR PRADESH,SIDDHARTHNAGAR,0.0,0.0,0.0,3200000000
2019302N11118,BULBUL,2019,UTTAR PRADESH,SITAPUR,0.0,0.0,0.0,3200000000
2019302N11118,BULBUL,2019,UTTAR PRADESH,SONBHADRA,0.0,0.0,0.0,3200000000
2019302N11118,BULBUL,2019,UTTAR PRADESH,SULTANPUR,0.0,0.0,0.0,3200000000
2019302N11118,BULBUL,2019,UTTAR PRADESH,UNNAO,0.0,0.0,0.0,3200000000
2019302N11118,BULBUL,2019,UTTAR PRADESH,VARANASI,0.0,0.0,0.0,3200000000
2019302N11118,BULBUL,2019,UTTAR PRADESH,BANDA,0.0,0.0,0.0,3200000000
2019302N11118,BULBUL,2019,WEST BENGAL,KOLK>TA,0.0,0.0,0.0,3200000000
2019302N11118,BULBUL,2019,MIZORAM,KHAWZAWL,0.0,0.0,0.0,3200000000
2019302N11118,BULBUL,2019,ARUNACHAL PRADESH,LOHIT,0.0,0.0,0.0,3200000000
2019302N11118,BULBUL,2019,LAKSHADWEEP,LAKSHADWEEP,0.0,0.0,0.0,3200000000
2018314N12093,GAJA,2018,ANDHRA PRADESH,ALLURI SITHARAMA RAJU,0.0,0.0,0.0,1600000000
2018314N12093,GAJA,2018,ANDHRA PRADESH,ANAKAPALLI,0.0,0.0,0.0,1600000000
2018314N12093,GAJA,2018,ANDHRA PRADESH,ANANTHAPURAMU,0.0,0.0,0.0,1600000000
2018314N12093,GAJA,2018,ANDHRA PRADESH,ANNAMAYYA,0.0,0.0,0.0,1600000000
2018314N12093,GAJA,2018,ANDHRA PRADESH,BAPATLA,0.0,0.0,0.0,1600000000
2018314N12093,GAJA,2018,ANDHRA PRADESH,CHITTOOR,0.0,0.0,0.0,1600000000
2018314N12093,GAJA,2018,ANDHRA PRADESH,DR.B.R.AMBEDKAR KONASEEMA,0.0,0.0,0.0,1600000000
2018314N12093,GAJA,2018,ANDHRA PRADESH,EAST GODAVARI,0.0,0.0,0.0,1600000000
2018314N12093,GAJA,2018,ANDHRA PRADESH,ELURU,0.0,0.0,0.0,1600000000
2018314N12093,GAJA,2018,ANDHRA PRADESH,GUNTUR,0.0,0.0,0.0,1600000000
2018314N12093,GAJA,2018,ANDHRA PRADESH,KAKINADA,0.0,0.0,0.0,1600000000
2018314N12093,GAJA,2018,ANDHRA PRADESH,KRISHNA,0.0,0.0,0.0,1600000000
2018314N12093,GAJA,2018,ANDHRA PRADESH,KURNOOL,0.0,0.0,0.0,1600000000
2018314N12093,GAJA,2018,ANDHRA PRADESH,NANDYAL,0.0,0.0,0.0,1600000000
2018314N12093,GAJA,2018,ANDHRA PRADESH,NTR,0.0,0.0,0.0,1600000000
2018314N12093,GAJA,2018,ANDHRA PRADESH,PALNADU,0.0,0.0,0.0,1600000000
2018314N12093,GAJA,2018,ANDHRA PRADESH,PARVATHIPURAM MANYAM,0.0,0.0,0.0,1600000000
2018314N12093,GAJA,2018,ANDHRA PRADESH,PRAKASAM,0.0,0.0,0.0,1600000000
2018314N12093,GAJA,2018,ANDHRA PRADESH,SRI POTTI SRIRAMULU NELLORE,0.0,0.0,0.0,1600000000
2018314N12093,GAJA,2018,ANDHRA PRADESH,SRI SATHYA SAI,0.0,0.0,0.0,1600000000
2018314N12093,GAJA,2018,ANDHRA PRADESH,SRIKAKULAM,0.0,0.0,0.0,1600000000
2018314N12093,GAJA,2018,ANDHRA PRADESH,TIRUPATI,0.0,0.0,0.0,1600000000
2018314N12093,GAJA,2018,ANDHRA PRADESH,VISAKHAPATNAM,0.0,0.0,0.0,1600000000
2018314N12093,GAJA,2018,ANDHRA PRADESH,VIZIANAGARAM,0.0,0.0,0.0,1600000000
2018314N12093,GAJA,2018,ANDHRA PRADESH,WEST GODAVARI,0.0,0.0,0.0,1600000000
2018314N12093,GAJA,2018,PUDUCHERRY,YANAM,0.0,0.0,0.0,1600000000
2018314N12093,GAJA,2018,ANDHRA PRADESH,YSR KADAPA,0.0,0.0,0.0,1600000000
2018314N12093,GAJA,2018,ANDAMAN AND NICOBAR ISLANDS,NICOBARS,0.0,0.0,0.0,1600000000
2018314N12093,GAJA,2018,ANDAMAN AND NICOBAR ISLANDS,NORTH AND MIDDLE ANDAMAN,0.0,0.0,0.0,1600000000
2018314N12093,GAJA,2018,ANDAMAN AND NICOBAR ISLANDS,SOUTH ANDAMANS,0.0,0.0,0.0,1600000000
2018314N12093,GAJA,2018,ARUNACHAL PRADESH,>NJ>W,0.0,0.0,0.0,1600000000
2018314N12093,GAJA,2018,ARUNACHAL PRADESH,CH>NGL>NG,0.0,0.0,0.0,1600000000
2018314N12093,GAJA,2018,ARUNACHAL PRADESH,DIB>NG VALLEY,0.0,0.0,0.0,1600000000
2018314N12093,GAJA,2018,ARUNACHAL PRADESH,EAST KAMENG,0.0,0.0,0.0,1600000000
2018314N12093,GAJA,2018,ARUNACHAL PRADESH,EAST SIANG,0.0,0.0,0.0,1600000000
2018314N12093,GAJA,2018,ARUNACHAL PRADESH,KURUNG KUMEY,0.0,0.0,0.0,1600000000
2018314N12093,GAJA,2018,ARUNACHAL PRADESH,LOWER DIB>NG VALLEY,0.0,0.0,0.0,1600000000
2018314N12093,GAJA,2018,ARUNACHAL PRADESH,PAPUMPARE,0.0,0.0,0.0,1600000000
2018314N12093,GAJA,2018,ARUNACHAL PRADESH,TAWANG,0.0,0.0,0.0,1600000000
2018314N12093,GAJA,2018,ARUNACHAL PRADESH,TIR>P,0.0,0.0,0.0,1600000000
2018314N12093,GAJA,2018,ARUNACHAL PRADESH,UPPER SIANG,0.0,0.0,0.0,1600000000
2018314N12093,GAJA,2018,ARUNACHAL PRADESH,UPPER SUBANSIRI,0.0,0.0,0.0,1600000000
2018314N12093,GAJA,2018,ARUNACHAL PRADESH,WEST KAMENG,0.0,0.0,0.0,1600000000
2018314N12093,GAJA,2018,ARUNACHAL PRADESH,SHI YOMI,0.0,0.0,0.0,1600000000
2018314N12093,GAJA,2018,ARUNACHAL PRADESH,NAMSAI,0.0,0.0,0.0,1600000000
2018314N12093,GAJA,2018,ARUNACHAL PRADESH,WEST SIANG,0.0,0.0,0.0,1600000000
2018314N12093,GAJA,2018,ARUNACHAL PRADESH,SIANG,0.0,0.0,0.0,1600000000
2018314N12093,GAJA,2018,ARUNACHAL PRADESH,LONGDING,0.0,0.0,0.0,1600000000
2018314N12093,GAJA,2018,ARUNACHAL PRADESH,PAKKE KESSANG,0.0,0.0,0.0,1600000000
2018314N12093,GAJA,2018,ARUNACHAL PRADESH,LOWER SIANG,0.0,0.0,0.0,1600000000
2018314N12093,GAJA,2018,ARUNACHAL PRADESH,LEPA RADA,0.0,0.0,0.0,1600000000
2018314N12093,GAJA,2018,ARUNACHAL PRADESH,BICHOM,0.0,0.0,0.0,1600000000
2018314N12093,GAJA,2018,ARUNACHAL PRADESH,KRA DAADI,0.0,0.0,0.0,1600000000
2018314N12093,GAJA,2018,ARUNACHAL PRADESH,KAMLE,0.0,0.0,0.0,1600000000
2018314N12093,GAJA,2018,ARUNACHAL PRADESH,KEYI PANYOR,0.0,0.0,0.0,1600000000
2018314N12093,GAJA,2018,ARUNACHAL PRADESH,LOWER SUBANSIRI,0.0,0.0,0.0,1600000000
2018314N12093,GAJA,2018,ASSAM,KOKRAJHAR,0.0,0.0,0.0,1600000000
2018314N12093,GAJA,2018,ASSAM,CHIRANG,0.0,0.0,0.0,1600000000
2018314N12093,GAJA,2018,ASSAM,UDALGURI,0.0,0.0,0.0,1600000000
2018314N12093,GAJA,2018,ASSAM,BAKSA,0.0,0.0,0.0,1600000000
2018314N12093,GAJA,2018,ASSAM,DHUBRI,0.0,0.0,0.0,1600000000
2018314N12093,GAJA,2018,ASSAM,DARANG,0.0,0.0,0.0,1600000000
2018314N12093,GAJA,2018,ASSAM,KARBI ANGLONG,0.0,0.0,0.0,1600000000
2018314N12093,GAJA,2018,ASSAM,DIMA HASAO,0.0,0.0,0.0,1600000000
2018314N12093,GAJA,2018,ASSAM,CACHAR,0.0,0.0,0.0,1600000000
2018314N12093,GAJA,2018,ASSAM,KARIMGANJ,0.0,0.0,0.0,1600000000
2018314N12093,GAJA,2018,ASSAM,HAILAKANDI,0.0,0.0,0.0,1600000000
2018314N12093,GAJA,2018,ASSAM,WEST KARBI ANGLONG,0.0,0.0,0.0,1600000000
2018314N12093,GAJA,2018,ASSAM,JORHAT,0.0,0.0,0.0,1600000000
2018314N12093,GAJA,2018,ASSAM,GOLAGHAT,0.0,0.0,0.0,1600000000
2018314N12093,GAJA,2018,ASSAM,SONITPUR,0.0,0.0,0.0,1600000000
2018314N12093,GAJA,2018,ASSAM,DHEMAJI,0.0,0.0,0.0,1600000000
2018314N12093,GAJA,2018,ASSAM,CHARAIDEO,0.0,0.0,0.0,1600000000
2018314N12093,GAJA,2018,ASSAM,TINSUKIA,0.0,0.0,0.0,1600000000
2018314N12093,GAJA,2018,ASSAM,LAKHIMPUR,0.0,0.0,0.0,1600000000
2018314N12093,GAJA,2018,ASSAM,MAJULI,0.0,0.0,0.0,1600000000
2018314N12093,GAJA,2018,ASSAM,SIBSAGAR,0.0,0.0,0.0,1600000000
2018314N12093,GAJA,2018,ASSAM,NAGAON,0.0,0.0,0.0,1600000000
2018314N12093,GAJA,2018,ASSAM,MARIGAON,0.0,0.0,0.0,1600000000
2018314N12093,GAJA,2018,ASSAM,KAMRUP METRO,0.0,0.0,0.0,1600000000
2018314N12093,GAJA,2018,ASSAM,NALBARI,0.0,0.0,0.0,1600000000
2018314N12093,GAJA,2018,ASSAM,GOALPARA,0.0,0.0,0.0,1600000000
2018314N12093,GAJA,2018,ASSAM,BONGAIGAON,0.0,0.0,0.0,1600000000
2018314N12093,GAJA,2018,ASSAM,KAMRUP RURAL,0.0,0.0,0.0,1600000000
2018314N12093,GAJA,2018,ASSAM,DIBRUGARH,0.0,0.0,0.0,1600000000
2018314N12093,GAJA,2018,ASSAM,HOJAI,0.0,0.0,0.0,1600000000
2018314N12093,GAJA,2018,ASSAM,TAMULPUR,0.0,0.0,0.0,1600000000
2018314N12093,GAJA,2018,ASSAM,BISWANATH,0.0,0.0,0.0,1600000000
2018314N12093,GAJA,2018,ASSAM,BARPETA,0.0,0.0,0.0,1600000000
2018314N12093,GAJA,2018,ASSAM,BAJALI,0.0,0.0,0.0,1600000000
2018314N12093,GAJA,2018,ASSAM,SOUTH SALMARA MANCACHAR,0.0,0.0,0.0,1600000000
2018314N12093,GAJA,2018,BIHAR,ARARIA,0.0,0.0,0.0,1600000000
2018314N12093,GAJA,2018,BIHAR,ARWAL,0.0,0.0,0.0,1600000000
2018314N12093,GAJA,2018,BIHAR,AURANGABAD,0.0,0.0,0.0,1600000000
2018314N12093,GAJA,2018,BIHAR,BANKA,0.0,0.0,0.0,1600000000
2018314N12093,GAJA,2018,BIHAR,BEGUSARAI,0.0,0.0,0.0,1600000000
2018314N12093,GAJA,2018,BIHAR,BHAGALPUR,0.0,0.0,0.0,1600000000
2018314N12093,GAJA,2018,BIHAR,BHOJPUR,0.0,0.0,0.0,1600000000
2018314N12093,GAJA,2018,BIHAR,BUXAR,0.0,0.0,0.0,1600000000
2018314N12093,GAJA,2018,BIHAR,DARBHANGA,0.0,0.0,0.0,1600000000
2018314N12093,GAJA,2018,BIHAR,GAYA,0.0,0.0,0.0,1600000000
2018314N12093,GAJA,2018,BIHAR,GOPALGANJ,0.0,0.0,0.0,1600000000
2018314N12093,GAJA,2018,BIHAR,JAHANABAD,0.0,0.0,0.0,1600000000
2018314N12093,GAJA,2018,BIHAR,JAMUI,0.0,0.0,0.0,1600000000
2018314N12093,GAJA,2018,BIHAR,KAIMUR,0.0,0.0,0.0,1600000000
2018314N12093,GAJA,2018,BIHAR,KATIHAR,0.0,0.0,0.0,1600000000
2018314N12093,GAJA,2018,BIHAR,KHAGARIA,0.0,0.0,0.0,1600000000
2018314N12093,GAJA,2018,BIHAR,KISHANGANJ,0.0,0.0,0.0,1600000000
2018314N12093,GAJA,2018,BIHAR,LAKHISARAI,0.0,0.0,0.0,1600000000
2018314N12093,GAJA,2018,BIHAR,MADHEPURA,0.0,0.0,0.0,1600000000
2018314N12093,GAJA,2018,BIHAR,MADHUBANI,0.0,0.0,0.0,1600000000
2018314N12093,GAJA,2018,BIHAR,MUNGER,0.0,0.0,0.0,1600000000
2018314N12093,GAJA,2018,BIHAR,MUZAFFARPUR,0.0,0.0,0.0,1600000000
2018314N12093,GAJA,2018,BIHAR,NALANDA,0.0,0.0,0.0,1600000000
2018314N12093,GAJA,2018,BIHAR,NAWADA,0.0,0.0,0.0,1600000000
2018314N12093,GAJA,2018,BIHAR,PASHCHIMI CHAMPARAN,0.0,0.0,0.0,1600000000
2018314N12093,GAJA,2018,BIHAR,PATNA,0.0,0.0,0.0,1600000000
2018314N12093,GAJA,2018,BIHAR,PURBI CHAMPARAN,0.0,0.0,0.0,1600000000
2018314N12093,GAJA,2018,BIHAR,PURNIA,0.0,0.0,0.0,1600000000
2018314N12093,GAJA,2018,BIHAR,ROHTAS,0.0,0.0,0.0,1600000000
2018314N12093,GAJA,2018,BIHAR,SAHARSA,0.0,0.0,0.0,1600000000
2018314N12093,GAJA,2018,BIHAR,SAMASTIPUR,0.0,0.0,0.0,1600000000
2018314N12093,GAJA,2018,BIHAR,SARAN,0.0,0.0,0.0,1600000000
2018314N12093,GAJA,2018,BIHAR,SHEIKHPURA,0.0,0.0,0.0,1600000000
2018314N12093,GAJA,2018,BIHAR,SHEOHAR,0.0,0.0,0.0,1600000000
2018314N12093,GAJA,2018,BIHAR,SITAMARHI,0.0,0.0,0.0,1600000000
2018314N12093,GAJA,2018,BIHAR,SIWAN,0.0,0.0,0.0,1600000000
2018314N12093,GAJA,2018,BIHAR,SUPAUL,0.0,0.0,0.0,1600000000
2018314N12093,GAJA,2018,BIHAR,VAISHALI,0.0,0.0,0.0,1600000000
2018314N12093,GAJA,2018,CHHATTISGARH,KAWARDHA (KABIRDHAM),0.0,0.0,0.0,1600000000
2018314N12093,GAJA,2018,CHHATTISGARH,GAURELA-PENDRA-MARWAHI,0.0,0.0,0.0,1600000000
2018314N12093,GAJA,2018,CHHATTISGARH,SURAJPUR,0.0,0.0,0.0,1600000000
2018314N12093,GAJA,2018,CHHATTISGARH,BALRAMPUR,0.0,0.0,0.0,1600000000
2018314N12093,GAJA,2018,CHHATTISGARH,MUNGELI,0.0,0.0,0.0,1600000000
2018314N12093,GAJA,2018,CHHATTISGARH,DAKSHIN BASTAR DANTEWARA,0.0,0.0,0.0,1600000000
2018314N12093,GAJA,2018,CHHATTISGARH,BIJAPUR,0.0,0.0,0.0,1600000000
2018314N12093,GAJA,2018,CHHATTISGARH,BASTAR,0.0,0.0,0.0,1600000000
2018314N12093,GAJA,2018,CHHATTISGARH,SUKMA,0.0,0.0,0.0,1600000000
2018314N12093,GAJA,2018,CHHATTISGARH,KONDAGAON,0.0,0.0,0.0,1600000000
2018314N12093,GAJA,2018,CHHATTISGARH,NARAYANPUR,0.0,0.0,0.0,1600000000
2018314N12093,GAJA,2018,CHHATTISGARH,UTTAR BASTAR KANKER,0.0,0.0,0.0,1600000000
2018314N12093,GAJA,2018,CHHATTISGARH,GARIYABAND,0.0,0.0,0.0,1600000000
2018314N12093,GAJA,2018,CHHATTISGARH,DHAMTARI,0.0,0.0,0.0,1600000000
2018314N12093,GAJA,2018,CHHATTISGARH,BALOD,0.0,0.0,0.0,1600000000
2018314N12093,GAJA,2018,CHHATTISGARH,MAHASAMUND,0.0,0.0,0.0,1600000000
2018314N12093,GAJA,2018,CHHATTISGARH,DURG,0.0,0.0,0.0,1600000000
2018314N12093,GAJA,2018,CHHATTISGARH,RAIPUR,0.0,0.0,0.0,1600000000
2018314N12093,GAJA,2018,CHHATTISGARH,BEMETARA,0.0,0.0,0.0,1600000000
2018314N12093,GAJA,2018,CHHATTISGARH,BILASPUR,0.0,0.0,0.0,1600000000
2018314N12093,GAJA,2018,CHHATTISGARH,KORBA,0.0,0.0,0.0,1600000000
2018314N12093,GAJA,2018,CHHATTISGARH,JASHPUR,0.0,0.0,0.0,1600000000
2018314N12093,GAJA,2018,CHHATTISGARH,SURGUJA,0.0,0.0,0.0,1600000000
2018314N12093,GAJA,2018,CHHATTISGARH,KHAIRGARH-CHHUIKHADAN-GANDAI,0.0,0.0,0.0,1600000000
2018314N12093,GAJA,2018,CHHATTISGARH,RAJNANDGAON,0.0,0.0,0.0,1600000000
2018314N12093,GAJA,2018,CHHATTISGARH,MOHLA-MANPUR-AMBAGARH CHOWKI,0.0,0.0,0.0,1600000000
2018314N12093,GAJA,2018,CHHATTISGARH,JANJGIR - CHAMPA,0.0,0.0,0.0,1600000000
2018314N12093,GAJA,2018,CHHATTISGARH,SAKTI,0.0,0.0,0.0,1600000000
2018314N12093,GAJA,2018,CHHATTISGARH,RAIGARH,0.0,0.0,0.0,1600000000
2018314N12093,GAJA,2018,CHHATTISGARH,KOREA,0.0,0.0,0.0,1600000000
2018314N12093,GAJA,2018,CHHATTISGARH,MANENDRAGARH-CHIRMIRI-BHARATPUR,0.0,0.0,0.0,1600000000
2018314N12093,GAJA,2018,CHHATTISGARH,SARANGARH-BILAIGARH,0.0,0.0,0.0,1600000000
2018314N12093,GAJA,2018,CHHATTISGARH,BALODA BAZAR,0.0,0.0,0.0,1600000000
2018314N12093,GAJA,2018,DELHI,NAZUL,0.0,0.0,0.0,1600000000
2018314N12093,GAJA,2018,DELHI,SOUTH WEST,0.0,0.0,0.0,1600000000
2018314N12093,GAJA,2018,DELHI,WEST,0.0,0.0,0.0,1600000000
2018314N12093,GAJA,2018,DELHI,CENTRAL,0.0,0.0,0.0,1600000000
2018314N12093,GAJA,2018,DELHI,EAST,0.0,0.0,0.0,1600000000
2018314N12093,GAJA,2018,DELHI,NEW DELHI,0.0,0.0,0.0,1600000000
2018314N12093,GAJA,2018,DELHI,NORTH,0.0,0.0,0.0,1600000000
2018314N12093,GAJA,2018,DELHI,SHAHADARA,0.0,0.0,0.0,1600000000
2018314N12093,GAJA,2018,DELHI,NORTH EAST,0.0,0.0,0.0,1600000000
2018314N12093,GAJA,2018,DELHI,SOUTH EAST,0.0,0.0,0.0,1600000000
2018314N12093,GAJA,2018,DELHI,SOUTH,0.0,0.0,0.0,1600000000
2018314N12093,GAJA,2018,DELHI,NORTH WEST,0.0,0.0,0.0,1600000000
2018314N12093,GAJA,2018,GOA,NORTH GOA,0.0,0.0,0.0,1600000000
2018314N12093,GAJA,2018,GOA,SOUTH GOA,0.0,0.0,0.0,1600000000
2018314N12093,GAJA,2018,DADRA & NAGAR HAVELI & DAMAN & DIU,DADRA AND NAGAR HAVELI,0.0,0.0,0.0,1600000000
2018314N12093,GAJA,2018,DADRA & NAGAR HAVELI & DAMAN & DIU,DAMAN,0.0,0.0,0.0,1600000000
2018314N12093,GAJA,2018,DADRA & NAGAR HAVELI & DAMAN & DIU,DIU,0.0,0.0,0.0,1600000000
2018314N12093,GAJA,2018,GUJARAT,AHMADABAD,0.0,0.0,0.0,1600000000
2018314N12093,GAJA,2018,GUJARAT,AMRELI,0.0,0.0,0.0,1600000000
2018314N12093,GAJA,2018,GUJARAT,ANAND,0.0,0.0,0.0,1600000000
2018314N12093,GAJA,2018,GUJARAT,ARVALLI,0.0,0.0,0.0,1600000000
2018314N12093,GAJA,2018,GUJARAT,BANAS KANTHA,0.0,0.0,0.0,1600000000
2018314N12093,GAJA,2018,GUJARAT,BHARUCH,0.0,0.0,0.0,1600000000
2018314N12093,GAJA,2018,GUJARAT,BHAVNAGAR,0.0,0.0,0.0,1600000000
2018314N12093,GAJA,2018,GUJARAT,BOTAD,0.0,0.0,0.0,1600000000
2018314N12093,GAJA,2018,GUJARAT,CHHOTAUDEPUR,0.0,0.0,0.0,1600000000
2018314N12093,GAJA,2018,GUJARAT,DAHOD,0.0,0.0,0.0,1600000000
2018314N12093,GAJA,2018,GUJARAT,DANGS,0.0,0.0,0.0,1600000000
2018314N12093,GAJA,2018,GUJARAT,DEVBHUMI DWARKA,0.0,0.0,0.0,1600000000
2018314N12093,GAJA,2018,GUJARAT,GANDHINAGAR,0.0,0.0,0.0,1600000000
2018314N12093,GAJA,2018,GUJARAT,GIR SOMNATH,0.0,0.0,0.0,1600000000
2018314N12093,GAJA,2018,GUJARAT and DNH & DD ISLANDS,ISLAND,0.0,0.0,0.0,1600000000
2018314N12093,GAJA,2018,GUJARAT,JAMNAGAR,0.0,0.0,0.0,1600000000
2018314N12093,GAJA,2018,GUJARAT,JUNAGADH,0.0,0.0,0.0,1600000000
2018314N12093,GAJA,2018,GUJARAT,KACHCHH,0.0,0.0,0.0,1600000000
2018314N12093,GAJA,2018,GUJARAT,KHEDA,0.0,0.0,0.0,1600000000
2018314N12093,GAJA,2018,GUJARAT,MAHESANA,0.0,0.0,0.0,1600000000
2018314N12093,GAJA,2018,GUJARAT,MAHISAGAR,0.0,0.0,0.0,1600000000
2018314N12093,GAJA,2018,GUJARAT,MORBI,0.0,0.0,0.0,1600000000
2018314N12093,GAJA,2018,GUJARAT,NARMADA,0.0,0.0,0.0,1600000000
2018314N12093,GAJA,2018,GUJARAT,NAVSARI,0.0,0.0,0.0,1600000000
2018314N12093,GAJA,2018,GUJARAT,PANCH MAHALS,0.0,0.0,0.0,1600000000
2018314N12093,GAJA,2018,GUJARAT,PATAN,0.0,0.0,0.0,1600000000
2018314N12093,GAJA,2018,GUJARAT,PORBANDAR,0.0,0.0,0.0,1600000000
2018314N12093,GAJA,2018,GUJARAT,RAJKOT,0.0,0.0,0.0,1600000000
2018314N12093,GAJA,2018,GUJARAT,SABAR KANTHA,0.0,0.0,0.0,1600000000
2018314N12093,GAJA,2018,GUJARAT,SURAT,0.0,0.0,0.0,1600000000
2018314N12093,GAJA,2018,GUJARAT,SURENDRANAGAR,0.0,0.0,0.0,1600000000
2018314N12093,GAJA,2018,GUJARAT,TAPI,0.0,0.0,0.0,1600000000
2018314N12093,GAJA,2018,GUJARAT,VADODARA,0.0,0.0,0.0,1600000000
2018314N12093,GAJA,2018,GUJARAT,VALSAD,0.0,0.0,0.0,1600000000
2018314N12093,GAJA,2018,HARYANA,AMBALA,0.0,0.0,0.0,1600000000
2018314N12093,GAJA,2018,HARYANA,BHIWANI,0.0,0.0,0.0,1600000000
2018314N12093,GAJA,2018,HARYANA,CHARKI DADRI,0.0,0.0,0.0,1600000000
2018314N12093,GAJA,2018,HARYANA,FARIDABAD,0.0,0.0,0.0,1600000000
2018314N12093,GAJA,2018,HARYANA,FATEHABAD,0.0,0.0,0.0,1600000000
2018314N12093,GAJA,2018,HARYANA,GURUGRAM,0.0,0.0,0.0,1600000000
2018314N12093,GAJA,2018,HARYANA,HISAR,0.0,0.0,0.0,1600000000
2018314N12093,GAJA,2018,HARYANA,JHAJJAR,0.0,0.0,0.0,1600000000
2018314N12093,GAJA,2018,HARYANA,JIND,0.0,0.0,0.0,1600000000
2018314N12093,GAJA,2018,HARYANA,KAITHAL,0.0,0.0,0.0,1600000000
2018314N12093,GAJA,2018,HARYANA,KARNAL,0.0,0.0,0.0,1600000000
2018314N12093,GAJA,2018,HARYANA,KURUKSHETRA,0.0,0.0,0.0,1600000000
2018314N12093,GAJA,2018,HARYANA,MAHENDRAGARH,0.0,0.0,0.0,1600000000
2018314N12093,GAJA,2018,HARYANA,NUH,0.0,0.0,0.0,1600000000
2018314N12093,GAJA,2018,HARYANA,PALWAL,0.0,0.0,0.0,1600000000
2018314N12093,GAJA,2018,HARYANA,PANCHKULA,0.0,0.0,0.0,1600000000
2018314N12093,GAJA,2018,HARYANA,PANIPAT,0.0,0.0,0.0,1600000000
2018314N12093,GAJA,2018,HARYANA,REWARI,0.0,0.0,0.0,1600000000
2018314N12093,GAJA,2018,HARYANA,ROHTAK,0.0,0.0,0.0,1600000000
2018314N12093,GAJA,2018,HARYANA,SIRSA,0.0,0.0,0.0,1600000000
2018314N12093,GAJA,2018,HARYANA,SONIPAT,0.0,0.0,0.0,1600000000
2018314N12093,GAJA,2018,HARYANA,YAMUNANAGAR,0.0,0.0,0.0,1600000000
2018314N12093,GAJA,2018,HIMACHAL PRADESH,BIL>SPUR,0.0,0.0,0.0,1600000000
2018314N12093,GAJA,2018,HIMACHAL PRADESH,SHIMLA,0.0,0.0,0.0,1600000000
2018314N12093,GAJA,2018,HIMACHAL PRADESH,KINNAUR,0.0,0.0,0.0,1600000000
2018314N12093,GAJA,2018,HIMACHAL PRADESH,SOLAN,0.0,0.0,0.0,1600000000
2018314N12093,GAJA,2018,HIMACHAL PRADESH,SIRMAUR,0.0,0.0,0.0,1600000000
2018314N12093,GAJA,2018,HIMACHAL PRADESH,KULLU,0.0,0.0,0.0,1600000000
2018314N12093,GAJA,2018,HIMACHAL PRADESH,CHAMBA,0.0,0.0,0.0,1600000000
2018314N12093,GAJA,2018,HIMACHAL PRADESH,MANDI,0.0,0.0,0.0,1600000000
2018314N12093,GAJA,2018,HIMACHAL PRADESH,K>NGRA,0.0,0.0,0.0,1600000000
2018314N12093,GAJA,2018,HIMACHAL PRADESH,HAM|RPUR,0.0,0.0,0.0,1600000000
2018314N12093,GAJA,2018,HIMACHAL PRADESH,UNA,0.0,0.0,0.0,1600000000
2018314N12093,GAJA,2018,HIMACHAL PRADESH,LAHUL & SPITI,0.0,0.0,0.0,1600000000
2018314N12093,GAJA,2018,JAMMU AND KASHMIR,MIRPUR,0.0,0.0,0.0,1600000000
2018314N12093,GAJA,2018,JAMMU AND KASHMIR,MUZAFFARABAD,0.0,0.0,0.0,1600000000
2018314N12093,GAJA,2018,JAMMU AND KASHMIR,PUNCH,0.0,0.0,0.0,1600000000
2018314N12093,GAJA,2018,JAMMU AND KASHMIR,ANANTNAG,0.0,0.0,0.0,1600000000
2018314N12093,GAJA,2018,JAMMU AND KASHMIR,BARAMULA,0.0,0.0,0.0,1600000000
2018314N12093,GAJA,2018,JAMMU AND KASHMIR,KATHUA,0.0,0.0,0.0,1600000000
2018314N12093,GAJA,2018,JAMMU AND KASHMIR,UDHAMPUR,0.0,0.0,0.0,1600000000
2018314N12093,GAJA,2018,JAMMU AND KASHMIR,BADGAM,0.0,0.0,0.0,1600000000
2018314N12093,GAJA,2018,JAMMU AND KASHMIR,BANDIPURA,0.0,0.0,0.0,1600000000
2018314N12093,GAJA,2018,JAMMU AND KASHMIR,GANDERBAL,0.0,0.0,0.0,1600000000
2018314N12093,GAJA,2018,JAMMU AND KASHMIR,KULGAM,0.0,0.0,0.0,1600000000
2018314N12093,GAJA,2018,JAMMU AND KASHMIR,KUPWARA,0.0,0.0,0.0,1600000000
2018314N12093,GAJA,2018,JAMMU AND KASHMIR,PULWAMA,0.0,0.0,0.0,1600000000
2018314N12093,GAJA,2018,JAMMU AND KASHMIR,RAJAURI,0.0,0.0,0.0,1600000000
2018314N12093,GAJA,2018,JAMMU AND KASHMIR,RAMBAN,0.0,0.0,0.0,1600000000
2018314N12093,GAJA,2018,JAMMU AND KASHMIR,RIASI,0.0,0.0,0.0,1600000000
2018314N12093,GAJA,2018,JAMMU AND KASHMIR,SHUPIYAN,0.0,0.0,0.0,1600000000
2018314N12093,GAJA,2018,JAMMU AND KASHMIR,SRINAGAR,0.0,0.0,0.0,1600000000
2018314N12093,GAJA,2018,JAMMU AND KASHMIR,KISHTWAR,0.0,0.0,0.0,1600000000
2018314N12093,GAJA,2018,JAMMU AND KASHMIR,DODA,0.0,0.0,0.0,1600000000
2018314N12093,GAJA,2018,JAMMU AND KASHMIR,SAMBA,0.0,0.0,0.0,1600000000
2018314N12093,GAJA,2018,JAMMU AND KASHMIR,JAMMU,0.0,0.0,0.0,1600000000
2018314N12093,GAJA,2018,,NONE,0.0,0.0,0.0,1600000000
2018314N12093,GAJA,2018,JHARKHAND,GARHWA,0.0,0.0,0.0,1600000000
2018314N12093,GAJA,2018,JHARKHAND,CHATRA,0.0,0.0,0.0,1600000000
2018314N12093,GAJA,2018,JHARKHAND,KODERMA,0.0,0.0,0.0,1600000000
2018314N12093,GAJA,2018,JHARKHAND,GIRIDIH,0.0,0.0,0.0,1600000000
2018314N12093,GAJA,2018,JHARKHAND,DEOGHAR,0.0,0.0,0.0,1600000000
2018314N12093,GAJA,2018,JHARKHAND,GODDA,0.0,0.0,0.0,1600000000
2018314N12093,GAJA,2018,JHARKHAND,SAHIBGANJ,0.0,0.0,0.0,1600000000
2018314N12093,GAJA,2018,JHARKHAND,PAKUR,0.0,0.0,0.0,1600000000
2018314N12093,GAJA,2018,JHARKHAND,DHANBAD,0.0,0.0,0.0,1600000000
2018314N12093,GAJA,2018,JHARKHAND,BOKARO,0.0,0.0,0.0,1600000000
2018314N12093,GAJA,2018,JHARKHAND,LOHARDAGA,0.0,0.0,0.0,1600000000
2018314N12093,GAJA,2018,JHARKHAND,EAST SINGHBHUM,0.0,0.0,0.0,1600000000
2018314N12093,GAJA,2018,JHARKHAND,PALAMU,0.0,0.0,0.0,1600000000
2018314N12093,GAJA,2018,JHARKHAND,LATEHAR,0.0,0.0,0.0,1600000000
2018314N12093,GAJA,2018,JHARKHAND,HAZARIBAGH,0.0,0.0,0.0,1600000000
2018314N12093,GAJA,2018,JHARKHAND,RAMGARH,0.0,0.0,0.0,1600000000
2018314N12093,GAJA,2018,JHARKHAND,DUMKA,0.0,0.0,0.0,1600000000
2018314N12093,GAJA,2018,JHARKHAND,JAMTARA,0.0,0.0,0.0,1600000000
2018314N12093,GAJA,2018,JHARKHAND,RANCHI,0.0,0.0,0.0,1600000000
2018314N12093,GAJA,2018,JHARKHAND,KHUNTI,0.0,0.0,0.0,1600000000
2018314N12093,GAJA,2018,JHARKHAND,GUMLA,0.0,0.0,0.0,1600000000
2018314N12093,GAJA,2018,JHARKHAND,SIMDEGA,0.0,0.0,0.0,1600000000
2018314N12093,GAJA,2018,JHARKHAND,WEST SINGHBHUM,0.0,0.0,0.0,1600000000
2018314N12093,GAJA,2018,JHARKHAND,SARAIKELA-KHARSAWAN,0.0,0.0,0.0,1600000000
2018314N12093,GAJA,2018,KARNATAKA,B,0.0,0.0,0.0,1600000000
2018314N12093,GAJA,2018,KARNATAKA,BENGAL#RU (RURAL),0.0,0.0,0.0,1600000000
2018314N12093,GAJA,2018,KARNATAKA,BELAG,0.0,0.0,0.0,1600000000
2018314N12093,GAJA,2018,KARNATAKA,CHIKKAMAGAL#RU,0.0,0.0,0.0,1600000000
2018314N12093,GAJA,2018,KARNATAKA,BALL,0.0,0.0,0.0,1600000000
2018314N12093,GAJA,2018,KARNATAKA,CH,0.0,0.0,0.0,1600000000
2018314N12093,GAJA,2018,KARNATAKA,CHITRADURGA,0.0,0.0,0.0,1600000000
2018314N12093,GAJA,2018,KARNATAKA,KOPPAL,0.0,0.0,0.0,1600000000
2018314N12093,GAJA,2018,KARNATAKA,VIJAYANAGARA,0.0,0.0,0.0,1600000000
2018314N12093,GAJA,2018,KARNATAKA,RAICH#R,0.0,0.0,0.0,1600000000
2018314N12093,GAJA,2018,KARNATAKA,CHIKKABALL,0.0,0.0,0.0,1600000000
2018314N12093,GAJA,2018,KARNATAKA,D,0.0,0.0,0.0,1600000000
2018314N12093,GAJA,2018,KARNATAKA,DH,0.0,0.0,0.0,1600000000
2018314N12093,GAJA,2018,KARNATAKA,GADAG,0.0,0.0,0.0,1600000000
2018314N12093,GAJA,2018,KARNATAKA,H,0.0,0.0,0.0,1600000000
2018314N12093,GAJA,2018,KARNATAKA,KALABURAGI,0.0,0.0,0.0,1600000000
2018314N12093,GAJA,2018,KARNATAKA,BENGAL#RU (URBAN),0.0,0.0,0.0,1600000000
2018314N12093,GAJA,2018,KARNATAKA,KOL,0.0,0.0,0.0,1600000000
2018314N12093,GAJA,2018,KARNATAKA,MANDYA,0.0,0.0,0.0,1600000000
2018314N12093,GAJA,2018,KARNATAKA,MYS#RU,0.0,0.0,0.0,1600000000
2018314N12093,GAJA,2018,KARNATAKA,SHIVAMOGGA,0.0,0.0,0.0,1600000000
2018314N12093,GAJA,2018,KARNATAKA,DAKSHINA KANNADA,0.0,0.0,0.0,1600000000
2018314N12093,GAJA,2018,KARNATAKA,UTTARA KANNADA,0.0,0.0,0.0,1600000000
2018314N12093,GAJA,2018,KARNATAKA,VIJAYAPURA,0.0,0.0,0.0,1600000000
2018314N12093,GAJA,2018,KARNATAKA,Y,0.0,0.0,0.0,1600000000
2018314N12093,GAJA,2018,KARNATAKA,R,0.0,0.0,0.0,1600000000
2018314N12093,GAJA,2018,KERALA,PALAKKAD,0.0,0.0,0.0,1600000000
2018314N12093,GAJA,2018,KERALA,ALAPPUZHA,0.0,0.0,0.0,1600000000
2018314N12093,GAJA,2018,KERALA,KOTTAYAM,0.0,0.0,0.0,1600000000
2018314N12093,GAJA,2018,KERALA,KOLLAM,0.0,0.0,0.0,1600000000
2018314N12093,GAJA,2018,KERALA,KOZHIKODE,0.0,0.0,0.0,1600000000
2018314N12093,GAJA,2018,KERALA,KASARAGOD,0.0,0.0,0.0,1600000000
2018314N12093,GAJA,2018,KERALA,MALAPPURAM,0.0,0.0,0.0,1600000000
2018314N12093,GAJA,2018,KERALA,WAYANAD,0.0,0.0,0.0,1600000000
2018314N12093,GAJA,2018,KERALA,PATHANAMTHITTA,0.0,0.0,0.0,1600000000
2018314N12093,GAJA,2018,KERALA,IDUKKI,0.0,0.0,0.0,1600000000
2018314N12093,GAJA,2018,KERALA,THRISSUR,0.0,0.0,0.0,1600000000
2018314N12093,GAJA,2018,KERALA,ERNAKULAM,0.0,0.0,0.0,1600000000
2018314N12093,GAJA,2018,KERALA,THIRUVANANTHAPURAM,0.0,0.0,0.0,1600000000
2018314N12093,GAJA,2018,KERALA,KANNUR,0.0,0.0,0.0,1600000000
2018314N12093,GAJA,2018,LADAKH,LEH,0.0,0.0,0.0,1600000000
2018314N12093,GAJA,2018,LADAKH,KARGIL,0.0,0.0,0.0,1600000000
2018314N12093,GAJA,2018,MADHYA PRADESH,AGAR MALWA,0.0,0.0,0.0,1600000000
2018314N12093,GAJA,2018,MADHYA PRADESH,ALIRAJPUR,0.0,0.0,0.0,1600000000
2018314N12093,GAJA,2018,MADHYA PRADESH,ANUPPUR,0.0,0.0,0.0,1600000000
2018314N12093,GAJA,2018,MADHYA PRADESH,ASHOKNAGAR,0.0,0.0,0.0,1600000000
2018314N12093,GAJA,2018,MADHYA PRADESH,BALAGHAT,0.0,0.0,0.0,1600000000
2018314N12093,GAJA,2018,MADHYA PRADESH,BARWANI,0.0,0.0,0.0,1600000000
2018314N12093,GAJA,2018,MADHYA PRADESH,BETUL,0.0,0.0,0.0,1600000000
2018314N12093,GAJA,2018,MADHYA PRADESH,BHIND,0.0,0.0,0.0,1600000000
2018314N12093,GAJA,2018,MADHYA PRADESH,BHOPAL,0.0,0.0,0.0,1600000000
2018314N12093,GAJA,2018,MADHYA PRADESH,BURHANPUR,0.0,0.0,0.0,1600000000
2018314N12093,GAJA,2018,MADHYA PRADESH,CHHATARPUR,0.0,0.0,0.0,1600000000
2018314N12093,GAJA,2018,MADHYA PRADESH,CHHINDWARA,0.0,0.0,0.0,1600000000
2018314N12093,GAJA,2018,MADHYA PRADESH,DAMOH,0.0,0.0,0.0,1600000000
2018314N12093,GAJA,2018,MADHYA PRADESH,DEWAS,0.0,0.0,0.0,1600000000
2018314N12093,GAJA,2018,MADHYA PRADESH,DHAR,0.0,0.0,0.0,1600000000
2018314N12093,GAJA,2018,MADHYA PRADESH,DINDORI,0.0,0.0,0.0,1600000000
2018314N12093,GAJA,2018,MADHYA PRADESH,GUNA,0.0,0.0,0.0,1600000000
2018314N12093,GAJA,2018,MADHYA PRADESH,GWALIOR,0.0,0.0,0.0,1600000000
2018314N12093,GAJA,2018,MADHYA PRADESH,HARDA,0.0,0.0,0.0,1600000000
2018314N12093,GAJA,2018,MADHYA PRADESH,INDORE,0.0,0.0,0.0,1600000000
2018314N12093,GAJA,2018,MADHYA PRADESH,JABALPUR,0.0,0.0,0.0,1600000000
2018314N12093,GAJA,2018,MADHYA PRADESH,JHABUA,0.0,0.0,0.0,1600000000
2018314N12093,GAJA,2018,MADHYA PRADESH,KATNI,0.0,0.0,0.0,1600000000
2018314N12093,GAJA,2018,MADHYA PRADESH,KHANDWA,0.0,0.0,0.0,1600000000
2018314N12093,GAJA,2018,MADHYA PRADESH,KHARGONE,0.0,0.0,0.0,1600000000
2018314N12093,GAJA,2018,MADHYA PRADESH,MAIHAR,0.0,0.0,0.0,1600000000
2018314N12093,GAJA,2018,MADHYA PRADESH,MANDLA,0.0,0.0,0.0,1600000000
2018314N12093,GAJA,2018,MADHYA PRADESH,MANDSAUR,0.0,0.0,0.0,1600000000
2018314N12093,GAJA,2018,MADHYA PRADESH,MAUGANJ,0.0,0.0,0.0,1600000000
2018314N12093,GAJA,2018,MADHYA PRADESH,MORENA,0.0,0.0,0.0,1600000000
2018314N12093,GAJA,2018,MADHYA PRADESH,NARMADAPURAM,0.0,0.0,0.0,1600000000
2018314N12093,GAJA,2018,MADHYA PRADESH,NARSINGHPUR,0.0,0.0,0.0,1600000000
2018314N12093,GAJA,2018,MADHYA PRADESH,NEEMUCH,0.0,0.0,0.0,1600000000
2018314N12093,GAJA,2018,MADHYA PRADESH,NIWARI,0.0,0.0,0.0,1600000000
2018314N12093,GAJA,2018,MADHYA PRADESH,PANDHURNA,0.0,0.0,0.0,1600000000
2018314N12093,GAJA,2018,MADHYA PRADESH,PANNA,0.0,0.0,0.0,1600000000
2018314N12093,GAJA,2018,MADHYA PRADESH,RAISEN,0.0,0.0,0.0,1600000000
2018314N12093,GAJA,2018,MADHYA PRADESH,RAJGARH,0.0,0.0,0.0,1600000000
2018314N12093,GAJA,2018,MADHYA PRADESH,RATLAM,0.0,0.0,0.0,1600000000
2018314N12093,GAJA,2018,MADHYA PRADESH,REWA,0.0,0.0,0.0,1600000000
2018314N12093,GAJA,2018,MADHYA PRADESH,SAGAR,0.0,0.0,0.0,1600000000
2018314N12093,GAJA,2018,MADHYA PRADESH,SATNA,0.0,0.0,0.0,1600000000
2018314N12093,GAJA,2018,MADHYA PRADESH,SEHORE,0.0,0.0,0.0,1600000000
2018314N12093,GAJA,2018,MADHYA PRADESH,SEONI,0.0,0.0,0.0,1600000000
2018314N12093,GAJA,2018,MADHYA PRADESH,SHAHDOL,0.0,0.0,0.0,1600000000
2018314N12093,GAJA,2018,MADHYA PRADESH,SHAJAPUR,0.0,0.0,0.0,1600000000
2018314N12093,GAJA,2018,MADHYA PRADESH,SHEOPUR,0.0,0.0,0.0,1600000000
2018314N12093,GAJA,2018,MADHYA PRADESH,SHIVPURI,0.0,0.0,0.0,1600000000
2018314N12093,GAJA,2018,MADHYA PRADESH,SINGRAULI,0.0,0.0,0.0,1600000000
2018314N12093,GAJA,2018,MADHYA PRADESH,TIKAMGARH,0.0,0.0,0.0,1600000000
2018314N12093,GAJA,2018,MADHYA PRADESH,UJJAIN,0.0,0.0,0.0,1600000000
2018314N12093,GAJA,2018,MADHYA PRADESH,UMARIA,0.0,0.0,0.0,1600000000
2018314N12093,GAJA,2018,MADHYA PRADESH,VIDISHA,0.0,0.0,0.0,1600000000
2018314N12093,GAJA,2018,MAHARASHTRA,AHMEDNAGAR,0.0,0.0,0.0,1600000000
2018314N12093,GAJA,2018,MAHARASHTRA,BEED,0.0,0.0,0.0,1600000000
2018314N12093,GAJA,2018,MAHARASHTRA,BHANDARA,0.0,0.0,0.0,1600000000
2018314N12093,GAJA,2018,MAHARASHTRA,CHANDRAPUR,0.0,0.0,0.0,1600000000
2018314N12093,GAJA,2018,MAHARASHTRA,DHULE,0.0,0.0,0.0,1600000000
2018314N12093,GAJA,2018,MAHARASHTRA,GADCHIROLI,0.0,0.0,0.0,1600000000
2018314N12093,GAJA,2018,MAHARASHTRA,GONDIA,0.0,0.0,0.0,1600000000
2018314N12093,GAJA,2018,MAHARASHTRA,HINGOLI,0.0,0.0,0.0,1600000000
2018314N12093,GAJA,2018,MAHARASHTRA,JALGAON,0.0,0.0,0.0,1600000000
2018314N12093,GAJA,2018,MAHARASHTRA,KOLHAPUR,0.0,0.0,0.0,1600000000
2018314N12093,GAJA,2018,MAHARASHTRA,LATUR,0.0,0.0,0.0,1600000000
2018314N12093,GAJA,2018,MAHARASHTRA,MUMBAI,0.0,0.0,0.0,1600000000
2018314N12093,GAJA,2018,MAHARASHTRA,NAGPUR,0.0,0.0,0.0,1600000000
2018314N12093,GAJA,2018,MAHARASHTRA,NANDED,0.0,0.0,0.0,1600000000
2018314N12093,GAJA,2018,MAHARASHTRA,NASHIK,0.0,0.0,0.0,1600000000
2018314N12093,GAJA,2018,MAHARASHTRA,NANDURBAR,0.0,0.0,0.0,1600000000
2018314N12093,GAJA,2018,MAHARASHTRA,PALGHAR,0.0,0.0,0.0,1600000000
2018314N12093,GAJA,2018,MAHARASHTRA,PUNE,0.0,0.0,0.0,1600000000
2018314N12093,GAJA,2018,MAHARASHTRA,RATNAGIRI,0.0,0.0,0.0,1600000000
2018314N12093,GAJA,2018,MAHARASHTRA,SANGLI,0.0,0.0,0.0,1600000000
2018314N12093,GAJA,2018,MAHARASHTRA,SATARA,0.0,0.0,0.0,1600000000
2018314N12093,GAJA,2018,MAHARASHTRA,SINDHUDURG,0.0,0.0,0.0,1600000000
2018314N12093,GAJA,2018,MAHARASHTRA,SOLAPUR,0.0,0.0,0.0,1600000000
2018314N12093,GAJA,2018,MAHARASHTRA,MUMBAI SUBURBAN,0.0,0.0,0.0,1600000000
2018314N12093,GAJA,2018,MAHARASHTRA,THANE,0.0,0.0,0.0,1600000000
2018314N12093,GAJA,2018,MAHARASHTRA,DHARASHIV,0.0,0.0,0.0,1600000000
2018314N12093,GAJA,2018,MAHARASHTRA,WASHIM,0.0,0.0,0.0,1600000000
2018314N12093,GAJA,2018,MAHARASHTRA,WARDHA,0.0,0.0,0.0,1600000000
2018314N12093,GAJA,2018,MAHARASHTRA,YAVATMAL,0.0,0.0,0.0,1600000000
2018314N12093,GAJA,2018,MAHARASHTRA,AKOLA,0.0,0.0,0.0,1600000000
2018314N12093,GAJA,2018,MAHARASHTRA,AMRAVATI,0.0,0.0,0.0,1600000000
2018314N12093,GAJA,2018,MAHARASHTRA,BULDHANA,0.0,0.0,0.0,1600000000
2018314N12093,GAJA,2018,MAHARASHTRA,PARBHANI,0.0,0.0,0.0,1600000000
2018314N12093,GAJA,2018,MAHARASHTRA,JALNA,0.0,0.0,0.0,1600000000
2018314N12093,GAJA,2018,MAHARASHTRA,CHHATRAPATI SAMBHAJINAGAR,0.0,0.0,0.0,1600000000
2018314N12093,GAJA,2018,MANIPUR,BISHNUPUR,0.0,0.0,0.0,1600000000
2018314N12093,GAJA,2018,MANIPUR,CHANDEL,0.0,0.0,0.0,1600000000
2018314N12093,GAJA,2018,MANIPUR,CHURACHANDPUR,0.0,0.0,0.0,1600000000
2018314N12093,GAJA,2018,MANIPUR,IMPHAL EAST,0.0,0.0,0.0,1600000000
2018314N12093,GAJA,2018,MANIPUR,IMPHAL WEST,0.0,0.0,0.0,1600000000
2018314N12093,GAJA,2018,MANIPUR,JIRIBAM,0.0,0.0,0.0,1600000000
2018314N12093,GAJA,2018,MANIPUR,KAKCHING,0.0,0.0,0.0,1600000000
2018314N12093,GAJA,2018,MANIPUR,KAMJANG,0.0,0.0,0.0,1600000000
2018314N12093,GAJA,2018,MANIPUR,KANGPOKPI,0.0,0.0,0.0,1600000000
2018314N12093,GAJA,2018,MANIPUR,NONEY,0.0,0.0,0.0,1600000000
2018314N12093,GAJA,2018,MANIPUR,PHERZAWL,0.0,0.0,0.0,1600000000
2018314N12093,GAJA,2018,MANIPUR,SENAPATI,0.0,0.0,0.0,1600000000
2018314N12093,GAJA,2018,MANIPUR,TAMENGLONG,0.0,0.0,0.0,1600000000
2018314N12093,GAJA,2018,MANIPUR,TENGNOUPAL,0.0,0.0,0.0,1600000000
2018314N12093,GAJA,2018,MANIPUR,THOUBAL,0.0,0.0,0.0,1600000000
2018314N12093,GAJA,2018,MANIPUR,UKHRUL,0.0,0.0,0.0,1600000000
2018314N12093,GAJA,2018,MEGHALAYA,EAST G>RO HILLS,0.0,0.0,0.0,1600000000
2018314N12093,GAJA,2018,MEGHALAYA,EAST JAINTIA HILLS,0.0,0.0,0.0,1600000000
2018314N12093,GAJA,2018,MEGHALAYA,EAST KH>SI HILLS,0.0,0.0,0.0,1600000000
2018314N12093,GAJA,2018,MEGHALAYA,NORTH G>RO HILLS,0.0,0.0,0.0,1600000000
2018314N12093,GAJA,2018,MEGHALAYA,RI-BHOI,0.0,0.0,0.0,1600000000
2018314N12093,GAJA,2018,MEGHALAYA,SOUTH G>RO HILLS,0.0,0.0,0.0,1600000000
2018314N12093,GAJA,2018,MEGHALAYA,SOUTH WEST G>RO HILLS,0.0,0.0,0.0,1600000000
2018314N12093,GAJA,2018,MEGHALAYA,WEST G>RO HILLS,0.0,0.0,0.0,1600000000
2018314N12093,GAJA,2018,MEGHALAYA,WEST JAINTIA HILLS,0.0,0.0,0.0,1600000000
2018314N12093,GAJA,2018,MEGHALAYA,SOUTH WEST KH>SI HILLS,0.0,0.0,0.0,1600000000
2018314N12093,GAJA,2018,MEGHALAYA,EASTERN WEST KHASI HILLS,0.0,0.0,0.0,1600000000
2018314N12093,GAJA,2018,MEGHALAYA,WEST KHASI HILLS,0.0,0.0,0.0,1600000000
2018314N12093,GAJA,2018,MIZORAM,CHAMPHAI,0.0,0.0,0.0,1600000000
2018314N12093,GAJA,2018,MIZORAM,HNAHTHIAL,0.0,0.0,0.0,1600000000
2018314N12093,GAJA,2018,MIZORAM,SERCHHIP,0.0,0.0,0.0,1600000000
2018314N12093,GAJA,2018,MIZORAM,LUNGLEI,0.0,0.0,0.0,1600000000
2018314N12093,GAJA,2018,MIZORAM,MAMIT,0.0,0.0,0.0,1600000000
2018314N12093,GAJA,2018,MIZORAM,KOLASIB,0.0,0.0,0.0,1600000000
2018314N12093,GAJA,2018,MIZORAM,AIZAWL,0.0,0.0,0.0,1600000000
2018314N12093,GAJA,2018,MIZORAM,SAIHA,0.0,0.0,0.0,1600000000
2018314N12093,GAJA,2018,MIZORAM,SAITUAL,0.0,0.0,0.0,1600000000
2018314N12093,GAJA,2018,MIZORAM,LAWNGTLAI,0.0,0.0,0.0,1600000000
2018314N12093,GAJA,2018,NAGALAND,LONGLENG,0.0,0.0,0.0,1600000000
2018314N12093,GAJA,2018,NAGALAND,TUENSANG,0.0,0.0,0.0,1600000000
2018314N12093,GAJA,2018,NAGALAND,SHAMATOR,0.0,0.0,0.0,1600000000
2018314N12093,GAJA,2018,NAGALAND,DIMAPUR,0.0,0.0,0.0,1600000000
2018314N12093,GAJA,2018,NAGALAND,CHUMOUKEDIMA,0.0,0.0,0.0,1600000000
2018314N12093,GAJA,2018,NAGALAND,NIULAND,0.0,0.0,0.0,1600000000
2018314N12093,GAJA,2018,NAGALAND,PEREN,0.0,0.0,0.0,1600000000
2018314N12093,GAJA,2018,NAGALAND,KOHIMA,0.0,0.0,0.0,1600000000
2018314N12093,GAJA,2018,NAGALAND,MON,0.0,0.0,0.0,1600000000
2018314N12093,GAJA,2018,NAGALAND,KIPHIRE,0.0,0.0,0.0,1600000000
2018314N12093,GAJA,2018,NAGALAND,PHEK,0.0,0.0,0.0,1600000000
2018314N12093,GAJA,2018,NAGALAND,MOKOKCHUNG,0.0,0.0,0.0,1600000000
2018314N12093,GAJA,2018,NAGALAND,ZUNHEBOTO,0.0,0.0,0.0,1600000000
2018314N12093,GAJA,2018,NAGALAND,WOKHA,0.0,0.0,0.0,1600000000
2018314N12093,GAJA,2018,NAGALAND,TSEMINYU,0.0,0.0,0.0,1600000000
2018314N12093,GAJA,2018,NAGALAND,NOKLAK,0.0,0.0,0.0,1600000000
2018314N12093,GAJA,2018,PUDUCHERRY,KARAIKAL,0.0,0.0,0.0,1600000000
2018314N12093,GAJA,2018,PUDUCHERRY,MAHE,0.0,0.0,0.0,1600000000
2018314N12093,GAJA,2018,PUDUCHERRY,PUDUCHERRY,0.0,0.0,0.0,1600000000
2018314N12093,GAJA,2018,PUNJAB,FIROZPUR,0.0,0.0,0.0,1600000000
2018314N12093,GAJA,2018,PUNJAB,LUDHIANA,0.0,0.0,0.0,1600000000
2018314N12093,GAJA,2018,PUNJAB,RUPNAGAR,0.0,0.0,0.0,1600000000
2018314N12093,GAJA,2018,PUNJAB,MANSA,0.0,0.0,0.0,1600000000
2018314N12093,GAJA,2018,PUNJAB,SRI MUKTSAR SAHIB,0.0,0.0,0.0,1600000000
2018314N12093,GAJA,2018,PUNJAB,SAS NAGAR (SAHIBZADA AJIT SINGH NAGAR),0.0,0.0,0.0,1600000000
2018314N12093,GAJA,2018,PUNJAB,JALANDHAR,0.0,0.0,0.0,1600000000
2018314N12093,GAJA,2018,PUNJAB,PATHANKOT,0.0,0.0,0.0,1600000000
2018314N12093,GAJA,2018,PUNJAB,FARIDKOT,0.0,0.0,0.0,1600000000
2018314N12093,GAJA,2018,PUNJAB,MOGA,0.0,0.0,0.0,1600000000
2018314N12093,GAJA,2018,PUNJAB,HOSHIARPUR,0.0,0.0,0.0,1600000000
2018314N12093,GAJA,2018,PUNJAB,BATHINDA,0.0,0.0,0.0,1600000000
2018314N12093,GAJA,2018,PUNJAB,TARN TARAN,0.0,0.0,0.0,1600000000
2018314N12093,GAJA,2018,PUNJAB,FAZILKA,0.0,0.0,0.0,1600000000
2018314N12093,GAJA,2018,PUNJAB,PATIALA,0.0,0.0,0.0,1600000000
2018314N12093,GAJA,2018,PUNJAB,SHAHID BHAGAT SINGH NAGAR,0.0,0.0,0.0,1600000000
2018314N12093,GAJA,2018,PUNJAB,BARNALA,0.0,0.0,0.0,1600000000
2018314N12093,GAJA,2018,PUNJAB,GURDASPUR,0.0,0.0,0.0,1600000000
2018314N12093,GAJA,2018,PUNJAB,KAPURTHALA,0.0,0.0,0.0,1600000000
2018314N12093,GAJA,2018,PUNJAB,FATEHGARH SAHIB,0.0,0.0,0.0,1600000000
2018314N12093,GAJA,2018,PUNJAB,AMRITSAR,0.0,0.0,0.0,1600000000
2018314N12093,GAJA,2018,PUNJAB,MALER KOTLA,0.0,0.0,0.0,1600000000
2018314N12093,GAJA,2018,PUNJAB,SANGRUR,0.0,0.0,0.0,1600000000
2018314N12093,GAJA,2018,RAJASTHAN,AJMER,0.0,0.0,0.0,1600000000
2018314N12093,GAJA,2018,RAJASTHAN,ALWAR,0.0,0.0,0.0,1600000000
2018314N12093,GAJA,2018,RAJASTHAN,ANOOPGARH,0.0,0.0,0.0,1600000000
2018314N12093,GAJA,2018,RAJASTHAN,BALOTRA,0.0,0.0,0.0,1600000000
2018314N12093,GAJA,2018,RAJASTHAN,BANSWARA,0.0,0.0,0.0,1600000000
2018314N12093,GAJA,2018,RAJASTHAN,BARAN,0.0,0.0,0.0,1600000000
2018314N12093,GAJA,2018,RAJASTHAN,BARMER,0.0,0.0,0.0,1600000000
2018314N12093,GAJA,2018,RAJASTHAN,BEAWAR,0.0,0.0,0.0,1600000000
2018314N12093,GAJA,2018,RAJASTHAN,BHARATPUR,0.0,0.0,0.0,1600000000
2018314N12093,GAJA,2018,RAJASTHAN,BHILWARA,0.0,0.0,0.0,1600000000
2018314N12093,GAJA,2018,RAJASTHAN,BIKANER,0.0,0.0,0.0,1600000000
2018314N12093,GAJA,2018,RAJASTHAN,BUNDI,0.0,0.0,0.0,1600000000
2018314N12093,GAJA,2018,RAJASTHAN,CHITTAURGARH,0.0,0.0,0.0,1600000000
2018314N12093,GAJA,2018,RAJASTHAN,CHURU,0.0,0.0,0.0,1600000000
2018314N12093,GAJA,2018,RAJASTHAN,DAUSA,0.0,0.0,0.0,1600000000
2018314N12093,GAJA,2018,RAJASTHAN,DEEG,0.0,0.0,0.0,1600000000
2018314N12093,GAJA,2018,RAJASTHAN,DHAULPUR,0.0,0.0,0.0,1600000000
2018314N12093,GAJA,2018,RAJASTHAN,DIDWANA-KUCHAMAN,0.0,0.0,0.0,1600000000
2018314N12093,GAJA,2018,RAJASTHAN,DUDU,0.0,0.0,0.0,1600000000
2018314N12093,GAJA,2018,RAJASTHAN,DUNGARPUR,0.0,0.0,0.0,1600000000
2018314N12093,GAJA,2018,RAJASTHAN,GANGANAGAR,0.0,0.0,0.0,1600000000
2018314N12093,GAJA,2018,RAJASTHAN,GANGAPURCITY,0.0,0.0,0.0,1600000000
2018314N12093,GAJA,2018,RAJASTHAN,HANUMANGARH,0.0,0.0,0.0,1600000000
2018314N12093,GAJA,2018,RAJASTHAN,JAIPUR,0.0,0.0,0.0,1600000000
2018314N12093,GAJA,2018,RAJASTHAN,JAIPUR(GRAMIN),0.0,0.0,0.0,1600000000
2018314N12093,GAJA,2018,RAJASTHAN,JAISALMER,0.0,0.0,0.0,1600000000
2018314N12093,GAJA,2018,RAJASTHAN,JALOR,0.0,0.0,0.0,1600000000
2018314N12093,GAJA,2018,RAJASTHAN,JHALAWAR,0.0,0.0,0.0,1600000000
2018314N12093,GAJA,2018,RAJASTHAN,JHUNJHUNUN,0.0,0.0,0.0,1600000000
2018314N12093,GAJA,2018,RAJASTHAN,JODHPUR,0.0,0.0,0.0,1600000000
2018314N12093,GAJA,2018,RAJASTHAN,JODHPUR GRAMIN,0.0,0.0,0.0,1600000000
2018314N12093,GAJA,2018,RAJASTHAN,KARAULI,0.0,0.0,0.0,1600000000
2018314N12093,GAJA,2018,RAJASTHAN,KEKRI,0.0,0.0,0.0,1600000000
2018314N12093,GAJA,2018,RAJASTHAN,KHAIRTHAL-TIJARA,0.0,0.0,0.0,1600000000
2018314N12093,GAJA,2018,RAJASTHAN,KOTA,0.0,0.0,0.0,1600000000
2018314N12093,GAJA,2018,RAJASTHAN,KOTPUTLI-BEHROR,0.0,0.0,0.0,1600000000
2018314N12093,GAJA,2018,RAJASTHAN,NAGAUR,0.0,0.0,0.0,1600000000
2018314N12093,GAJA,2018,RAJASTHAN,NEEM-KA-THANA,0.0,0.0,0.0,1600000000
2018314N12093,GAJA,2018,RAJASTHAN,PALI,0.0,0.0,0.0,1600000000
2018314N12093,GAJA,2018,RAJASTHAN,PHALODI,0.0,0.0,0.0,1600000000
2018314N12093,GAJA,2018,RAJASTHAN,PRATAPGARH,0.0,0.0,0.0,1600000000
2018314N12093,GAJA,2018,RAJASTHAN,RAJSAMAND,0.0,0.0,0.0,1600000000
2018314N12093,GAJA,2018,RAJASTHAN,SALUMBAR,0.0,0.0,0.0,1600000000
2018314N12093,GAJA,2018,RAJASTHAN,SANCHORE,0.0,0.0,0.0,1600000000
2018314N12093,GAJA,2018,RAJASTHAN,SAWAI MADHOPUR,0.0,0.0,0.0,1600000000
2018314N12093,GAJA,2018,RAJASTHAN,SHAHPURA,0.0,0.0,0.0,1600000000
2018314N12093,GAJA,2018,RAJASTHAN,SIKAR,0.0,0.0,0.0,1600000000
2018314N12093,GAJA,2018,RAJASTHAN,SIROHI,0.0,0.0,0.0,1600000000
2018314N12093,GAJA,2018,RAJASTHAN,TONK,0.0,0.0,0.0,1600000000
2018314N12093,GAJA,2018,RAJASTHAN,UDAIPUR,0.0,0.0,0.0,1600000000
2018314N12093,GAJA,2018,SIKKIM,GYALSHING,0.0,0.0,0.0,1600000000
2018314N12093,GAJA,2018,SIKKIM,PAKYONG,0.0,0.0,0.0,1600000000
2018314N12093,GAJA,2018,SIKKIM,NAMCHI,0.0,0.0,0.0,1600000000
2018314N12093,GAJA,2018,SIKKIM,MANGAN,0.0,0.0,0.0,1600000000
2018314N12093,GAJA,2018,SIKKIM,GANGTOK,0.0,0.0,0.0,1600000000
2018314N12093,GAJA,2018,SIKKIM,SORENG,0.0,0.0,0.0,1600000000
2018314N12093,GAJA,2018,TAMIL NADU,ARIYALUR,0.0,0.0,0.0,1600000000
2018314N12093,GAJA,2018,TAMIL NADU,CHENGALPATTU,0.0,0.0,0.0,1600000000
2018314N12093,GAJA,2018,TAMIL NADU,CHENNAI,0.0,0.0,0.0,1600000000
2018314N12093,GAJA,2018,TAMIL NADU,COIMBATORE,0.0,0.0,0.0,1600000000
2018314N12093,GAJA,2018,TAMIL NADU,CUDDALORE,0.0,0.0,0.0,1600000000
2018314N12093,GAJA,2018,TAMIL NADU,DHARMAPURI,0.0,0.0,0.0,1600000000
2018314N12093,GAJA,2018,TAMIL NADU,DINDIGUL,0.0,0.0,0.0,1600000000
2018314N12093,GAJA,2018,TAMIL NADU,ERODE,0.0,0.0,0.0,1600000000
2018314N12093,GAJA,2018,TAMIL NADU,KALLAKKURICHI,0.0,0.0,0.0,1600000000
2018314N12093,GAJA,2018,TAMIL NADU,KANCHIPURAM,0.0,0.0,0.0,1600000000
2018314N12093,GAJA,2018,TAMIL NADU,KANNIYAKUMARI,0.0,0.0,0.0,1600000000
2018314N12093,GAJA,2018,TAMIL NADU,KARUR,0.0,0.0,0.0,1600000000
2018314N12093,GAJA,2018,TAMIL NADU,KRISHNAGIRI,0.0,0.0,0.0,1600000000
2018314N12093,GAJA,2018,TAMIL NADU,MADURAI,0.0,0.0,0.0,1600000000
2018314N12093,GAJA,2018,TAMIL NADU,MAYILADUTHURAI,0.0,0.0,0.0,1600000000
2018314N12093,GAJA,2018,TAMIL NADU,NAGAPATTINAM,7402387.825772587,0.1456182296081607,232989167.3730572,1600000000
2018314N12093,GAJA,2018,TAMIL NADU,NAMAKKAL,0.0,0.0,0.0,1600000000
2018314N12093,GAJA,2018,TAMIL NADU,PERAMBALUR,0.0,0.0,0.0,1600000000
2018314N12093,GAJA,2018,TAMIL NADU,PUDUKKOTTAI,1154848.627168477,0.1136479855226595,181836776.8362553,1600000000
2018314N12093,GAJA,2018,TAMIL NADU,RAMANATHAPURAM,0.0,0.0,0.0,1600000000
2018314N12093,GAJA,2018,TAMIL NADU,RANIPET,0.0,0.0,0.0,1600000000
2018314N12093,GAJA,2018,TAMIL NADU,SALEM,0.0,0.0,0.0,1600000000
2018314N12093,GAJA,2018,TAMIL NADU,SIVAGANGA,0.0,0.0,0.0,1600000000
2018314N12093,GAJA,2018,TAMIL NADU,TENKASI,0.0,0.0,0.0,1600000000
2018314N12093,GAJA,2018,TAMIL NADU,THANJAVUR,10199033.979511157,0.5221613546219209,835458167.3950735,1600000000
2018314N12093,GAJA,2018,TAMIL NADU,THE NILGIRIS,0.0,0.0,0.0,1600000000
2018314N12093,GAJA,2018,TAMIL NADU,THENI,0.0,0.0,0.0,1600000000
2018314N12093,GAJA,2018,TAMIL NADU,THIRUVALLUR,0.0,0.0,0.0,1600000000
2018314N12093,GAJA,2018,TAMIL NADU,THIRUVARUR,17418831.618255217,0.2185724302472587,349715888.395614,1600000000
2018314N12093,GAJA,2018,TAMIL NADU,THOOTHUKUDI,0.0,0.0,0.0,1600000000
2018314N12093,GAJA,2018,TAMIL NADU,TIRUCHIRAPPALLI,188114.8389323989,0.0,0.0,1600000000
2018314N12093,GAJA,2018,TAMIL NADU,TIRUNELVELI,0.0,0.0,0.0,1600000000
2018314N12093,GAJA,2018,TAMIL NADU,TIRUPATHUR,0.0,0.0,0.0,1600000000
2018314N12093,GAJA,2018,TAMIL NADU,TIRUPPUR,0.0,0.0,0.0,1600000000
2018314N12093,GAJA,2018,TAMIL NADU,TIRUVANNAMALAI,0.0,0.0,0.0,1600000000
2018314N12093,GAJA,2018,TAMIL NADU,VELLORE,0.0,0.0,0.0,1600000000
2018314N12093,GAJA,2018,TAMIL NADU,VILUPPURAM,0.0,0.0,0.0,1600000000
2018314N12093,GAJA,2018,TAMIL NADU,VIRUDHUNAGAR,0.0,0.0,0.0,1600000000
2018314N12093,GAJA,2018,TELANGANA,ADILABAD,0.0,0.0,0.0,1600000000
2018314N12093,GAJA,2018,TELANGANA,BHADRADRI KOTHAGUDEM,0.0,0.0,0.0,1600000000
2018314N12093,GAJA,2018,TELANGANA,HANUMAKONDA,0.0,0.0,0.0,1600000000
2018314N12093,GAJA,2018,TELANGANA,HYDERABAD,0.0,0.0,0.0,1600000000
2018314N12093,GAJA,2018,TELANGANA,JAGTIAL,0.0,0.0,0.0,1600000000
2018314N12093,GAJA,2018,TELANGANA,JANGOAN,0.0,0.0,0.0,1600000000
2018314N12093,GAJA,2018,TELANGANA,JAYASHANKAR BHUPALPALLI,0.0,0.0,0.0,1600000000
2018314N12093,GAJA,2018,TELANGANA,JOGULAMBA GADWAL,0.0,0.0,0.0,1600000000
2018314N12093,GAJA,2018,TELANGANA,KAMAREDDY,0.0,0.0,0.0,1600000000
2018314N12093,GAJA,2018,TELANGANA,KARIMNAGAR,0.0,0.0,0.0,1600000000
2018314N12093,GAJA,2018,TELANGANA,KHAMMAM,0.0,0.0,0.0,1600000000
2018314N12093,GAJA,2018,TELANGANA,KOMARRAM BHEEM,0.0,0.0,0.0,1600000000
2018314N12093,GAJA,2018,TELANGANA,MAHABUBABAD,0.0,0.0,0.0,1600000000
2018314N12093,GAJA,2018,TELANGANA,MAHABUBNAGAR,0.0,0.0,0.0,1600000000
2018314N12093,GAJA,2018,TELANGANA,MANCHERIAL,0.0,0.0,0.0,1600000000
2018314N12093,GAJA,2018,TELANGANA,MEDAK,0.0,0.0,0.0,1600000000
2018314N12093,GAJA,2018,TELANGANA,MEDCHAL_MALKAJGIRI,0.0,0.0,0.0,1600000000
2018314N12093,GAJA,2018,TELANGANA,MULUGU,0.0,0.0,0.0,1600000000
2018314N12093,GAJA,2018,TELANGANA,NAGARKURNOOL,0.0,0.0,0.0,1600000000
2018314N12093,GAJA,2018,TELANGANA,NALGONDA,0.0,0.0,0.0,1600000000
2018314N12093,GAJA,2018,TELANGANA,NARAYANPET,0.0,0.0,0.0,1600000000
2018314N12093,GAJA,2018,TELANGANA,NIRMAL,0.0,0.0,0.0,1600000000
2018314N12093,GAJA,2018,TELANGANA,NIZAMABAD,0.0,0.0,0.0,1600000000
2018314N12093,GAJA,2018,TELANGANA,PEDDAPALLI,0.0,0.0,0.0,1600000000
2018314N12093,GAJA,2018,TELANGANA,RAJANNA SIRCILLA,0.0,0.0,0.0,1600000000
2018314N12093,GAJA,2018,TELANGANA,RANGA REDDY,0.0,0.0,0.0,1600000000
2018314N12093,GAJA,2018,TELANGANA,SANGAREDDY,0.0,0.0,0.0,1600000000
2018314N12093,GAJA,2018,TELANGANA,SIDDIPET,0.0,0.0,0.0,1600000000
2018314N12093,GAJA,2018,TELANGANA,SURIYAPET,0.0,0.0,0.0,1600000000
2018314N12093,GAJA,2018,TELANGANA,VIKARABAD,0.0,0.0,0.0,1600000000
2018314N12093,GAJA,2018,TELANGANA,WANPARTI,0.0,0.0,0.0,1600000000
2018314N12093,GAJA,2018,TELANGANA,WARANGAL,0.0,0.0,0.0,1600000000
2018314N12093,GAJA,2018,TELANGANA,YADADRI BHUVANAGIRI,0.0,0.0,0.0,1600000000
2018314N12093,GAJA,2018,TRIPURA,SOUTH TRIPURA,0.0,0.0,0.0,1600000000
2018314N12093,GAJA,2018,TRIPURA,WEST TRIPURA,0.0,0.0,0.0,1600000000
2018314N12093,GAJA,2018,TRIPURA,DHALAI,0.0,0.0,0.0,1600000000
2018314N12093,GAJA,2018,TRIPURA,KHOWAI,0.0,0.0,0.0,1600000000
2018314N12093,GAJA,2018,TRIPURA,UNAKOTI,0.0,0.0,0.0,1600000000
2018314N12093,GAJA,2018,TRIPURA,NORTH TRIPURA,0.0,0.0,0.0,1600000000
2018314N12093,GAJA,2018,TRIPURA,SEPAHIJALA,0.0,0.0,0.0,1600000000
2018314N12093,GAJA,2018,TRIPURA,GOMTI,0.0,0.0,0.0,1600000000
2018314N12093,GAJA,2018,UTTARAKHAND,B>GESHWAR,0.0,0.0,0.0,1600000000
2018314N12093,GAJA,2018,UTTARAKHAND,CHAMP>WAT,0.0,0.0,0.0,1600000000
2018314N12093,GAJA,2018,UTTARAKHAND,HARIDW>R,0.0,0.0,0.0,1600000000
2018314N12093,GAJA,2018,UTTARAKHAND,NAINIT>L,0.0,0.0,0.0,1600000000
2018314N12093,GAJA,2018,UTTARAKHAND,PAURI GARHW>L,0.0,0.0,0.0,1600000000
2018314N12093,GAJA,2018,UTTARAKHAND,RUDRAPRAY>G,0.0,0.0,0.0,1600000000
2018314N12093,GAJA,2018,UTTARAKHAND,TEHRI GARHW>L,0.0,0.0,0.0,1600000000
2018314N12093,GAJA,2018,UTTARAKHAND,UDHAM SINGH NAGAR,0.0,0.0,0.0,1600000000
2018314N12093,GAJA,2018,UTTARAKHAND,CHAMOLI,0.0,0.0,0.0,1600000000
2018314N12093,GAJA,2018,UTTARAKHAND,PITHOR>GARH,0.0,0.0,0.0,1600000000
2018314N12093,GAJA,2018,UTTARAKHAND,UTTARK>SHI,0.0,0.0,0.0,1600000000
2018314N12093,GAJA,2018,WEST BENGAL,MURSHID>B>D,0.0,0.0,0.0,1600000000
2018314N12093,GAJA,2018,WEST BENGAL,SOUTH 24PARGANAS,0.0,0.0,0.0,1600000000
2018314N12093,GAJA,2018,WEST BENGAL,PURULIYA,0.0,0.0,0.0,1600000000
2018314N12093,GAJA,2018,WEST BENGAL,PASCHIM MEDIN|PUR,0.0,0.0,0.0,1600000000
2018314N12093,GAJA,2018,WEST BENGAL,PASCHIM BARDDHAM>N,0.0,0.0,0.0,1600000000
2018314N12093,GAJA,2018,WEST BENGAL,NORTH TWENTY-FOUR PARGANAS,0.0,0.0,0.0,1600000000
2018314N12093,GAJA,2018,WEST BENGAL,KOCH BIH>R,0.0,0.0,0.0,1600000000
2018314N12093,GAJA,2018,WEST BENGAL,JHARGRAM,0.0,0.0,0.0,1600000000
2018314N12093,GAJA,2018,WEST BENGAL,JALP>IGURI,0.0,0.0,0.0,1600000000
2018314N12093,GAJA,2018,WEST BENGAL,HUGLI,0.0,0.0,0.0,1600000000
2018314N12093,GAJA,2018,WEST BENGAL,B>NKURA,0.0,0.0,0.0,1600000000
2018314N12093,GAJA,2018,WEST BENGAL,>L|PUR DU>R,0.0,0.0,0.0,1600000000
2018314N12093,GAJA,2018,WEST BENGAL,UTTAR DIN>JPUR,0.0,0.0,0.0,1600000000
2018314N12093,GAJA,2018,WEST BENGAL,PURBA MEDIN|PUR,0.0,0.0,0.0,1600000000
2018314N12093,GAJA,2018,WEST BENGAL,PURBA BARDDHAM>N,0.0,0.0,0.0,1600000000
2018314N12093,GAJA,2018,WEST BENGAL,NADIA,0.0,0.0,0.0,1600000000
2018314N12093,GAJA,2018,WEST BENGAL,M>LDAH,0.0,0.0,0.0,1600000000
2018314N12093,GAJA,2018,WEST BENGAL,K>LIMPONG,0.0,0.0,0.0,1600000000
2018314N12093,GAJA,2018,WEST BENGAL,H>ORA,0.0,0.0,0.0,1600000000
2018314N12093,GAJA,2018,WEST BENGAL,D>RJILING,0.0,0.0,0.0,1600000000
2018314N12093,GAJA,2018,WEST BENGAL,DAKSHIN DIN>JPUR,0.0,0.0,0.0,1600000000
2018314N12093,GAJA,2018,WEST BENGAL,B|RBH@M,0.0,0.0,0.0,1600000000
2018314N12093,GAJA,2018,WEST BENGAL,P@RBA MEDIN|PUR,0.0,0.0,0.0,1600000000
2018314N12093,GAJA,2018,KARNATAKA,UDUPI,0.0,0.0,0.0,1600000000
2018314N12093,GAJA,2018,ODISHA,KENDRAPARA,0.0,0.0,0.0,1600000000
2018314N12093,GAJA,2018,ODISHA,BHADRAK,0.0,0.0,0.0,1600000000
2018314N12093,GAJA,2018,ODISHA,BARGARH,0.0,0.0,0.0,1600000000
2018314N12093,GAJA,2018,ODISHA,KEONJHAR (KENDUJHAR),0.0,0.0,0.0,1600000000
2018314N12093,GAJA,2018,ODISHA,ANUGUL,0.0,0.0,0.0,1600000000
2018314N12093,GAJA,2018,ODISHA,BALANGIR,0.0,0.0,0.0,1600000000
2018314N12093,GAJA,2018,ODISHA,BALASORE,0.0,0.0,0.0,1600000000
2018314N12093,GAJA,2018,ODISHA,DHENKANAL,0.0,0.0,0.0,1600000000
2018314N12093,GAJA,2018,ODISHA,JHARSUGUDA,0.0,0.0,0.0,1600000000
2018314N12093,GAJA,2018,ODISHA,MAYURBHANJ,0.0,0.0,0.0,1600000000
2018314N12093,GAJA,2018,ODISHA,JAGATSINGHPUR,0.0,0.0,0.0,1600000000
2018314N12093,GAJA,2018,ODISHA,KANDHAMAL,0.0,0.0,0.0,1600000000
2018314N12093,GAJA,2018,ODISHA,CUTTACK,0.0,0.0,0.0,1600000000
2018314N12093,GAJA,2018,ODISHA,KORAPUT,0.0,0.0,0.0,1600000000
2018314N12093,GAJA,2018,ODISHA,NABARANGAPUR,0.0,0.0,0.0,1600000000
2018314N12093,GAJA,2018,ODISHA,PURI,0.0,0.0,0.0,1600000000
2018314N12093,GAJA,2018,ODISHA,SAMBALPUR,0.0,0.0,0.0,1600000000
2018314N12093,GAJA,2018,ODISHA,GAJAPATI,0.0,0.0,0.0,1600000000
2018314N12093,GAJA,2018,ODISHA,GANJAM,0.0,0.0,0.0,1600000000
2018314N12093,GAJA,2018,ODISHA,MALKANGIRI,0.0,0.0,0.0,1600000000
2018314N12093,GAJA,2018,ODISHA,KHORDHA,0.0,0.0,0.0,1600000000
2018314N12093,GAJA,2018,ODISHA,BOUDH,0.0,0.0,0.0,1600000000
2018314N12093,GAJA,2018,ODISHA,DEOGARH,0.0,0.0,0.0,1600000000
2018314N12093,GAJA,2018,ODISHA,NUAPARHA,0.0,0.0,0.0,1600000000
2018314N12093,GAJA,2018,ODISHA,JAJAPUR,0.0,0.0,0.0,1600000000
2018314N12093,GAJA,2018,ODISHA,SUNDARGARH,0.0,0.0,0.0,1600000000
2018314N12093,GAJA,2018,ODISHA,KALAHANDI,0.0,0.0,0.0,1600000000
2018314N12093,GAJA,2018,ODISHA,SUBARNAPUR,0.0,0.0,0.0,1600000000
2018314N12093,GAJA,2018,ODISHA,RAYAGARHA,0.0,0.0,0.0,1600000000
2018314N12093,GAJA,2018,ODISHA,NAYAGARH,0.0,0.0,0.0,1600000000
2018314N12093,GAJA,2018,CHANDIGARH,CHANDIGARH,0.0,0.0,0.0,1600000000
2018314N12093,GAJA,2018,UTTARAKHAND,ALMORA,0.0,0.0,0.0,1600000000
2018314N12093,GAJA,2018,UTTARAKHAND,DEHRAD@N,0.0,0.0,0.0,1600000000
2018314N12093,GAJA,2018,KARNATAKA,TUMAK#RU,0.0,0.0,0.0,1600000000
2018314N12093,GAJA,2018,KARNATAKA,B\DAR,0.0,0.0,0.0,1600000000
2018314N12093,GAJA,2018,MADHYA PRADESH,SIDHI,0.0,0.0,0.0,1600000000
2018314N12093,GAJA,2018,KARNATAKA,KODAGU,0.0,0.0,0.0,1600000000
2018314N12093,GAJA,2018,MADHYA PRADESH,DATIA,0.0,0.0,0.0,1600000000
2018314N12093,GAJA,2018,UTTAR PRADESH,AGRA,0.0,0.0,0.0,1600000000
2018314N12093,GAJA,2018,UTTAR PRADESH,ALIGARH,0.0,0.0,0.0,1600000000
2018314N12093,GAJA,2018,UTTAR PRADESH,AMBEDKAR NAGAR,0.0,0.0,0.0,1600000000
2018314N12093,GAJA,2018,UTTAR PRADESH,AMETHI,0.0,0.0,0.0,1600000000
2018314N12093,GAJA,2018,UTTAR PRADESH,AMROHA,0.0,0.0,0.0,1600000000
2018314N12093,GAJA,2018,UTTAR PRADESH,AURAIYA,0.0,0.0,0.0,1600000000
2018314N12093,GAJA,2018,UTTAR PRADESH,AYODHYA,0.0,0.0,0.0,1600000000
2018314N12093,GAJA,2018,UTTAR PRADESH,AZAMGARH,0.0,0.0,0.0,1600000000
2018314N12093,GAJA,2018,UTTAR PRADESH,BAGHPAT,0.0,0.0,0.0,1600000000
2018314N12093,GAJA,2018,UTTAR PRADESH,BAHRAICH,0.0,0.0,0.0,1600000000
2018314N12093,GAJA,2018,UTTAR PRADESH,BALLIA,0.0,0.0,0.0,1600000000
2018314N12093,GAJA,2018,UTTAR PRADESH,BARA BANKI,0.0,0.0,0.0,1600000000
2018314N12093,GAJA,2018,UTTAR PRADESH,BAREILLY,0.0,0.0,0.0,1600000000
2018314N12093,GAJA,2018,UTTAR PRADESH,BASTI,0.0,0.0,0.0,1600000000
2018314N12093,GAJA,2018,UTTAR PRADESH,BHADOHI,0.0,0.0,0.0,1600000000
2018314N12093,GAJA,2018,UTTAR PRADESH,BIJNOR,0.0,0.0,0.0,1600000000
2018314N12093,GAJA,2018,UTTAR PRADESH,BUDAUN,0.0,0.0,0.0,1600000000
2018314N12093,GAJA,2018,UTTAR PRADESH,BULANDSHAHR,0.0,0.0,0.0,1600000000
2018314N12093,GAJA,2018,UTTAR PRADESH,CHANDAULI,0.0,0.0,0.0,1600000000
2018314N12093,GAJA,2018,UTTAR PRADESH,CHITRAKOOT,0.0,0.0,0.0,1600000000
2018314N12093,GAJA,2018,UTTAR PRADESH,DEORIA,0.0,0.0,0.0,1600000000
2018314N12093,GAJA,2018,UTTAR PRADESH,ETAH,0.0,0.0,0.0,1600000000
2018314N12093,GAJA,2018,UTTAR PRADESH,ETAWAH,0.0,0.0,0.0,1600000000
2018314N12093,GAJA,2018,UTTAR PRADESH,FARRUKHABAD,0.0,0.0,0.0,1600000000
2018314N12093,GAJA,2018,UTTAR PRADESH,FATEHPUR,0.0,0.0,0.0,1600000000
2018314N12093,GAJA,2018,UTTAR PRADESH,FIROZABAD,0.0,0.0,0.0,1600000000
2018314N12093,GAJA,2018,UTTAR PRADESH,GAUTAM BUDDHA NAGAR,0.0,0.0,0.0,1600000000
2018314N12093,GAJA,2018,UTTAR PRADESH,GHAZIABAD,0.0,0.0,0.0,1600000000
2018314N12093,GAJA,2018,UTTAR PRADESH,GHAZIPUR,0.0,0.0,0.0,1600000000
2018314N12093,GAJA,2018,UTTAR PRADESH,GONDA,0.0,0.0,0.0,1600000000
2018314N12093,GAJA,2018,UTTAR PRADESH,GORAKHPUR,0.0,0.0,0.0,1600000000
2018314N12093,GAJA,2018,UTTAR PRADESH,HAMIRPUR,0.0,0.0,0.0,1600000000
2018314N12093,GAJA,2018,UTTAR PRADESH,HAPUR,0.0,0.0,0.0,1600000000
2018314N12093,GAJA,2018,UTTAR PRADESH,HARDOI,0.0,0.0,0.0,1600000000
2018314N12093,GAJA,2018,UTTAR PRADESH,HATHRAS,0.0,0.0,0.0,1600000000
2018314N12093,GAJA,2018,UTTAR PRADESH,JALAUN,0.0,0.0,0.0,1600000000
2018314N12093,GAJA,2018,UTTAR PRADESH,JAUNPUR,0.0,0.0,0.0,1600000000
2018314N12093,GAJA,2018,UTTAR PRADESH,JHANSI,0.0,0.0,0.0,1600000000
2018314N12093,GAJA,2018,UTTAR PRADESH,KANNAUJ,0.0,0.0,0.0,1600000000
2018314N12093,GAJA,2018,UTTAR PRADESH,KANPUR DEHAT,0.0,0.0,0.0,1600000000
2018314N12093,GAJA,2018,UTTAR PRADESH,KANPUR NAGAR,0.0,0.0,0.0,1600000000
2018314N12093,GAJA,2018,UTTAR PRADESH,KASGANJ,0.0,0.0,0.0,1600000000
2018314N12093,GAJA,2018,UTTAR PRADESH,KAUSHAMBI,0.0,0.0,0.0,1600000000
2018314N12093,GAJA,2018,UTTAR PRADESH,KHERI,0.0,0.0,0.0,1600000000
2018314N12093,GAJA,2018,UTTAR PRADESH,KUSHINAGAR,0.0,0.0,0.0,1600000000
2018314N12093,GAJA,2018,UTTAR PRADESH,LALITPUR,0.0,0.0,0.0,1600000000
2018314N12093,GAJA,2018,UTTAR PRADESH,LUCKNOW,0.0,0.0,0.0,1600000000
2018314N12093,GAJA,2018,UTTAR PRADESH,MAHOBA,0.0,0.0,0.0,1600000000
2018314N12093,GAJA,2018,UTTAR PRADESH,MAHRAJGANJ,0.0,0.0,0.0,1600000000
2018314N12093,GAJA,2018,UTTAR PRADESH,MAINPURI,0.0,0.0,0.0,1600000000
2018314N12093,GAJA,2018,UTTAR PRADESH,MATHURA,0.0,0.0,0.0,1600000000
2018314N12093,GAJA,2018,UTTAR PRADESH,MAU,0.0,0.0,0.0,1600000000
2018314N12093,GAJA,2018,UTTAR PRADESH,MEERUT,0.0,0.0,0.0,1600000000
2018314N12093,GAJA,2018,UTTAR PRADESH,MIRZAPUR,0.0,0.0,0.0,1600000000
2018314N12093,GAJA,2018,UTTAR PRADESH,MORADABAD,0.0,0.0,0.0,1600000000
2018314N12093,GAJA,2018,UTTAR PRADESH,MUZAFFARNAGAR,0.0,0.0,0.0,1600000000
2018314N12093,GAJA,2018,UTTAR PRADESH,PILIBHIT,0.0,0.0,0.0,1600000000
2018314N12093,GAJA,2018,UTTAR PRADESH,PRAYAGRAJ,0.0,0.0,0.0,1600000000
2018314N12093,GAJA,2018,UTTAR PRADESH,RAE BARELI,0.0,0.0,0.0,1600000000
2018314N12093,GAJA,2018,UTTAR PRADESH,RAMPUR,0.0,0.0,0.0,1600000000
2018314N12093,GAJA,2018,UTTAR PRADESH,SAHARANPUR,0.0,0.0,0.0,1600000000
2018314N12093,GAJA,2018,UTTAR PRADESH,SAMBHAL,0.0,0.0,0.0,1600000000
2018314N12093,GAJA,2018,UTTAR PRADESH,SANT KABIR NAGAR,0.0,0.0,0.0,1600000000
2018314N12093,GAJA,2018,UTTAR PRADESH,SHAHJAHANPUR,0.0,0.0,0.0,1600000000
2018314N12093,GAJA,2018,UTTAR PRADESH,SHAMLI,0.0,0.0,0.0,1600000000
2018314N12093,GAJA,2018,UTTAR PRADESH,SHRAWASTI,0.0,0.0,0.0,1600000000
2018314N12093,GAJA,2018,UTTAR PRADESH,SIDDHARTHNAGAR,0.0,0.0,0.0,1600000000
2018314N12093,GAJA,2018,UTTAR PRADESH,SITAPUR,0.0,0.0,0.0,1600000000
2018314N12093,GAJA,2018,UTTAR PRADESH,SONBHADRA,0.0,0.0,0.0,1600000000
2018314N12093,GAJA,2018,UTTAR PRADESH,SULTANPUR,0.0,0.0,0.0,1600000000
2018314N12093,GAJA,2018,UTTAR PRADESH,UNNAO,0.0,0.0,0.0,1600000000
2018314N12093,GAJA,2018,UTTAR PRADESH,VARANASI,0.0,0.0,0.0,1600000000
2018314N12093,GAJA,2018,UTTAR PRADESH,BANDA,0.0,0.0,0.0,1600000000
2018314N12093,GAJA,2018,WEST BENGAL,KOLK>TA,0.0,0.0,0.0,1600000000
2018314N12093,GAJA,2018,MIZORAM,KHAWZAWL,0.0,0.0,0.0,1600000000
2018314N12093,GAJA,2018,ARUNACHAL PRADESH,LOHIT,0.0,0.0,0.0,1600000000
2018314N12093,GAJA,2018,LAKSHADWEEP,LAKSHADWEEP,0.0,0.0,0.0,1600000000
2016341N08092,VARDHAH,2016,ANDHRA PRADESH,ALLURI SITHARAMA RAJU,0.0,0.0,0.0,1000000000
2016341N08092,VARDHAH,2016,ANDHRA PRADESH,ANAKAPALLI,0.0,0.0,0.0,1000000000
2016341N08092,VARDHAH,2016,ANDHRA PRADESH,ANANTHAPURAMU,0.0,0.0,0.0,1000000000
2016341N08092,VARDHAH,2016,ANDHRA PRADESH,ANNAMAYYA,6560098.424619764,0.004503135491882,4503135.491882046,1000000000
2016341N08092,VARDHAH,2016,ANDHRA PRADESH,BAPATLA,0.0,0.0,0.0,1000000000
2016341N08092,VARDHAH,2016,ANDHRA PRADESH,CHITTOOR,125030539.28351308,0.0137965827241149,13796582.724114912,1000000000
2016341N08092,VARDHAH,2016,ANDHRA PRADESH,DR.B.R.AMBEDKAR KONASEEMA,0.0,0.0,0.0,1000000000
2016341N08092,VARDHAH,2016,ANDHRA PRADESH,EAST GODAVARI,0.0,0.0,0.0,1000000000
2016341N08092,VARDHAH,2016,ANDHRA PRADESH,ELURU,0.0,0.0,0.0,1000000000
2016341N08092,VARDHAH,2016,ANDHRA PRADESH,GUNTUR,0.0,0.0,0.0,1000000000
2016341N08092,VARDHAH,2016,ANDHRA PRADESH,KAKINADA,0.0,0.0,0.0,1000000000
2016341N08092,VARDHAH,2016,ANDHRA PRADESH,KRISHNA,0.0,0.0,0.0,1000000000
2016341N08092,VARDHAH,2016,ANDHRA PRADESH,KURNOOL,0.0,0.0,0.0,1000000000
2016341N08092,VARDHAH,2016,ANDHRA PRADESH,NANDYAL,0.0,0.0,0.0,1000000000
2016341N08092,VARDHAH,2016,ANDHRA PRADESH,NTR,0.0,0.0,0.0,1000000000
2016341N08092,VARDHAH,2016,ANDHRA PRADESH,PALNADU,0.0,0.0,0.0,1000000000
2016341N08092,VARDHAH,2016,ANDHRA PRADESH,PARVATHIPURAM MANYAM,0.0,0.0,0.0,1000000000
2016341N08092,VARDHAH,2016,ANDHRA PRADESH,PRAKASAM,0.0,0.0,0.0,1000000000
2016341N08092,VARDHAH,2016,ANDHRA PRADESH,SRI POTTI SRIRAMULU NELLORE,116140119.24808338,0.0290939354998091,29093935.49980914,1000000000
2016341N08092,VARDHAH,2016,ANDHRA PRADESH,SRI SATHYA SAI,0.0,0.0,0.0,1000000000
2016341N08092,VARDHAH,2016,ANDHRA PRADESH,SRIKAKULAM,0.0,0.0,0.0,1000000000
2016341N08092,VARDHAH,2016,ANDHRA PRADESH,TIRUPATI,484022644.9720992,0.0377525439390903,37752543.93909031,1000000000
2016341N08092,VARDHAH,2016,ANDHRA PRADESH,VISAKHAPATNAM,0.0,0.0,0.0,1000000000
2016341N08092,VARDHAH,2016,ANDHRA PRADESH,VIZIANAGARAM,0.0,0.0,0.0,1000000000
2016341N08092,VARDHAH,2016,ANDHRA PRADESH,WEST GODAVARI,0.0,0.0,0.0,1000000000
2016341N08092,VARDHAH,2016,PUDUCHERRY,YANAM,0.0,0.0,0.0,1000000000
2016341N08092,VARDHAH,2016,ANDHRA PRADESH,YSR KADAPA,0.0,0.0,0.0,1000000000
2016341N08092,VARDHAH,2016,ANDAMAN AND NICOBAR ISLANDS,NICOBARS,0.0,0.0,0.0,1000000000
2016341N08092,VARDHAH,2016,ANDAMAN AND NICOBAR ISLANDS,NORTH AND MIDDLE ANDAMAN,0.0,0.0,0.0,1000000000
2016341N08092,VARDHAH,2016,ANDAMAN AND NICOBAR ISLANDS,SOUTH ANDAMANS,0.0,0.0,0.0,1000000000
2016341N08092,VARDHAH,2016,ARUNACHAL PRADESH,>NJ>W,0.0,0.0,0.0,1000000000
2016341N08092,VARDHAH,2016,ARUNACHAL PRADESH,CH>NGL>NG,0.0,0.0,0.0,1000000000
2016341N08092,VARDHAH,2016,ARUNACHAL PRADESH,DIB>NG VALLEY,0.0,0.0,0.0,1000000000
2016341N08092,VARDHAH,2016,ARUNACHAL PRADESH,EAST KAMENG,0.0,0.0,0.0,1000000000
2016341N08092,VARDHAH,2016,ARUNACHAL PRADESH,EAST SIANG,0.0,0.0,0.0,1000000000
2016341N08092,VARDHAH,2016,ARUNACHAL PRADESH,KURUNG KUMEY,0.0,0.0,0.0,1000000000
2016341N08092,VARDHAH,2016,ARUNACHAL PRADESH,LOWER DIB>NG VALLEY,0.0,0.0,0.0,1000000000
2016341N08092,VARDHAH,2016,ARUNACHAL PRADESH,PAPUMPARE,0.0,0.0,0.0,1000000000
2016341N08092,VARDHAH,2016,ARUNACHAL PRADESH,TAWANG,0.0,0.0,0.0,1000000000
2016341N08092,VARDHAH,2016,ARUNACHAL PRADESH,TIR>P,0.0,0.0,0.0,1000000000
2016341N08092,VARDHAH,2016,ARUNACHAL PRADESH,UPPER SIANG,0.0,0.0,0.0,1000000000
2016341N08092,VARDHAH,2016,ARUNACHAL PRADESH,UPPER SUBANSIRI,0.0,0.0,0.0,1000000000
2016341N08092,VARDHAH,2016,ARUNACHAL PRADESH,WEST KAMENG,0.0,0.0,0.0,1000000000
2016341N08092,VARDHAH,2016,ARUNACHAL PRADESH,SHI YOMI,0.0,0.0,0.0,1000000000
2016341N08092,VARDHAH,2016,ARUNACHAL PRADESH,NAMSAI,0.0,0.0,0.0,1000000000
2016341N08092,VARDHAH,2016,ARUNACHAL PRADESH,WEST SIANG,0.0,0.0,0.0,1000000000
2016341N08092,VARDHAH,2016,ARUNACHAL PRADESH,SIANG,0.0,0.0,0.0,1000000000
2016341N08092,VARDHAH,2016,ARUNACHAL PRADESH,LONGDING,0.0,0.0,0.0,1000000000
2016341N08092,VARDHAH,2016,ARUNACHAL PRADESH,PAKKE KESSANG,0.0,0.0,0.0,1000000000
2016341N08092,VARDHAH,2016,ARUNACHAL PRADESH,LOWER SIANG,0.0,0.0,0.0,1000000000
2016341N08092,VARDHAH,2016,ARUNACHAL PRADESH,LEPA RADA,0.0,0.0,0.0,1000000000
2016341N08092,VARDHAH,2016,ARUNACHAL PRADESH,BICHOM,0.0,0.0,0.0,1000000000
2016341N08092,VARDHAH,2016,ARUNACHAL PRADESH,KRA DAADI,0.0,0.0,0.0,1000000000
2016341N08092,VARDHAH,2016,ARUNACHAL PRADESH,KAMLE,0.0,0.0,0.0,1000000000
2016341N08092,VARDHAH,2016,ARUNACHAL PRADESH,KEYI PANYOR,0.0,0.0,0.0,1000000000
2016341N08092,VARDHAH,2016,ARUNACHAL PRADESH,LOWER SUBANSIRI,0.0,0.0,0.0,1000000000
2016341N08092,VARDHAH,2016,ASSAM,KOKRAJHAR,0.0,0.0,0.0,1000000000
2016341N08092,VARDHAH,2016,ASSAM,CHIRANG,0.0,0.0,0.0,1000000000
2016341N08092,VARDHAH,2016,ASSAM,UDALGURI,0.0,0.0,0.0,1000000000
2016341N08092,VARDHAH,2016,ASSAM,BAKSA,0.0,0.0,0.0,1000000000
2016341N08092,VARDHAH,2016,ASSAM,DHUBRI,0.0,0.0,0.0,1000000000
2016341N08092,VARDHAH,2016,ASSAM,DARANG,0.0,0.0,0.0,1000000000
2016341N08092,VARDHAH,2016,ASSAM,KARBI ANGLONG,0.0,0.0,0.0,1000000000
2016341N08092,VARDHAH,2016,ASSAM,DIMA HASAO,0.0,0.0,0.0,1000000000
2016341N08092,VARDHAH,2016,ASSAM,CACHAR,0.0,0.0,0.0,1000000000
2016341N08092,VARDHAH,2016,ASSAM,KARIMGANJ,0.0,0.0,0.0,1000000000
2016341N08092,VARDHAH,2016,ASSAM,HAILAKANDI,0.0,0.0,0.0,1000000000
2016341N08092,VARDHAH,2016,ASSAM,WEST KARBI ANGLONG,0.0,0.0,0.0,1000000000
2016341N08092,VARDHAH,2016,ASSAM,JORHAT,0.0,0.0,0.0,1000000000
2016341N08092,VARDHAH,2016,ASSAM,GOLAGHAT,0.0,0.0,0.0,1000000000
2016341N08092,VARDHAH,2016,ASSAM,SONITPUR,0.0,0.0,0.0,1000000000
2016341N08092,VARDHAH,2016,ASSAM,DHEMAJI,0.0,0.0,0.0,1000000000
2016341N08092,VARDHAH,2016,ASSAM,CHARAIDEO,0.0,0.0,0.0,1000000000
2016341N08092,VARDHAH,2016,ASSAM,TINSUKIA,0.0,0.0,0.0,1000000000
2016341N08092,VARDHAH,2016,ASSAM,LAKHIMPUR,0.0,0.0,0.0,1000000000
2016341N08092,VARDHAH,2016,ASSAM,MAJULI,0.0,0.0,0.0,1000000000
2016341N08092,VARDHAH,2016,ASSAM,SIBSAGAR,0.0,0.0,0.0,1000000000
2016341N08092,VARDHAH,2016,ASSAM,NAGAON,0.0,0.0,0.0,1000000000
2016341N08092,VARDHAH,2016,ASSAM,MARIGAON,0.0,0.0,0.0,1000000000
2016341N08092,VARDHAH,2016,ASSAM,KAMRUP METRO,0.0,0.0,0.0,1000000000
2016341N08092,VARDHAH,2016,ASSAM,NALBARI,0.0,0.0,0.0,1000000000
2016341N08092,VARDHAH,2016,ASSAM,GOALPARA,0.0,0.0,0.0,1000000000
2016341N08092,VARDHAH,2016,ASSAM,BONGAIGAON,0.0,0.0,0.0,1000000000
2016341N08092,VARDHAH,2016,ASSAM,KAMRUP RURAL,0.0,0.0,0.0,1000000000
2016341N08092,VARDHAH,2016,ASSAM,DIBRUGARH,0.0,0.0,0.0,1000000000
2016341N08092,VARDHAH,2016,ASSAM,HOJAI,0.0,0.0,0.0,1000000000
2016341N08092,VARDHAH,2016,ASSAM,TAMULPUR,0.0,0.0,0.0,1000000000
2016341N08092,VARDHAH,2016,ASSAM,BISWANATH,0.0,0.0,0.0,1000000000
2016341N08092,VARDHAH,2016,ASSAM,BARPETA,0.0,0.0,0.0,1000000000
2016341N08092,VARDHAH,2016,ASSAM,BAJALI,0.0,0.0,0.0,1000000000
2016341N08092,VARDHAH,2016,ASSAM,SOUTH SALMARA MANCACHAR,0.0,0.0,0.0,1000000000
2016341N08092,VARDHAH,2016,BIHAR,ARARIA,0.0,0.0,0.0,1000000000
2016341N08092,VARDHAH,2016,BIHAR,ARWAL,0.0,0.0,0.0,1000000000
2016341N08092,VARDHAH,2016,BIHAR,AURANGABAD,0.0,0.0,0.0,1000000000
2016341N08092,VARDHAH,2016,BIHAR,BANKA,0.0,0.0,0.0,1000000000
2016341N08092,VARDHAH,2016,BIHAR,BEGUSARAI,0.0,0.0,0.0,1000000000
2016341N08092,VARDHAH,2016,BIHAR,BHAGALPUR,0.0,0.0,0.0,1000000000
2016341N08092,VARDHAH,2016,BIHAR,BHOJPUR,0.0,0.0,0.0,1000000000
2016341N08092,VARDHAH,2016,BIHAR,BUXAR,0.0,0.0,0.0,1000000000
2016341N08092,VARDHAH,2016,BIHAR,DARBHANGA,0.0,0.0,0.0,1000000000
2016341N08092,VARDHAH,2016,BIHAR,GAYA,0.0,0.0,0.0,1000000000
2016341N08092,VARDHAH,2016,BIHAR,GOPALGANJ,0.0,0.0,0.0,1000000000
2016341N08092,VARDHAH,2016,BIHAR,JAHANABAD,0.0,0.0,0.0,1000000000
2016341N08092,VARDHAH,2016,BIHAR,JAMUI,0.0,0.0,0.0,1000000000
2016341N08092,VARDHAH,2016,BIHAR,KAIMUR,0.0,0.0,0.0,1000000000
2016341N08092,VARDHAH,2016,BIHAR,KATIHAR,0.0,0.0,0.0,1000000000
2016341N08092,VARDHAH,2016,BIHAR,KHAGARIA,0.0,0.0,0.0,1000000000
2016341N08092,VARDHAH,2016,BIHAR,KISHANGANJ,0.0,0.0,0.0,1000000000
2016341N08092,VARDHAH,2016,BIHAR,LAKHISARAI,0.0,0.0,0.0,1000000000
2016341N08092,VARDHAH,2016,BIHAR,MADHEPURA,0.0,0.0,0.0,1000000000
2016341N08092,VARDHAH,2016,BIHAR,MADHUBANI,0.0,0.0,0.0,1000000000
2016341N08092,VARDHAH,2016,BIHAR,MUNGER,0.0,0.0,0.0,1000000000
2016341N08092,VARDHAH,2016,BIHAR,MUZAFFARPUR,0.0,0.0,0.0,1000000000
2016341N08092,VARDHAH,2016,BIHAR,NALANDA,0.0,0.0,0.0,1000000000
2016341N08092,VARDHAH,2016,BIHAR,NAWADA,0.0,0.0,0.0,1000000000
2016341N08092,VARDHAH,2016,BIHAR,PASHCHIMI CHAMPARAN,0.0,0.0,0.0,1000000000
2016341N08092,VARDHAH,2016,BIHAR,PATNA,0.0,0.0,0.0,1000000000
2016341N08092,VARDHAH,2016,BIHAR,PURBI CHAMPARAN,0.0,0.0,0.0,1000000000
2016341N08092,VARDHAH,2016,BIHAR,PURNIA,0.0,0.0,0.0,1000000000
2016341N08092,VARDHAH,2016,BIHAR,ROHTAS,0.0,0.0,0.0,1000000000
2016341N08092,VARDHAH,2016,BIHAR,SAHARSA,0.0,0.0,0.0,1000000000
2016341N08092,VARDHAH,2016,BIHAR,SAMASTIPUR,0.0,0.0,0.0,1000000000
2016341N08092,VARDHAH,2016,BIHAR,SARAN,0.0,0.0,0.0,1000000000
2016341N08092,VARDHAH,2016,BIHAR,SHEIKHPURA,0.0,0.0,0.0,1000000000
2016341N08092,VARDHAH,2016,BIHAR,SHEOHAR,0.0,0.0,0.0,1000000000
2016341N08092,VARDHAH,2016,BIHAR,SITAMARHI,0.0,0.0,0.0,1000000000
2016341N08092,VARDHAH,2016,BIHAR,SIWAN,0.0,0.0,0.0,1000000000
2016341N08092,VARDHAH,2016,BIHAR,SUPAUL,0.0,0.0,0.0,1000000000
2016341N08092,VARDHAH,2016,BIHAR,VAISHALI,0.0,0.0,0.0,1000000000
2016341N08092,VARDHAH,2016,CHHATTISGARH,KAWARDHA (KABIRDHAM),0.0,0.0,0.0,1000000000
2016341N08092,VARDHAH,2016,CHHATTISGARH,GAURELA-PENDRA-MARWAHI,0.0,0.0,0.0,1000000000
2016341N08092,VARDHAH,2016,CHHATTISGARH,SURAJPUR,0.0,0.0,0.0,1000000000
2016341N08092,VARDHAH,2016,CHHATTISGARH,BALRAMPUR,0.0,0.0,0.0,1000000000
2016341N08092,VARDHAH,2016,CHHATTISGARH,MUNGELI,0.0,0.0,0.0,1000000000
2016341N08092,VARDHAH,2016,CHHATTISGARH,DAKSHIN BASTAR DANTEWARA,0.0,0.0,0.0,1000000000
2016341N08092,VARDHAH,2016,CHHATTISGARH,BIJAPUR,0.0,0.0,0.0,1000000000
2016341N08092,VARDHAH,2016,CHHATTISGARH,BASTAR,0.0,0.0,0.0,1000000000
2016341N08092,VARDHAH,2016,CHHATTISGARH,SUKMA,0.0,0.0,0.0,1000000000
2016341N08092,VARDHAH,2016,CHHATTISGARH,KONDAGAON,0.0,0.0,0.0,1000000000
2016341N08092,VARDHAH,2016,CHHATTISGARH,NARAYANPUR,0.0,0.0,0.0,1000000000
2016341N08092,VARDHAH,2016,CHHATTISGARH,UTTAR BASTAR KANKER,0.0,0.0,0.0,1000000000
2016341N08092,VARDHAH,2016,CHHATTISGARH,GARIYABAND,0.0,0.0,0.0,1000000000
2016341N08092,VARDHAH,2016,CHHATTISGARH,DHAMTARI,0.0,0.0,0.0,1000000000
2016341N08092,VARDHAH,2016,CHHATTISGARH,BALOD,0.0,0.0,0.0,1000000000
2016341N08092,VARDHAH,2016,CHHATTISGARH,MAHASAMUND,0.0,0.0,0.0,1000000000
2016341N08092,VARDHAH,2016,CHHATTISGARH,DURG,0.0,0.0,0.0,1000000000
2016341N08092,VARDHAH,2016,CHHATTISGARH,RAIPUR,0.0,0.0,0.0,1000000000
2016341N08092,VARDHAH,2016,CHHATTISGARH,BEMETARA,0.0,0.0,0.0,1000000000
2016341N08092,VARDHAH,2016,CHHATTISGARH,BILASPUR,0.0,0.0,0.0,1000000000
2016341N08092,VARDHAH,2016,CHHATTISGARH,KORBA,0.0,0.0,0.0,1000000000
2016341N08092,VARDHAH,2016,CHHATTISGARH,JASHPUR,0.0,0.0,0.0,1000000000
2016341N08092,VARDHAH,2016,CHHATTISGARH,SURGUJA,0.0,0.0,0.0,1000000000
2016341N08092,VARDHAH,2016,CHHATTISGARH,KHAIRGARH-CHHUIKHADAN-GANDAI,0.0,0.0,0.0,1000000000
2016341N08092,VARDHAH,2016,CHHATTISGARH,RAJNANDGAON,0.0,0.0,0.0,1000000000
2016341N08092,VARDHAH,2016,CHHATTISGARH,MOHLA-MANPUR-AMBAGARH CHOWKI,0.0,0.0,0.0,1000000000
2016341N08092,VARDHAH,2016,CHHATTISGARH,JANJGIR - CHAMPA,0.0,0.0,0.0,1000000000
2016341N08092,VARDHAH,2016,CHHATTISGARH,SAKTI,0.0,0.0,0.0,1000000000
2016341N08092,VARDHAH,2016,CHHATTISGARH,RAIGARH,0.0,0.0,0.0,1000000000
2016341N08092,VARDHAH,2016,CHHATTISGARH,KOREA,0.0,0.0,0.0,1000000000
2016341N08092,VARDHAH,2016,CHHATTISGARH,MANENDRAGARH-CHIRMIRI-BHARATPUR,0.0,0.0,0.0,1000000000
2016341N08092,VARDHAH,2016,CHHATTISGARH,SARANGARH-BILAIGARH,0.0,0.0,0.0,1000000000
2016341N08092,VARDHAH,2016,CHHATTISGARH,BALODA BAZAR,0.0,0.0,0.0,1000000000
2016341N08092,VARDHAH,2016,DELHI,NAZUL,0.0,0.0,0.0,1000000000
2016341N08092,VARDHAH,2016,DELHI,SOUTH WEST,0.0,0.0,0.0,1000000000
2016341N08092,VARDHAH,2016,DELHI,WEST,0.0,0.0,0.0,1000000000
2016341N08092,VARDHAH,2016,DELHI,CENTRAL,0.0,0.0,0.0,1000000000
2016341N08092,VARDHAH,2016,DELHI,EAST,0.0,0.0,0.0,1000000000
2016341N08092,VARDHAH,2016,DELHI,NEW DELHI,0.0,0.0,0.0,1000000000
2016341N08092,VARDHAH,2016,DELHI,NORTH,0.0,0.0,0.0,1000000000
2016341N08092,VARDHAH,2016,DELHI,SHAHADARA,0.0,0.0,0.0,1000000000
2016341N08092,VARDHAH,2016,DELHI,NORTH EAST,0.0,0.0,0.0,1000000000
2016341N08092,VARDHAH,2016,DELHI,SOUTH EAST,0.0,0.0,0.0,1000000000
2016341N08092,VARDHAH,2016,DELHI,SOUTH,0.0,0.0,0.0,1000000000
2016341N08092,VARDHAH,2016,DELHI,NORTH WEST,0.0,0.0,0.0,1000000000
2016341N08092,VARDHAH,2016,GOA,NORTH GOA,0.0,0.0,0.0,1000000000
2016341N08092,VARDHAH,2016,GOA,SOUTH GOA,0.0,0.0,0.0,1000000000
2016341N08092,VARDHAH,2016,DADRA & NAGAR HAVELI & DAMAN & DIU,DADRA AND NAGAR HAVELI,0.0,0.0,0.0,1000000000
2016341N08092,VARDHAH,2016,DADRA & NAGAR HAVELI & DAMAN & DIU,DAMAN,0.0,0.0,0.0,1000000000
2016341N08092,VARDHAH,2016,DADRA & NAGAR HAVELI & DAMAN & DIU,DIU,0.0,0.0,0.0,1000000000
2016341N08092,VARDHAH,2016,GUJARAT,AHMADABAD,0.0,0.0,0.0,1000000000
2016341N08092,VARDHAH,2016,GUJARAT,AMRELI,0.0,0.0,0.0,1000000000
2016341N08092,VARDHAH,2016,GUJARAT,ANAND,0.0,0.0,0.0,1000000000
2016341N08092,VARDHAH,2016,GUJARAT,ARVALLI,0.0,0.0,0.0,1000000000
2016341N08092,VARDHAH,2016,GUJARAT,BANAS KANTHA,0.0,0.0,0.0,1000000000
2016341N08092,VARDHAH,2016,GUJARAT,BHARUCH,0.0,0.0,0.0,1000000000
2016341N08092,VARDHAH,2016,GUJARAT,BHAVNAGAR,0.0,0.0,0.0,1000000000
2016341N08092,VARDHAH,2016,GUJARAT,BOTAD,0.0,0.0,0.0,1000000000
2016341N08092,VARDHAH,2016,GUJARAT,CHHOTAUDEPUR,0.0,0.0,0.0,1000000000
2016341N08092,VARDHAH,2016,GUJARAT,DAHOD,0.0,0.0,0.0,1000000000
2016341N08092,VARDHAH,2016,GUJARAT,DANGS,0.0,0.0,0.0,1000000000
2016341N08092,VARDHAH,2016,GUJARAT,DEVBHUMI DWARKA,0.0,0.0,0.0,1000000000
2016341N08092,VARDHAH,2016,GUJARAT,GANDHINAGAR,0.0,0.0,0.0,1000000000
2016341N08092,VARDHAH,2016,GUJARAT,GIR SOMNATH,0.0,0.0,0.0,1000000000
2016341N08092,VARDHAH,2016,GUJARAT and DNH & DD ISLANDS,ISLAND,0.0,0.0,0.0,1000000000
2016341N08092,VARDHAH,2016,GUJARAT,JAMNAGAR,0.0,0.0,0.0,1000000000
2016341N08092,VARDHAH,2016,GUJARAT,JUNAGADH,0.0,0.0,0.0,1000000000
2016341N08092,VARDHAH,2016,GUJARAT,KACHCHH,0.0,0.0,0.0,1000000000
2016341N08092,VARDHAH,2016,GUJARAT,KHEDA,0.0,0.0,0.0,1000000000
2016341N08092,VARDHAH,2016,GUJARAT,MAHESANA,0.0,0.0,0.0,1000000000
2016341N08092,VARDHAH,2016,GUJARAT,MAHISAGAR,0.0,0.0,0.0,1000000000
2016341N08092,VARDHAH,2016,GUJARAT,MORBI,0.0,0.0,0.0,1000000000
2016341N08092,VARDHAH,2016,GUJARAT,NARMADA,0.0,0.0,0.0,1000000000
2016341N08092,VARDHAH,2016,GUJARAT,NAVSARI,0.0,0.0,0.0,1000000000
2016341N08092,VARDHAH,2016,GUJARAT,PANCH MAHALS,0.0,0.0,0.0,1000000000
2016341N08092,VARDHAH,2016,GUJARAT,PATAN,0.0,0.0,0.0,1000000000
2016341N08092,VARDHAH,2016,GUJARAT,PORBANDAR,0.0,0.0,0.0,1000000000
2016341N08092,VARDHAH,2016,GUJARAT,RAJKOT,0.0,0.0,0.0,1000000000
2016341N08092,VARDHAH,2016,GUJARAT,SABAR KANTHA,0.0,0.0,0.0,1000000000
2016341N08092,VARDHAH,2016,GUJARAT,SURAT,0.0,0.0,0.0,1000000000
2016341N08092,VARDHAH,2016,GUJARAT,SURENDRANAGAR,0.0,0.0,0.0,1000000000
2016341N08092,VARDHAH,2016,GUJARAT,TAPI,0.0,0.0,0.0,1000000000
2016341N08092,VARDHAH,2016,GUJARAT,VADODARA,0.0,0.0,0.0,1000000000
2016341N08092,VARDHAH,2016,GUJARAT,VALSAD,0.0,0.0,0.0,1000000000
2016341N08092,VARDHAH,2016,HARYANA,AMBALA,0.0,0.0,0.0,1000000000
2016341N08092,VARDHAH,2016,HARYANA,BHIWANI,0.0,0.0,0.0,1000000000
2016341N08092,VARDHAH,2016,HARYANA,CHARKI DADRI,0.0,0.0,0.0,1000000000
2016341N08092,VARDHAH,2016,HARYANA,FARIDABAD,0.0,0.0,0.0,1000000000
2016341N08092,VARDHAH,2016,HARYANA,FATEHABAD,0.0,0.0,0.0,1000000000
2016341N08092,VARDHAH,2016,HARYANA,GURUGRAM,0.0,0.0,0.0,1000000000
2016341N08092,VARDHAH,2016,HARYANA,HISAR,0.0,0.0,0.0,1000000000
2016341N08092,VARDHAH,2016,HARYANA,JHAJJAR,0.0,0.0,0.0,1000000000
2016341N08092,VARDHAH,2016,HARYANA,JIND,0.0,0.0,0.0,1000000000
2016341N08092,VARDHAH,2016,HARYANA,KAITHAL,0.0,0.0,0.0,1000000000
2016341N08092,VARDHAH,2016,HARYANA,KARNAL,0.0,0.0,0.0,1000000000
2016341N08092,VARDHAH,2016,HARYANA,KURUKSHETRA,0.0,0.0,0.0,1000000000
2016341N08092,VARDHAH,2016,HARYANA,MAHENDRAGARH,0.0,0.0,0.0,1000000000
2016341N08092,VARDHAH,2016,HARYANA,NUH,0.0,0.0,0.0,1000000000
2016341N08092,VARDHAH,2016,HARYANA,PALWAL,0.0,0.0,0.0,1000000000
2016341N08092,VARDHAH,2016,HARYANA,PANCHKULA,0.0,0.0,0.0,1000000000
2016341N08092,VARDHAH,2016,HARYANA,PANIPAT,0.0,0.0,0.0,1000000000
2016341N08092,VARDHAH,2016,HARYANA,REWARI,0.0,0.0,0.0,1000000000
2016341N08092,VARDHAH,2016,HARYANA,ROHTAK,0.0,0.0,0.0,1000000000
2016341N08092,VARDHAH,2016,HARYANA,SIRSA,0.0,0.0,0.0,1000000000
2016341N08092,VARDHAH,2016,HARYANA,SONIPAT,0.0,0.0,0.0,1000000000
2016341N08092,VARDHAH,2016,HARYANA,YAMUNANAGAR,0.0,0.0,0.0,1000000000
2016341N08092,VARDHAH,2016,HIMACHAL PRADESH,BIL>SPUR,0.0,0.0,0.0,1000000000
2016341N08092,VARDHAH,2016,HIMACHAL PRADESH,SHIMLA,0.0,0.0,0.0,1000000000
2016341N08092,VARDHAH,2016,HIMACHAL PRADESH,KINNAUR,0.0,0.0,0.0,1000000000
2016341N08092,VARDHAH,2016,HIMACHAL PRADESH,SOLAN,0.0,0.0,0.0,1000000000
2016341N08092,VARDHAH,2016,HIMACHAL PRADESH,SIRMAUR,0.0,0.0,0.0,1000000000
2016341N08092,VARDHAH,2016,HIMACHAL PRADESH,KULLU,0.0,0.0,0.0,1000000000
2016341N08092,VARDHAH,2016,HIMACHAL PRADESH,CHAMBA,0.0,0.0,0.0,1000000000
2016341N08092,VARDHAH,2016,HIMACHAL PRADESH,MANDI,0.0,0.0,0.0,1000000000
2016341N08092,VARDHAH,2016,HIMACHAL PRADESH,K>NGRA,0.0,0.0,0.0,1000000000
2016341N08092,VARDHAH,2016,HIMACHAL PRADESH,HAM|RPUR,0.0,0.0,0.0,1000000000
2016341N08092,VARDHAH,2016,HIMACHAL PRADESH,UNA,0.0,0.0,0.0,1000000000
2016341N08092,VARDHAH,2016,HIMACHAL PRADESH,LAHUL & SPITI,0.0,0.0,0.0,1000000000
2016341N08092,VARDHAH,2016,JAMMU AND KASHMIR,MIRPUR,0.0,0.0,0.0,1000000000
2016341N08092,VARDHAH,2016,JAMMU AND KASHMIR,MUZAFFARABAD,0.0,0.0,0.0,1000000000
2016341N08092,VARDHAH,2016,JAMMU AND KASHMIR,PUNCH,0.0,0.0,0.0,1000000000
2016341N08092,VARDHAH,2016,JAMMU AND KASHMIR,ANANTNAG,0.0,0.0,0.0,1000000000
2016341N08092,VARDHAH,2016,JAMMU AND KASHMIR,BARAMULA,0.0,0.0,0.0,1000000000
2016341N08092,VARDHAH,2016,JAMMU AND KASHMIR,KATHUA,0.0,0.0,0.0,1000000000
2016341N08092,VARDHAH,2016,JAMMU AND KASHMIR,UDHAMPUR,0.0,0.0,0.0,1000000000
2016341N08092,VARDHAH,2016,JAMMU AND KASHMIR,BADGAM,0.0,0.0,0.0,1000000000
2016341N08092,VARDHAH,2016,JAMMU AND KASHMIR,BANDIPURA,0.0,0.0,0.0,1000000000
2016341N08092,VARDHAH,2016,JAMMU AND KASHMIR,GANDERBAL,0.0,0.0,0.0,1000000000
2016341N08092,VARDHAH,2016,JAMMU AND KASHMIR,KULGAM,0.0,0.0,0.0,1000000000
2016341N08092,VARDHAH,2016,JAMMU AND KASHMIR,KUPWARA,0.0,0.0,0.0,1000000000
2016341N08092,VARDHAH,2016,JAMMU AND KASHMIR,PULWAMA,0.0,0.0,0.0,1000000000
2016341N08092,VARDHAH,2016,JAMMU AND KASHMIR,RAJAURI,0.0,0.0,0.0,1000000000
2016341N08092,VARDHAH,2016,JAMMU AND KASHMIR,RAMBAN,0.0,0.0,0.0,1000000000
2016341N08092,VARDHAH,2016,JAMMU AND KASHMIR,RIASI,0.0,0.0,0.0,1000000000
2016341N08092,VARDHAH,2016,JAMMU AND KASHMIR,SHUPIYAN,0.0,0.0,0.0,1000000000
2016341N08092,VARDHAH,2016,JAMMU AND KASHMIR,SRINAGAR,0.0,0.0,0.0,1000000000
2016341N08092,VARDHAH,2016,JAMMU AND KASHMIR,KISHTWAR,0.0,0.0,0.0,1000000000
2016341N08092,VARDHAH,2016,JAMMU AND KASHMIR,DODA,0.0,0.0,0.0,1000000000
2016341N08092,VARDHAH,2016,JAMMU AND KASHMIR,SAMBA,0.0,0.0,0.0,1000000000
2016341N08092,VARDHAH,2016,JAMMU AND KASHMIR,JAMMU,0.0,0.0,0.0,1000000000
2016341N08092,VARDHAH,2016,,NONE,0.0,0.0,0.0,1000000000
2016341N08092,VARDHAH,2016,JHARKHAND,GARHWA,0.0,0.0,0.0,1000000000
2016341N08092,VARDHAH,2016,JHARKHAND,CHATRA,0.0,0.0,0.0,1000000000
2016341N08092,VARDHAH,2016,JHARKHAND,KODERMA,0.0,0.0,0.0,1000000000
2016341N08092,VARDHAH,2016,JHARKHAND,GIRIDIH,0.0,0.0,0.0,1000000000
2016341N08092,VARDHAH,2016,JHARKHAND,DEOGHAR,0.0,0.0,0.0,1000000000
2016341N08092,VARDHAH,2016,JHARKHAND,GODDA,0.0,0.0,0.0,1000000000
2016341N08092,VARDHAH,2016,JHARKHAND,SAHIBGANJ,0.0,0.0,0.0,1000000000
2016341N08092,VARDHAH,2016,JHARKHAND,PAKUR,0.0,0.0,0.0,1000000000
2016341N08092,VARDHAH,2016,JHARKHAND,DHANBAD,0.0,0.0,0.0,1000000000
2016341N08092,VARDHAH,2016,JHARKHAND,BOKARO,0.0,0.0,0.0,1000000000
2016341N08092,VARDHAH,2016,JHARKHAND,LOHARDAGA,0.0,0.0,0.0,1000000000
2016341N08092,VARDHAH,2016,JHARKHAND,EAST SINGHBHUM,0.0,0.0,0.0,1000000000
2016341N08092,VARDHAH,2016,JHARKHAND,PALAMU,0.0,0.0,0.0,1000000000
2016341N08092,VARDHAH,2016,JHARKHAND,LATEHAR,0.0,0.0,0.0,1000000000
2016341N08092,VARDHAH,2016,JHARKHAND,HAZARIBAGH,0.0,0.0,0.0,1000000000
2016341N08092,VARDHAH,2016,JHARKHAND,RAMGARH,0.0,0.0,0.0,1000000000
2016341N08092,VARDHAH,2016,JHARKHAND,DUMKA,0.0,0.0,0.0,1000000000
2016341N08092,VARDHAH,2016,JHARKHAND,JAMTARA,0.0,0.0,0.0,1000000000
2016341N08092,VARDHAH,2016,JHARKHAND,RANCHI,0.0,0.0,0.0,1000000000
2016341N08092,VARDHAH,2016,JHARKHAND,KHUNTI,0.0,0.0,0.0,1000000000
2016341N08092,VARDHAH,2016,JHARKHAND,GUMLA,0.0,0.0,0.0,1000000000
2016341N08092,VARDHAH,2016,JHARKHAND,SIMDEGA,0.0,0.0,0.0,1000000000
2016341N08092,VARDHAH,2016,JHARKHAND,WEST SINGHBHUM,0.0,0.0,0.0,1000000000
2016341N08092,VARDHAH,2016,JHARKHAND,SARAIKELA-KHARSAWAN,0.0,0.0,0.0,1000000000
2016341N08092,VARDHAH,2016,KARNATAKA,B,0.0,0.0,0.0,1000000000
2016341N08092,VARDHAH,2016,KARNATAKA,BENGAL#RU (RURAL),0.0,0.0,0.0,1000000000
2016341N08092,VARDHAH,2016,KARNATAKA,BELAG,0.0,0.0,0.0,1000000000
2016341N08092,VARDHAH,2016,KARNATAKA,CHIKKAMAGAL#RU,0.0,0.0,0.0,1000000000
2016341N08092,VARDHAH,2016,KARNATAKA,BALL,0.0,0.0,0.0,1000000000
2016341N08092,VARDHAH,2016,KARNATAKA,CH,0.0,0.0,0.0,1000000000
2016341N08092,VARDHAH,2016,KARNATAKA,CHITRADURGA,0.0,0.0,0.0,1000000000
2016341N08092,VARDHAH,2016,KARNATAKA,KOPPAL,0.0,0.0,0.0,1000000000
2016341N08092,VARDHAH,2016,KARNATAKA,VIJAYANAGARA,0.0,0.0,0.0,1000000000
2016341N08092,VARDHAH,2016,KARNATAKA,RAICH#R,0.0,0.0,0.0,1000000000
2016341N08092,VARDHAH,2016,KARNATAKA,CHIKKABALL,0.0,0.0,0.0,1000000000
2016341N08092,VARDHAH,2016,KARNATAKA,D,0.0,0.0,0.0,1000000000
2016341N08092,VARDHAH,2016,KARNATAKA,DH,0.0,0.0,0.0,1000000000
2016341N08092,VARDHAH,2016,KARNATAKA,GADAG,0.0,0.0,0.0,1000000000
2016341N08092,VARDHAH,2016,KARNATAKA,H,0.0,0.0,0.0,1000000000
2016341N08092,VARDHAH,2016,KARNATAKA,KALABURAGI,0.0,0.0,0.0,1000000000
2016341N08092,VARDHAH,2016,KARNATAKA,BENGAL#RU (URBAN),0.0,0.0,0.0,1000000000
2016341N08092,VARDHAH,2016,KARNATAKA,KOL,0.0,0.0,0.0,1000000000
2016341N08092,VARDHAH,2016,KARNATAKA,MANDYA,0.0,0.0,0.0,1000000000
2016341N08092,VARDHAH,2016,KARNATAKA,MYS#RU,0.0,0.0,0.0,1000000000
2016341N08092,VARDHAH,2016,KARNATAKA,SHIVAMOGGA,0.0,0.0,0.0,1000000000
2016341N08092,VARDHAH,2016,KARNATAKA,DAKSHINA KANNADA,0.0,0.0,0.0,1000000000
2016341N08092,VARDHAH,2016,KARNATAKA,UTTARA KANNADA,0.0,0.0,0.0,1000000000
2016341N08092,VARDHAH,2016,KARNATAKA,VIJAYAPURA,0.0,0.0,0.0,1000000000
2016341N08092,VARDHAH,2016,KARNATAKA,Y,0.0,0.0,0.0,1000000000
2016341N08092,VARDHAH,2016,KARNATAKA,R,0.0,0.0,0.0,1000000000
2016341N08092,VARDHAH,2016,KERALA,PALAKKAD,0.0,0.0,0.0,1000000000
2016341N08092,VARDHAH,2016,KERALA,ALAPPUZHA,0.0,0.0,0.0,1000000000
2016341N08092,VARDHAH,2016,KERALA,KOTTAYAM,0.0,0.0,0.0,1000000000
2016341N08092,VARDHAH,2016,KERALA,KOLLAM,0.0,0.0,0.0,1000000000
2016341N08092,VARDHAH,2016,KERALA,KOZHIKODE,0.0,0.0,0.0,1000000000
2016341N08092,VARDHAH,2016,KERALA,KASARAGOD,0.0,0.0,0.0,1000000000
2016341N08092,VARDHAH,2016,KERALA,MALAPPURAM,0.0,0.0,0.0,1000000000
2016341N08092,VARDHAH,2016,KERALA,WAYANAD,0.0,0.0,0.0,1000000000
2016341N08092,VARDHAH,2016,KERALA,PATHANAMTHITTA,0.0,0.0,0.0,1000000000
2016341N08092,VARDHAH,2016,KERALA,IDUKKI,0.0,0.0,0.0,1000000000
2016341N08092,VARDHAH,2016,KERALA,THRISSUR,0.0,0.0,0.0,1000000000
2016341N08092,VARDHAH,2016,KERALA,ERNAKULAM,0.0,0.0,0.0,1000000000
2016341N08092,VARDHAH,2016,KERALA,THIRUVANANTHAPURAM,0.0,0.0,0.0,1000000000
2016341N08092,VARDHAH,2016,KERALA,KANNUR,0.0,0.0,0.0,1000000000
2016341N08092,VARDHAH,2016,LADAKH,LEH,0.0,0.0,0.0,1000000000
2016341N08092,VARDHAH,2016,LADAKH,KARGIL,0.0,0.0,0.0,1000000000
2016341N08092,VARDHAH,2016,MADHYA PRADESH,AGAR MALWA,0.0,0.0,0.0,1000000000
2016341N08092,VARDHAH,2016,MADHYA PRADESH,ALIRAJPUR,0.0,0.0,0.0,1000000000
2016341N08092,VARDHAH,2016,MADHYA PRADESH,ANUPPUR,0.0,0.0,0.0,1000000000
2016341N08092,VARDHAH,2016,MADHYA PRADESH,ASHOKNAGAR,0.0,0.0,0.0,1000000000
2016341N08092,VARDHAH,2016,MADHYA PRADESH,BALAGHAT,0.0,0.0,0.0,1000000000
2016341N08092,VARDHAH,2016,MADHYA PRADESH,BARWANI,0.0,0.0,0.0,1000000000
2016341N08092,VARDHAH,2016,MADHYA PRADESH,BETUL,0.0,0.0,0.0,1000000000
2016341N08092,VARDHAH,2016,MADHYA PRADESH,BHIND,0.0,0.0,0.0,1000000000
2016341N08092,VARDHAH,2016,MADHYA PRADESH,BHOPAL,0.0,0.0,0.0,1000000000
2016341N08092,VARDHAH,2016,MADHYA PRADESH,BURHANPUR,0.0,0.0,0.0,1000000000
2016341N08092,VARDHAH,2016,MADHYA PRADESH,CHHATARPUR,0.0,0.0,0.0,1000000000
2016341N08092,VARDHAH,2016,MADHYA PRADESH,CHHINDWARA,0.0,0.0,0.0,1000000000
2016341N08092,VARDHAH,2016,MADHYA PRADESH,DAMOH,0.0,0.0,0.0,1000000000
2016341N08092,VARDHAH,2016,MADHYA PRADESH,DEWAS,0.0,0.0,0.0,1000000000
2016341N08092,VARDHAH,2016,MADHYA PRADESH,DHAR,0.0,0.0,0.0,1000000000
2016341N08092,VARDHAH,2016,MADHYA PRADESH,DINDORI,0.0,0.0,0.0,1000000000
2016341N08092,VARDHAH,2016,MADHYA PRADESH,GUNA,0.0,0.0,0.0,1000000000
2016341N08092,VARDHAH,2016,MADHYA PRADESH,GWALIOR,0.0,0.0,0.0,1000000000
2016341N08092,VARDHAH,2016,MADHYA PRADESH,HARDA,0.0,0.0,0.0,1000000000
2016341N08092,VARDHAH,2016,MADHYA PRADESH,INDORE,0.0,0.0,0.0,1000000000
2016341N08092,VARDHAH,2016,MADHYA PRADESH,JABALPUR,0.0,0.0,0.0,1000000000
2016341N08092,VARDHAH,2016,MADHYA PRADESH,JHABUA,0.0,0.0,0.0,1000000000
2016341N08092,VARDHAH,2016,MADHYA PRADESH,KATNI,0.0,0.0,0.0,1000000000
2016341N08092,VARDHAH,2016,MADHYA PRADESH,KHANDWA,0.0,0.0,0.0,1000000000
2016341N08092,VARDHAH,2016,MADHYA PRADESH,KHARGONE,0.0,0.0,0.0,1000000000
2016341N08092,VARDHAH,2016,MADHYA PRADESH,MAIHAR,0.0,0.0,0.0,1000000000
2016341N08092,VARDHAH,2016,MADHYA PRADESH,MANDLA,0.0,0.0,0.0,1000000000
2016341N08092,VARDHAH,2016,MADHYA PRADESH,MANDSAUR,0.0,0.0,0.0,1000000000
2016341N08092,VARDHAH,2016,MADHYA PRADESH,MAUGANJ,0.0,0.0,0.0,1000000000
2016341N08092,VARDHAH,2016,MADHYA PRADESH,MORENA,0.0,0.0,0.0,1000000000
2016341N08092,VARDHAH,2016,MADHYA PRADESH,NARMADAPURAM,0.0,0.0,0.0,1000000000
2016341N08092,VARDHAH,2016,MADHYA PRADESH,NARSINGHPUR,0.0,0.0,0.0,1000000000
2016341N08092,VARDHAH,2016,MADHYA PRADESH,NEEMUCH,0.0,0.0,0.0,1000000000
2016341N08092,VARDHAH,2016,MADHYA PRADESH,NIWARI,0.0,0.0,0.0,1000000000
2016341N08092,VARDHAH,2016,MADHYA PRADESH,PANDHURNA,0.0,0.0,0.0,1000000000
2016341N08092,VARDHAH,2016,MADHYA PRADESH,PANNA,0.0,0.0,0.0,1000000000
2016341N08092,VARDHAH,2016,MADHYA PRADESH,RAISEN,0.0,0.0,0.0,1000000000
2016341N08092,VARDHAH,2016,MADHYA PRADESH,RAJGARH,0.0,0.0,0.0,1000000000
2016341N08092,VARDHAH,2016,MADHYA PRADESH,RATLAM,0.0,0.0,0.0,1000000000
2016341N08092,VARDHAH,2016,MADHYA PRADESH,REWA,0.0,0.0,0.0,1000000000
2016341N08092,VARDHAH,2016,MADHYA PRADESH,SAGAR,0.0,0.0,0.0,1000000000
2016341N08092,VARDHAH,2016,MADHYA PRADESH,SATNA,0.0,0.0,0.0,1000000000
2016341N08092,VARDHAH,2016,MADHYA PRADESH,SEHORE,0.0,0.0,0.0,1000000000
2016341N08092,VARDHAH,2016,MADHYA PRADESH,SEONI,0.0,0.0,0.0,1000000000
2016341N08092,VARDHAH,2016,MADHYA PRADESH,SHAHDOL,0.0,0.0,0.0,1000000000
2016341N08092,VARDHAH,2016,MADHYA PRADESH,SHAJAPUR,0.0,0.0,0.0,1000000000
2016341N08092,VARDHAH,2016,MADHYA PRADESH,SHEOPUR,0.0,0.0,0.0,1000000000
2016341N08092,VARDHAH,2016,MADHYA PRADESH,SHIVPURI,0.0,0.0,0.0,1000000000
2016341N08092,VARDHAH,2016,MADHYA PRADESH,SINGRAULI,0.0,0.0,0.0,1000000000
2016341N08092,VARDHAH,2016,MADHYA PRADESH,TIKAMGARH,0.0,0.0,0.0,1000000000
2016341N08092,VARDHAH,2016,MADHYA PRADESH,UJJAIN,0.0,0.0,0.0,1000000000
2016341N08092,VARDHAH,2016,MADHYA PRADESH,UMARIA,0.0,0.0,0.0,1000000000
2016341N08092,VARDHAH,2016,MADHYA PRADESH,VIDISHA,0.0,0.0,0.0,1000000000
2016341N08092,VARDHAH,2016,MAHARASHTRA,AHMEDNAGAR,0.0,0.0,0.0,1000000000
2016341N08092,VARDHAH,2016,MAHARASHTRA,BEED,0.0,0.0,0.0,1000000000
2016341N08092,VARDHAH,2016,MAHARASHTRA,BHANDARA,0.0,0.0,0.0,1000000000
2016341N08092,VARDHAH,2016,MAHARASHTRA,CHANDRAPUR,0.0,0.0,0.0,1000000000
2016341N08092,VARDHAH,2016,MAHARASHTRA,DHULE,0.0,0.0,0.0,1000000000
2016341N08092,VARDHAH,2016,MAHARASHTRA,GADCHIROLI,0.0,0.0,0.0,1000000000
2016341N08092,VARDHAH,2016,MAHARASHTRA,GONDIA,0.0,0.0,0.0,1000000000
2016341N08092,VARDHAH,2016,MAHARASHTRA,HINGOLI,0.0,0.0,0.0,1000000000
2016341N08092,VARDHAH,2016,MAHARASHTRA,JALGAON,0.0,0.0,0.0,1000000000
2016341N08092,VARDHAH,2016,MAHARASHTRA,KOLHAPUR,0.0,0.0,0.0,1000000000
2016341N08092,VARDHAH,2016,MAHARASHTRA,LATUR,0.0,0.0,0.0,1000000000
2016341N08092,VARDHAH,2016,MAHARASHTRA,MUMBAI,0.0,0.0,0.0,1000000000
2016341N08092,VARDHAH,2016,MAHARASHTRA,NAGPUR,0.0,0.0,0.0,1000000000
2016341N08092,VARDHAH,2016,MAHARASHTRA,NANDED,0.0,0.0,0.0,1000000000
2016341N08092,VARDHAH,2016,MAHARASHTRA,NASHIK,0.0,0.0,0.0,1000000000
2016341N08092,VARDHAH,2016,MAHARASHTRA,NANDURBAR,0.0,0.0,0.0,1000000000
2016341N08092,VARDHAH,2016,MAHARASHTRA,PALGHAR,0.0,0.0,0.0,1000000000
2016341N08092,VARDHAH,2016,MAHARASHTRA,PUNE,0.0,0.0,0.0,1000000000
2016341N08092,VARDHAH,2016,MAHARASHTRA,RATNAGIRI,0.0,0.0,0.0,1000000000
2016341N08092,VARDHAH,2016,MAHARASHTRA,SANGLI,0.0,0.0,0.0,1000000000
2016341N08092,VARDHAH,2016,MAHARASHTRA,SATARA,0.0,0.0,0.0,1000000000
2016341N08092,VARDHAH,2016,MAHARASHTRA,SINDHUDURG,0.0,0.0,0.0,1000000000
2016341N08092,VARDHAH,2016,MAHARASHTRA,SOLAPUR,0.0,0.0,0.0,1000000000
2016341N08092,VARDHAH,2016,MAHARASHTRA,MUMBAI SUBURBAN,0.0,0.0,0.0,1000000000
2016341N08092,VARDHAH,2016,MAHARASHTRA,THANE,0.0,0.0,0.0,1000000000
2016341N08092,VARDHAH,2016,MAHARASHTRA,DHARASHIV,0.0,0.0,0.0,1000000000
2016341N08092,VARDHAH,2016,MAHARASHTRA,WASHIM,0.0,0.0,0.0,1000000000
2016341N08092,VARDHAH,2016,MAHARASHTRA,WARDHA,0.0,0.0,0.0,1000000000
2016341N08092,VARDHAH,2016,MAHARASHTRA,YAVATMAL,0.0,0.0,0.0,1000000000
2016341N08092,VARDHAH,2016,MAHARASHTRA,AKOLA,0.0,0.0,0.0,1000000000
2016341N08092,VARDHAH,2016,MAHARASHTRA,AMRAVATI,0.0,0.0,0.0,1000000000
2016341N08092,VARDHAH,2016,MAHARASHTRA,BULDHANA,0.0,0.0,0.0,1000000000
2016341N08092,VARDHAH,2016,MAHARASHTRA,PARBHANI,0.0,0.0,0.0,1000000000
2016341N08092,VARDHAH,2016,MAHARASHTRA,JALNA,0.0,0.0,0.0,1000000000
2016341N08092,VARDHAH,2016,MAHARASHTRA,CHHATRAPATI SAMBHAJINAGAR,0.0,0.0,0.0,1000000000
2016341N08092,VARDHAH,2016,MANIPUR,BISHNUPUR,0.0,0.0,0.0,1000000000
2016341N08092,VARDHAH,2016,MANIPUR,CHANDEL,0.0,0.0,0.0,1000000000
2016341N08092,VARDHAH,2016,MANIPUR,CHURACHANDPUR,0.0,0.0,0.0,1000000000
2016341N08092,VARDHAH,2016,MANIPUR,IMPHAL EAST,0.0,0.0,0.0,1000000000
2016341N08092,VARDHAH,2016,MANIPUR,IMPHAL WEST,0.0,0.0,0.0,1000000000
2016341N08092,VARDHAH,2016,MANIPUR,JIRIBAM,0.0,0.0,0.0,1000000000
2016341N08092,VARDHAH,2016,MANIPUR,KAKCHING,0.0,0.0,0.0,1000000000
2016341N08092,VARDHAH,2016,MANIPUR,KAMJANG,0.0,0.0,0.0,1000000000
2016341N08092,VARDHAH,2016,MANIPUR,KANGPOKPI,0.0,0.0,0.0,1000000000
2016341N08092,VARDHAH,2016,MANIPUR,NONEY,0.0,0.0,0.0,1000000000
2016341N08092,VARDHAH,2016,MANIPUR,PHERZAWL,0.0,0.0,0.0,1000000000
2016341N08092,VARDHAH,2016,MANIPUR,SENAPATI,0.0,0.0,0.0,1000000000
2016341N08092,VARDHAH,2016,MANIPUR,TAMENGLONG,0.0,0.0,0.0,1000000000
2016341N08092,VARDHAH,2016,MANIPUR,TENGNOUPAL,0.0,0.0,0.0,1000000000
2016341N08092,VARDHAH,2016,MANIPUR,THOUBAL,0.0,0.0,0.0,1000000000
2016341N08092,VARDHAH,2016,MANIPUR,UKHRUL,0.0,0.0,0.0,1000000000
2016341N08092,VARDHAH,2016,MEGHALAYA,EAST G>RO HILLS,0.0,0.0,0.0,1000000000
2016341N08092,VARDHAH,2016,MEGHALAYA,EAST JAINTIA HILLS,0.0,0.0,0.0,1000000000
2016341N08092,VARDHAH,2016,MEGHALAYA,EAST KH>SI HILLS,0.0,0.0,0.0,1000000000
2016341N08092,VARDHAH,2016,MEGHALAYA,NORTH G>RO HILLS,0.0,0.0,0.0,1000000000
2016341N08092,VARDHAH,2016,MEGHALAYA,RI-BHOI,0.0,0.0,0.0,1000000000
2016341N08092,VARDHAH,2016,MEGHALAYA,SOUTH G>RO HILLS,0.0,0.0,0.0,1000000000
2016341N08092,VARDHAH,2016,MEGHALAYA,SOUTH WEST G>RO HILLS,0.0,0.0,0.0,1000000000
2016341N08092,VARDHAH,2016,MEGHALAYA,WEST G>RO HILLS,0.0,0.0,0.0,1000000000
2016341N08092,VARDHAH,2016,MEGHALAYA,WEST JAINTIA HILLS,0.0,0.0,0.0,1000000000
2016341N08092,VARDHAH,2016,MEGHALAYA,SOUTH WEST KH>SI HILLS,0.0,0.0,0.0,1000000000
2016341N08092,VARDHAH,2016,MEGHALAYA,EASTERN WEST KHASI HILLS,0.0,0.0,0.0,1000000000
2016341N08092,VARDHAH,2016,MEGHALAYA,WEST KHASI HILLS,0.0,0.0,0.0,1000000000
2016341N08092,VARDHAH,2016,MIZORAM,CHAMPHAI,0.0,0.0,0.0,1000000000
2016341N08092,VARDHAH,2016,MIZORAM,HNAHTHIAL,0.0,0.0,0.0,1000000000
2016341N08092,VARDHAH,2016,MIZORAM,SERCHHIP,0.0,0.0,0.0,1000000000
2016341N08092,VARDHAH,2016,MIZORAM,LUNGLEI,0.0,0.0,0.0,1000000000
2016341N08092,VARDHAH,2016,MIZORAM,MAMIT,0.0,0.0,0.0,1000000000
2016341N08092,VARDHAH,2016,MIZORAM,KOLASIB,0.0,0.0,0.0,1000000000
2016341N08092,VARDHAH,2016,MIZORAM,AIZAWL,0.0,0.0,0.0,1000000000
2016341N08092,VARDHAH,2016,MIZORAM,SAIHA,0.0,0.0,0.0,1000000000
2016341N08092,VARDHAH,2016,MIZORAM,SAITUAL,0.0,0.0,0.0,1000000000
2016341N08092,VARDHAH,2016,MIZORAM,LAWNGTLAI,0.0,0.0,0.0,1000000000
2016341N08092,VARDHAH,2016,NAGALAND,LONGLENG,0.0,0.0,0.0,1000000000
2016341N08092,VARDHAH,2016,NAGALAND,TUENSANG,0.0,0.0,0.0,1000000000
2016341N08092,VARDHAH,2016,NAGALAND,SHAMATOR,0.0,0.0,0.0,1000000000
2016341N08092,VARDHAH,2016,NAGALAND,DIMAPUR,0.0,0.0,0.0,1000000000
2016341N08092,VARDHAH,2016,NAGALAND,CHUMOUKEDIMA,0.0,0.0,0.0,1000000000
2016341N08092,VARDHAH,2016,NAGALAND,NIULAND,0.0,0.0,0.0,1000000000
2016341N08092,VARDHAH,2016,NAGALAND,PEREN,0.0,0.0,0.0,1000000000
2016341N08092,VARDHAH,2016,NAGALAND,KOHIMA,0.0,0.0,0.0,1000000000
2016341N08092,VARDHAH,2016,NAGALAND,MON,0.0,0.0,0.0,1000000000
2016341N08092,VARDHAH,2016,NAGALAND,KIPHIRE,0.0,0.0,0.0,1000000000
2016341N08092,VARDHAH,2016,NAGALAND,PHEK,0.0,0.0,0.0,1000000000
2016341N08092,VARDHAH,2016,NAGALAND,MOKOKCHUNG,0.0,0.0,0.0,1000000000
2016341N08092,VARDHAH,2016,NAGALAND,ZUNHEBOTO,0.0,0.0,0.0,1000000000
2016341N08092,VARDHAH,2016,NAGALAND,WOKHA,0.0,0.0,0.0,1000000000
2016341N08092,VARDHAH,2016,NAGALAND,TSEMINYU,0.0,0.0,0.0,1000000000
2016341N08092,VARDHAH,2016,NAGALAND,NOKLAK,0.0,0.0,0.0,1000000000
2016341N08092,VARDHAH,2016,PUDUCHERRY,KARAIKAL,0.0,0.0,0.0,1000000000
2016341N08092,VARDHAH,2016,PUDUCHERRY,MAHE,0.0,0.0,0.0,1000000000
2016341N08092,VARDHAH,2016,PUDUCHERRY,PUDUCHERRY,79271332.92811847,0.0,0.0,1000000000
2016341N08092,VARDHAH,2016,PUNJAB,FIROZPUR,0.0,0.0,0.0,1000000000
2016341N08092,VARDHAH,2016,PUNJAB,LUDHIANA,0.0,0.0,0.0,1000000000
2016341N08092,VARDHAH,2016,PUNJAB,RUPNAGAR,0.0,0.0,0.0,1000000000
2016341N08092,VARDHAH,2016,PUNJAB,MANSA,0.0,0.0,0.0,1000000000
2016341N08092,VARDHAH,2016,PUNJAB,SRI MUKTSAR SAHIB,0.0,0.0,0.0,1000000000
2016341N08092,VARDHAH,2016,PUNJAB,SAS NAGAR (SAHIBZADA AJIT SINGH NAGAR),0.0,0.0,0.0,1000000000
2016341N08092,VARDHAH,2016,PUNJAB,JALANDHAR,0.0,0.0,0.0,1000000000
2016341N08092,VARDHAH,2016,PUNJAB,PATHANKOT,0.0,0.0,0.0,1000000000
2016341N08092,VARDHAH,2016,PUNJAB,FARIDKOT,0.0,0.0,0.0,1000000000
2016341N08092,VARDHAH,2016,PUNJAB,MOGA,0.0,0.0,0.0,1000000000
2016341N08092,VARDHAH,2016,PUNJAB,HOSHIARPUR,0.0,0.0,0.0,1000000000
2016341N08092,VARDHAH,2016,PUNJAB,BATHINDA,0.0,0.0,0.0,1000000000
2016341N08092,VARDHAH,2016,PUNJAB,TARN TARAN,0.0,0.0,0.0,1000000000
2016341N08092,VARDHAH,2016,PUNJAB,FAZILKA,0.0,0.0,0.0,1000000000
2016341N08092,VARDHAH,2016,PUNJAB,PATIALA,0.0,0.0,0.0,1000000000
2016341N08092,VARDHAH,2016,PUNJAB,SHAHID BHAGAT SINGH NAGAR,0.0,0.0,0.0,1000000000
2016341N08092,VARDHAH,2016,PUNJAB,BARNALA,0.0,0.0,0.0,1000000000
2016341N08092,VARDHAH,2016,PUNJAB,GURDASPUR,0.0,0.0,0.0,1000000000
2016341N08092,VARDHAH,2016,PUNJAB,KAPURTHALA,0.0,0.0,0.0,1000000000
2016341N08092,VARDHAH,2016,PUNJAB,FATEHGARH SAHIB,0.0,0.0,0.0,1000000000
2016341N08092,VARDHAH,2016,PUNJAB,AMRITSAR,0.0,0.0,0.0,1000000000
2016341N08092,VARDHAH,2016,PUNJAB,MALER KOTLA,0.0,0.0,0.0,1000000000
2016341N08092,VARDHAH,2016,PUNJAB,SANGRUR,0.0,0.0,0.0,1000000000
2016341N08092,VARDHAH,2016,RAJASTHAN,AJMER,0.0,0.0,0.0,1000000000
2016341N08092,VARDHAH,2016,RAJASTHAN,ALWAR,0.0,0.0,0.0,1000000000
2016341N08092,VARDHAH,2016,RAJASTHAN,ANOOPGARH,0.0,0.0,0.0,1000000000
2016341N08092,VARDHAH,2016,RAJASTHAN,BALOTRA,0.0,0.0,0.0,1000000000
2016341N08092,VARDHAH,2016,RAJASTHAN,BANSWARA,0.0,0.0,0.0,1000000000
2016341N08092,VARDHAH,2016,RAJASTHAN,BARAN,0.0,0.0,0.0,1000000000
2016341N08092,VARDHAH,2016,RAJASTHAN,BARMER,0.0,0.0,0.0,1000000000
2016341N08092,VARDHAH,2016,RAJASTHAN,BEAWAR,0.0,0.0,0.0,1000000000
2016341N08092,VARDHAH,2016,RAJASTHAN,BHARATPUR,0.0,0.0,0.0,1000000000
2016341N08092,VARDHAH,2016,RAJASTHAN,BHILWARA,0.0,0.0,0.0,1000000000
2016341N08092,VARDHAH,2016,RAJASTHAN,BIKANER,0.0,0.0,0.0,1000000000
2016341N08092,VARDHAH,2016,RAJASTHAN,BUNDI,0.0,0.0,0.0,1000000000
2016341N08092,VARDHAH,2016,RAJASTHAN,CHITTAURGARH,0.0,0.0,0.0,1000000000
2016341N08092,VARDHAH,2016,RAJASTHAN,CHURU,0.0,0.0,0.0,1000000000
2016341N08092,VARDHAH,2016,RAJASTHAN,DAUSA,0.0,0.0,0.0,1000000000
2016341N08092,VARDHAH,2016,RAJASTHAN,DEEG,0.0,0.0,0.0,1000000000
2016341N08092,VARDHAH,2016,RAJASTHAN,DHAULPUR,0.0,0.0,0.0,1000000000
2016341N08092,VARDHAH,2016,RAJASTHAN,DIDWANA-KUCHAMAN,0.0,0.0,0.0,1000000000
2016341N08092,VARDHAH,2016,RAJASTHAN,DUDU,0.0,0.0,0.0,1000000000
2016341N08092,VARDHAH,2016,RAJASTHAN,DUNGARPUR,0.0,0.0,0.0,1000000000
2016341N08092,VARDHAH,2016,RAJASTHAN,GANGANAGAR,0.0,0.0,0.0,1000000000
2016341N08092,VARDHAH,2016,RAJASTHAN,GANGAPURCITY,0.0,0.0,0.0,1000000000
2016341N08092,VARDHAH,2016,RAJASTHAN,HANUMANGARH,0.0,0.0,0.0,1000000000
2016341N08092,VARDHAH,2016,RAJASTHAN,JAIPUR,0.0,0.0,0.0,1000000000
2016341N08092,VARDHAH,2016,RAJASTHAN,JAIPUR(GRAMIN),0.0,0.0,0.0,1000000000
2016341N08092,VARDHAH,2016,RAJASTHAN,JAISALMER,0.0,0.0,0.0,1000000000
2016341N08092,VARDHAH,2016,RAJASTHAN,JALOR,0.0,0.0,0.0,1000000000
2016341N08092,VARDHAH,2016,RAJASTHAN,JHALAWAR,0.0,0.0,0.0,1000000000
2016341N08092,VARDHAH,2016,RAJASTHAN,JHUNJHUNUN,0.0,0.0,0.0,1000000000
2016341N08092,VARDHAH,2016,RAJASTHAN,JODHPUR,0.0,0.0,0.0,1000000000
2016341N08092,VARDHAH,2016,RAJASTHAN,JODHPUR GRAMIN,0.0,0.0,0.0,1000000000
2016341N08092,VARDHAH,2016,RAJASTHAN,KARAULI,0.0,0.0,0.0,1000000000
2016341N08092,VARDHAH,2016,RAJASTHAN,KEKRI,0.0,0.0,0.0,1000000000
2016341N08092,VARDHAH,2016,RAJASTHAN,KHAIRTHAL-TIJARA,0.0,0.0,0.0,1000000000
2016341N08092,VARDHAH,2016,RAJASTHAN,KOTA,0.0,0.0,0.0,1000000000
2016341N08092,VARDHAH,2016,RAJASTHAN,KOTPUTLI-BEHROR,0.0,0.0,0.0,1000000000
2016341N08092,VARDHAH,2016,RAJASTHAN,NAGAUR,0.0,0.0,0.0,1000000000
2016341N08092,VARDHAH,2016,RAJASTHAN,NEEM-KA-THANA,0.0,0.0,0.0,1000000000
2016341N08092,VARDHAH,2016,RAJASTHAN,PALI,0.0,0.0,0.0,1000000000
2016341N08092,VARDHAH,2016,RAJASTHAN,PHALODI,0.0,0.0,0.0,1000000000
2016341N08092,VARDHAH,2016,RAJASTHAN,PRATAPGARH,0.0,0.0,0.0,1000000000
2016341N08092,VARDHAH,2016,RAJASTHAN,RAJSAMAND,0.0,0.0,0.0,1000000000
2016341N08092,VARDHAH,2016,RAJASTHAN,SALUMBAR,0.0,0.0,0.0,1000000000
2016341N08092,VARDHAH,2016,RAJASTHAN,SANCHORE,0.0,0.0,0.0,1000000000
2016341N08092,VARDHAH,2016,RAJASTHAN,SAWAI MADHOPUR,0.0,0.0,0.0,1000000000
2016341N08092,VARDHAH,2016,RAJASTHAN,SHAHPURA,0.0,0.0,0.0,1000000000
2016341N08092,VARDHAH,2016,RAJASTHAN,SIKAR,0.0,0.0,0.0,1000000000
2016341N08092,VARDHAH,2016,RAJASTHAN,SIROHI,0.0,0.0,0.0,1000000000
2016341N08092,VARDHAH,2016,RAJASTHAN,TONK,0.0,0.0,0.0,1000000000
2016341N08092,VARDHAH,2016,RAJASTHAN,UDAIPUR,0.0,0.0,0.0,1000000000
2016341N08092,VARDHAH,2016,SIKKIM,GYALSHING,0.0,0.0,0.0,1000000000
2016341N08092,VARDHAH,2016,SIKKIM,PAKYONG,0.0,0.0,0.0,1000000000
2016341N08092,VARDHAH,2016,SIKKIM,NAMCHI,0.0,0.0,0.0,1000000000
2016341N08092,VARDHAH,2016,SIKKIM,MANGAN,0.0,0.0,0.0,1000000000
2016341N08092,VARDHAH,2016,SIKKIM,GANGTOK,0.0,0.0,0.0,1000000000
2016341N08092,VARDHAH,2016,SIKKIM,SORENG,0.0,0.0,0.0,1000000000
2016341N08092,VARDHAH,2016,TAMIL NADU,ARIYALUR,0.0,0.0,0.0,1000000000
2016341N08092,VARDHAH,2016,TAMIL NADU,CHENGALPATTU,2010269858.8763025,0.1376241716492833,137624171.64928335,1000000000
2016341N08092,VARDHAH,2016,TAMIL NADU,CHENNAI,9931451029.90268,0.4537487993836214,453748799.3836215,1000000000
2016341N08092,VARDHAH,2016,TAMIL NADU,COIMBATORE,0.0,0.0,0.0,1000000000
2016341N08092,VARDHAH,2016,TAMIL NADU,CUDDALORE,966743.2770599404,0.0,0.0,1000000000
2016341N08092,VARDHAH,2016,TAMIL NADU,DHARMAPURI,0.0,0.0,0.0,1000000000
2016341N08092,VARDHAH,2016,TAMIL NADU,DINDIGUL,0.0,0.0,0.0,1000000000
2016341N08092,VARDHAH,2016,TAMIL NADU,ERODE,0.0,0.0,0.0,1000000000
2016341N08092,VARDHAH,2016,TAMIL NADU,KALLAKKURICHI,0.0,0.0,0.0,1000000000
2016341N08092,VARDHAH,2016,TAMIL NADU,KANCHIPURAM,1564978481.1963916,0.0729033045666455,72903304.56664555,1000000000
2016341N08092,VARDHAH,2016,TAMIL NADU,KANNIYAKUMARI,0.0,0.0,0.0,1000000000
2016341N08092,VARDHAH,2016,TAMIL NADU,KARUR,0.0,0.0,0.0,1000000000
2016341N08092,VARDHAH,2016,TAMIL NADU,KRISHNAGIRI,0.0,0.0,0.0,1000000000
2016341N08092,VARDHAH,2016,TAMIL NADU,MADURAI,0.0,0.0,0.0,1000000000
2016341N08092,VARDHAH,2016,TAMIL NADU,MAYILADUTHURAI,0.0,0.0,0.0,1000000000
2016341N08092,VARDHAH,2016,TAMIL NADU,NAGAPATTINAM,0.0,0.0,0.0,1000000000
2016341N08092,VARDHAH,2016,TAMIL NADU,NAMAKKAL,0.0,0.0,0.0,1000000000
2016341N08092,VARDHAH,2016,TAMIL NADU,PERAMBALUR,0.0,0.0,0.0,1000000000
2016341N08092,VARDHAH,2016,TAMIL NADU,PUDUKKOTTAI,0.0,0.0,0.0,1000000000
2016341N08092,VARDHAH,2016,TAMIL NADU,RAMANATHAPURAM,0.0,0.0,0.0,1000000000
2016341N08092,VARDHAH,2016,TAMIL NADU,RANIPET,347648132.6005033,0.0235907569777119,23590756.97771195,1000000000
2016341N08092,VARDHAH,2016,TAMIL NADU,SALEM,0.0,0.0,0.0,1000000000
2016341N08092,VARDHAH,2016,TAMIL NADU,SIVAGANGA,0.0,0.0,0.0,1000000000
2016341N08092,VARDHAH,2016,TAMIL NADU,TENKASI,0.0,0.0,0.0,1000000000
2016341N08092,VARDHAH,2016,TAMIL NADU,THANJAVUR,0.0,0.0,0.0,1000000000
2016341N08092,VARDHAH,2016,TAMIL NADU,THE NILGIRIS,0.0,0.0,0.0,1000000000
2016341N08092,VARDHAH,2016,TAMIL NADU,THENI,0.0,0.0,0.0,1000000000
2016341N08092,VARDHAH,2016,TAMIL NADU,THIRUVALLUR,3251012688.8942256,0.1537324087926686,153732408.7926686,1000000000
2016341N08092,VARDHAH,2016,TAMIL NADU,THIRUVARUR,0.0,0.0,0.0,1000000000
2016341N08092,VARDHAH,2016,TAMIL NADU,THOOTHUKUDI,0.0,0.0,0.0,1000000000
2016341N08092,VARDHAH,2016,TAMIL NADU,TIRUCHIRAPPALLI,0.0,0.0,0.0,1000000000
2016341N08092,VARDHAH,2016,TAMIL NADU,TIRUNELVELI,0.0,0.0,0.0,1000000000
2016341N08092,VARDHAH,2016,TAMIL NADU,TIRUPATHUR,0.0,0.0,0.0,1000000000
2016341N08092,VARDHAH,2016,TAMIL NADU,TIRUPPUR,0.0,0.0,0.0,1000000000
2016341N08092,VARDHAH,2016,TAMIL NADU,TIRUVANNAMALAI,104623282.46853088,0.0168808567007665,16880856.700766504,1000000000
2016341N08092,VARDHAH,2016,TAMIL NADU,VELLORE,221895108.50076595,0.0242505599156758,24250559.91567584,1000000000
2016341N08092,VARDHAH,2016,TAMIL NADU,VILUPPURAM,88063521.25528735,0.0321229443587303,32122944.35873038,1000000000
2016341N08092,VARDHAH,2016,TAMIL NADU,VIRUDHUNAGAR,0.0,0.0,0.0,1000000000
2016341N08092,VARDHAH,2016,TELANGANA,ADILABAD,0.0,0.0,0.0,1000000000
2016341N08092,VARDHAH,2016,TELANGANA,BHADRADRI KOTHAGUDEM,0.0,0.0,0.0,1000000000
2016341N08092,VARDHAH,2016,TELANGANA,HANUMAKONDA,0.0,0.0,0.0,1000000000
2016341N08092,VARDHAH,2016,TELANGANA,HYDERABAD,0.0,0.0,0.0,1000000000
2016341N08092,VARDHAH,2016,TELANGANA,JAGTIAL,0.0,0.0,0.0,1000000000
2016341N08092,VARDHAH,2016,TELANGANA,JANGOAN,0.0,0.0,0.0,1000000000
2016341N08092,VARDHAH,2016,TELANGANA,JAYASHANKAR BHUPALPALLI,0.0,0.0,0.0,1000000000
2016341N08092,VARDHAH,2016,TELANGANA,JOGULAMBA GADWAL,0.0,0.0,0.0,1000000000
2016341N08092,VARDHAH,2016,TELANGANA,KAMAREDDY,0.0,0.0,0.0,1000000000
2016341N08092,VARDHAH,2016,TELANGANA,KARIMNAGAR,0.0,0.0,0.0,1000000000
2016341N08092,VARDHAH,2016,TELANGANA,KHAMMAM,0.0,0.0,0.0,1000000000
2016341N08092,VARDHAH,2016,TELANGANA,KOMARRAM BHEEM,0.0,0.0,0.0,1000000000
2016341N08092,VARDHAH,2016,TELANGANA,MAHABUBABAD,0.0,0.0,0.0,1000000000
2016341N08092,VARDHAH,2016,TELANGANA,MAHABUBNAGAR,0.0,0.0,0.0,1000000000
2016341N08092,VARDHAH,2016,TELANGANA,MANCHERIAL,0.0,0.0,0.0,1000000000
2016341N08092,VARDHAH,2016,TELANGANA,MEDAK,0.0,0.0,0.0,1000000000
2016341N08092,VARDHAH,2016,TELANGANA,MEDCHAL_MALKAJGIRI,0.0,0.0,0.0,1000000000
2016341N08092,VARDHAH,2016,TELANGANA,MULUGU,0.0,0.0,0.0,1000000000
2016341N08092,VARDHAH,2016,TELANGANA,NAGARKURNOOL,0.0,0.0,0.0,1000000000
2016341N08092,VARDHAH,2016,TELANGANA,NALGONDA,0.0,0.0,0.0,1000000000
2016341N08092,VARDHAH,2016,TELANGANA,NARAYANPET,0.0,0.0,0.0,1000000000
2016341N08092,VARDHAH,2016,TELANGANA,NIRMAL,0.0,0.0,0.0,1000000000
2016341N08092,VARDHAH,2016,TELANGANA,NIZAMABAD,0.0,0.0,0.0,1000000000
2016341N08092,VARDHAH,2016,TELANGANA,PEDDAPALLI,0.0,0.0,0.0,1000000000
2016341N08092,VARDHAH,2016,TELANGANA,RAJANNA SIRCILLA,0.0,0.0,0.0,1000000000
2016341N08092,VARDHAH,2016,TELANGANA,RANGA REDDY,0.0,0.0,0.0,1000000000
2016341N08092,VARDHAH,2016,TELANGANA,SANGAREDDY,0.0,0.0,0.0,1000000000
2016341N08092,VARDHAH,2016,TELANGANA,SIDDIPET,0.0,0.0,0.0,1000000000
2016341N08092,VARDHAH,2016,TELANGANA,SURIYAPET,0.0,0.0,0.0,1000000000
2016341N08092,VARDHAH,2016,TELANGANA,VIKARABAD,0.0,0.0,0.0,1000000000
2016341N08092,VARDHAH,2016,TELANGANA,WANPARTI,0.0,0.0,0.0,1000000000
2016341N08092,VARDHAH,2016,TELANGANA,WARANGAL,0.0,0.0,0.0,1000000000
2016341N08092,VARDHAH,2016,TELANGANA,YADADRI BHUVANAGIRI,0.0,0.0,0.0,1000000000
2016341N08092,VARDHAH,2016,TRIPURA,SOUTH TRIPURA,0.0,0.0,0.0,1000000000
2016341N08092,VARDHAH,2016,TRIPURA,WEST TRIPURA,0.0,0.0,0.0,1000000000
2016341N08092,VARDHAH,2016,TRIPURA,DHALAI,0.0,0.0,0.0,1000000000
2016341N08092,VARDHAH,2016,TRIPURA,KHOWAI,0.0,0.0,0.0,1000000000
2016341N08092,VARDHAH,2016,TRIPURA,UNAKOTI,0.0,0.0,0.0,1000000000
2016341N08092,VARDHAH,2016,TRIPURA,NORTH TRIPURA,0.0,0.0,0.0,1000000000
2016341N08092,VARDHAH,2016,TRIPURA,SEPAHIJALA,0.0,0.0,0.0,1000000000
2016341N08092,VARDHAH,2016,TRIPURA,GOMTI,0.0,0.0,0.0,1000000000
2016341N08092,VARDHAH,2016,UTTARAKHAND,B>GESHWAR,0.0,0.0,0.0,1000000000
2016341N08092,VARDHAH,2016,UTTARAKHAND,CHAMP>WAT,0.0,0.0,0.0,1000000000
2016341N08092,VARDHAH,2016,UTTARAKHAND,HARIDW>R,0.0,0.0,0.0,1000000000
2016341N08092,VARDHAH,2016,UTTARAKHAND,NAINIT>L,0.0,0.0,0.0,1000000000
2016341N08092,VARDHAH,2016,UTTARAKHAND,PAURI GARHW>L,0.0,0.0,0.0,1000000000
2016341N08092,VARDHAH,2016,UTTARAKHAND,RUDRAPRAY>G,0.0,0.0,0.0,1000000000
2016341N08092,VARDHAH,2016,UTTARAKHAND,TEHRI GARHW>L,0.0,0.0,0.0,1000000000
2016341N08092,VARDHAH,2016,UTTARAKHAND,UDHAM SINGH NAGAR,0.0,0.0,0.0,1000000000
2016341N08092,VARDHAH,2016,UTTARAKHAND,CHAMOLI,0.0,0.0,0.0,1000000000
2016341N08092,VARDHAH,2016,UTTARAKHAND,PITHOR>GARH,0.0,0.0,0.0,1000000000
2016341N08092,VARDHAH,2016,UTTARAKHAND,UTTARK>SHI,0.0,0.0,0.0,1000000000
2016341N08092,VARDHAH,2016,WEST BENGAL,MURSHID>B>D,0.0,0.0,0.0,1000000000
2016341N08092,VARDHAH,2016,WEST BENGAL,SOUTH 24PARGANAS,0.0,0.0,0.0,1000000000
2016341N08092,VARDHAH,2016,WEST BENGAL,PURULIYA,0.0,0.0,0.0,1000000000
2016341N08092,VARDHAH,2016,WEST BENGAL,PASCHIM MEDIN|PUR,0.0,0.0,0.0,1000000000
2016341N08092,VARDHAH,2016,WEST BENGAL,PASCHIM BARDDHAM>N,0.0,0.0,0.0,1000000000
2016341N08092,VARDHAH,2016,WEST BENGAL,NORTH TWENTY-FOUR PARGANAS,0.0,0.0,0.0,1000000000
2016341N08092,VARDHAH,2016,WEST BENGAL,KOCH BIH>R,0.0,0.0,0.0,1000000000
2016341N08092,VARDHAH,2016,WEST BENGAL,JHARGRAM,0.0,0.0,0.0,1000000000
2016341N08092,VARDHAH,2016,WEST BENGAL,JALP>IGURI,0.0,0.0,0.0,1000000000
2016341N08092,VARDHAH,2016,WEST BENGAL,HUGLI,0.0,0.0,0.0,1000000000
2016341N08092,VARDHAH,2016,WEST BENGAL,B>NKURA,0.0,0.0,0.0,1000000000
2016341N08092,VARDHAH,2016,WEST BENGAL,>L|PUR DU>R,0.0,0.0,0.0,1000000000
2016341N08092,VARDHAH,2016,WEST BENGAL,UTTAR DIN>JPUR,0.0,0.0,0.0,1000000000
2016341N08092,VARDHAH,2016,WEST BENGAL,PURBA MEDIN|PUR,0.0,0.0,0.0,1000000000
2016341N08092,VARDHAH,2016,WEST BENGAL,PURBA BARDDHAM>N,0.0,0.0,0.0,1000000000
2016341N08092,VARDHAH,2016,WEST BENGAL,NADIA,0.0,0.0,0.0,1000000000
2016341N08092,VARDHAH,2016,WEST BENGAL,M>LDAH,0.0,0.0,0.0,1000000000
2016341N08092,VARDHAH,2016,WEST BENGAL,K>LIMPONG,0.0,0.0,0.0,1000000000
2016341N08092,VARDHAH,2016,WEST BENGAL,H>ORA,0.0,0.0,0.0,1000000000
2016341N08092,VARDHAH,2016,WEST BENGAL,D>RJILING,0.0,0.0,0.0,1000000000
2016341N08092,VARDHAH,2016,WEST BENGAL,DAKSHIN DIN>JPUR,0.0,0.0,0.0,1000000000
2016341N08092,VARDHAH,2016,WEST BENGAL,B|RBH@M,0.0,0.0,0.0,1000000000
2016341N08092,VARDHAH,2016,WEST BENGAL,P@RBA MEDIN|PUR,0.0,0.0,0.0,1000000000
2016341N08092,VARDHAH,2016,KARNATAKA,UDUPI,0.0,0.0,0.0,1000000000
2016341N08092,VARDHAH,2016,ODISHA,KENDRAPARA,0.0,0.0,0.0,1000000000
2016341N08092,VARDHAH,2016,ODISHA,BHADRAK,0.0,0.0,0.0,1000000000
2016341N08092,VARDHAH,2016,ODISHA,BARGARH,0.0,0.0,0.0,1000000000
2016341N08092,VARDHAH,2016,ODISHA,KEONJHAR (KENDUJHAR),0.0,0.0,0.0,1000000000
2016341N08092,VARDHAH,2016,ODISHA,ANUGUL,0.0,0.0,0.0,1000000000
2016341N08092,VARDHAH,2016,ODISHA,BALANGIR,0.0,0.0,0.0,1000000000
2016341N08092,VARDHAH,2016,ODISHA,BALASORE,0.0,0.0,0.0,1000000000
2016341N08092,VARDHAH,2016,ODISHA,DHENKANAL,0.0,0.0,0.0,1000000000
2016341N08092,VARDHAH,2016,ODISHA,JHARSUGUDA,0.0,0.0,0.0,1000000000
2016341N08092,VARDHAH,2016,ODISHA,MAYURBHANJ,0.0,0.0,0.0,1000000000
2016341N08092,VARDHAH,2016,ODISHA,JAGATSINGHPUR,0.0,0.0,0.0,1000000000
2016341N08092,VARDHAH,2016,ODISHA,KANDHAMAL,0.0,0.0,0.0,1000000000
2016341N08092,VARDHAH,2016,ODISHA,CUTTACK,0.0,0.0,0.0,1000000000
2016341N08092,VARDHAH,2016,ODISHA,KORAPUT,0.0,0.0,0.0,1000000000
2016341N08092,VARDHAH,2016,ODISHA,NABARANGAPUR,0.0,0.0,0.0,1000000000
2016341N08092,VARDHAH,2016,ODISHA,PURI,0.0,0.0,0.0,1000000000
2016341N08092,VARDHAH,2016,ODISHA,SAMBALPUR,0.0,0.0,0.0,1000000000
2016341N08092,VARDHAH,2016,ODISHA,GAJAPATI,0.0,0.0,0.0,1000000000
2016341N08092,VARDHAH,2016,ODISHA,GANJAM,0.0,0.0,0.0,1000000000
2016341N08092,VARDHAH,2016,ODISHA,MALKANGIRI,0.0,0.0,0.0,1000000000
2016341N08092,VARDHAH,2016,ODISHA,KHORDHA,0.0,0.0,0.0,1000000000
2016341N08092,VARDHAH,2016,ODISHA,BOUDH,0.0,0.0,0.0,1000000000
2016341N08092,VARDHAH,2016,ODISHA,DEOGARH,0.0,0.0,0.0,1000000000
2016341N08092,VARDHAH,2016,ODISHA,NUAPARHA,0.0,0.0,0.0,1000000000
2016341N08092,VARDHAH,2016,ODISHA,JAJAPUR,0.0,0.0,0.0,1000000000
2016341N08092,VARDHAH,2016,ODISHA,SUNDARGARH,0.0,0.0,0.0,1000000000
2016341N08092,VARDHAH,2016,ODISHA,KALAHANDI,0.0,0.0,0.0,1000000000
2016341N08092,VARDHAH,2016,ODISHA,SUBARNAPUR,0.0,0.0,0.0,1000000000
2016341N08092,VARDHAH,2016,ODISHA,RAYAGARHA,0.0,0.0,0.0,1000000000
2016341N08092,VARDHAH,2016,ODISHA,NAYAGARH,0.0,0.0,0.0,1000000000
2016341N08092,VARDHAH,2016,CHANDIGARH,CHANDIGARH,0.0,0.0,0.0,1000000000
2016341N08092,VARDHAH,2016,UTTARAKHAND,ALMORA,0.0,0.0,0.0,1000000000
2016341N08092,VARDHAH,2016,UTTARAKHAND,DEHRAD@N,0.0,0.0,0.0,1000000000
2016341N08092,VARDHAH,2016,KARNATAKA,TUMAK#RU,0.0,0.0,0.0,1000000000
2016341N08092,VARDHAH,2016,KARNATAKA,B\DAR,0.0,0.0,0.0,1000000000
2016341N08092,VARDHAH,2016,MADHYA PRADESH,SIDHI,0.0,0.0,0.0,1000000000
2016341N08092,VARDHAH,2016,KARNATAKA,KODAGU,0.0,0.0,0.0,1000000000
2016341N08092,VARDHAH,2016,MADHYA PRADESH,DATIA,0.0,0.0,0.0,1000000000
2016341N08092,VARDHAH,2016,UTTAR PRADESH,AGRA,0.0,0.0,0.0,1000000000
2016341N08092,VARDHAH,2016,UTTAR PRADESH,ALIGARH,0.0,0.0,0.0,1000000000
2016341N08092,VARDHAH,2016,UTTAR PRADESH,AMBEDKAR NAGAR,0.0,0.0,0.0,1000000000
2016341N08092,VARDHAH,2016,UTTAR PRADESH,AMETHI,0.0,0.0,0.0,1000000000
2016341N08092,VARDHAH,2016,UTTAR PRADESH,AMROHA,0.0,0.0,0.0,1000000000
2016341N08092,VARDHAH,2016,UTTAR PRADESH,AURAIYA,0.0,0.0,0.0,1000000000
2016341N08092,VARDHAH,2016,UTTAR PRADESH,AYODHYA,0.0,0.0,0.0,1000000000
2016341N08092,VARDHAH,2016,UTTAR PRADESH,AZAMGARH,0.0,0.0,0.0,1000000000
2016341N08092,VARDHAH,2016,UTTAR PRADESH,BAGHPAT,0.0,0.0,0.0,1000000000
2016341N08092,VARDHAH,2016,UTTAR PRADESH,BAHRAICH,0.0,0.0,0.0,1000000000
2016341N08092,VARDHAH,2016,UTTAR PRADESH,BALLIA,0.0,0.0,0.0,1000000000
2016341N08092,VARDHAH,2016,UTTAR PRADESH,BARA BANKI,0.0,0.0,0.0,1000000000
2016341N08092,VARDHAH,2016,UTTAR PRADESH,BAREILLY,0.0,0.0,0.0,1000000000
2016341N08092,VARDHAH,2016,UTTAR PRADESH,BASTI,0.0,0.0,0.0,1000000000
2016341N08092,VARDHAH,2016,UTTAR PRADESH,BHADOHI,0.0,0.0,0.0,1000000000
2016341N08092,VARDHAH,2016,UTTAR PRADESH,BIJNOR,0.0,0.0,0.0,1000000000
2016341N08092,VARDHAH,2016,UTTAR PRADESH,BUDAUN,0.0,0.0,0.0,1000000000
2016341N08092,VARDHAH,2016,UTTAR PRADESH,BULANDSHAHR,0.0,0.0,0.0,1000000000
2016341N08092,VARDHAH,2016,UTTAR PRADESH,CHANDAULI,0.0,0.0,0.0,1000000000
2016341N08092,VARDHAH,2016,UTTAR PRADESH,CHITRAKOOT,0.0,0.0,0.0,1000000000
2016341N08092,VARDHAH,2016,UTTAR PRADESH,DEORIA,0.0,0.0,0.0,1000000000
2016341N08092,VARDHAH,2016,UTTAR PRADESH,ETAH,0.0,0.0,0.0,1000000000
2016341N08092,VARDHAH,2016,UTTAR PRADESH,ETAWAH,0.0,0.0,0.0,1000000000
2016341N08092,VARDHAH,2016,UTTAR PRADESH,FARRUKHABAD,0.0,0.0,0.0,1000000000
2016341N08092,VARDHAH,2016,UTTAR PRADESH,FATEHPUR,0.0,0.0,0.0,1000000000
2016341N08092,VARDHAH,2016,UTTAR PRADESH,FIROZABAD,0.0,0.0,0.0,1000000000
2016341N08092,VARDHAH,2016,UTTAR PRADESH,GAUTAM BUDDHA NAGAR,0.0,0.0,0.0,1000000000
2016341N08092,VARDHAH,2016,UTTAR PRADESH,GHAZIABAD,0.0,0.0,0.0,1000000000
2016341N08092,VARDHAH,2016,UTTAR PRADESH,GHAZIPUR,0.0,0.0,0.0,1000000000
2016341N08092,VARDHAH,2016,UTTAR PRADESH,GONDA,0.0,0.0,0.0,1000000000
2016341N08092,VARDHAH,2016,UTTAR PRADESH,GORAKHPUR,0.0,0.0,0.0,1000000000
2016341N08092,VARDHAH,2016,UTTAR PRADESH,HAMIRPUR,0.0,0.0,0.0,1000000000
2016341N08092,VARDHAH,2016,UTTAR PRADESH,HAPUR,0.0,0.0,0.0,1000000000
2016341N08092,VARDHAH,2016,UTTAR PRADESH,HARDOI,0.0,0.0,0.0,1000000000
2016341N08092,VARDHAH,2016,UTTAR PRADESH,HATHRAS,0.0,0.0,0.0,1000000000
2016341N08092,VARDHAH,2016,UTTAR PRADESH,JALAUN,0.0,0.0,0.0,1000000000
2016341N08092,VARDHAH,2016,UTTAR PRADESH,JAUNPUR,0.0,0.0,0.0,1000000000
2016341N08092,VARDHAH,2016,UTTAR PRADESH,JHANSI,0.0,0.0,0.0,1000000000
2016341N08092,VARDHAH,2016,UTTAR PRADESH,KANNAUJ,0.0,0.0,0.0,1000000000
2016341N08092,VARDHAH,2016,UTTAR PRADESH,KANPUR DEHAT,0.0,0.0,0.0,1000000000
2016341N08092,VARDHAH,2016,UTTAR PRADESH,KANPUR NAGAR,0.0,0.0,0.0,1000000000
2016341N08092,VARDHAH,2016,UTTAR PRADESH,KASGANJ,0.0,0.0,0.0,1000000000
2016341N08092,VARDHAH,2016,UTTAR PRADESH,KAUSHAMBI,0.0,0.0,0.0,1000000000
2016341N08092,VARDHAH,2016,UTTAR PRADESH,KHERI,0.0,0.0,0.0,1000000000
2016341N08092,VARDHAH,2016,UTTAR PRADESH,KUSHINAGAR,0.0,0.0,0.0,1000000000
2016341N08092,VARDHAH,2016,UTTAR PRADESH,LALITPUR,0.0,0.0,0.0,1000000000
2016341N08092,VARDHAH,2016,UTTAR PRADESH,LUCKNOW,0.0,0.0,0.0,1000000000
2016341N08092,VARDHAH,2016,UTTAR PRADESH,MAHOBA,0.0,0.0,0.0,1000000000
2016341N08092,VARDHAH,2016,UTTAR PRADESH,MAHRAJGANJ,0.0,0.0,0.0,1000000000
2016341N08092,VARDHAH,2016,UTTAR PRADESH,MAINPURI,0.0,0.0,0.0,1000000000
2016341N08092,VARDHAH,2016,UTTAR PRADESH,MATHURA,0.0,0.0,0.0,1000000000
2016341N08092,VARDHAH,2016,UTTAR PRADESH,MAU,0.0,0.0,0.0,1000000000
2016341N08092,VARDHAH,2016,UTTAR PRADESH,MEERUT,0.0,0.0,0.0,1000000000
2016341N08092,VARDHAH,2016,UTTAR PRADESH,MIRZAPUR,0.0,0.0,0.0,1000000000
2016341N08092,VARDHAH,2016,UTTAR PRADESH,MORADABAD,0.0,0.0,0.0,1000000000
2016341N08092,VARDHAH,2016,UTTAR PRADESH,MUZAFFARNAGAR,0.0,0.0,0.0,1000000000
2016341N08092,VARDHAH,2016,UTTAR PRADESH,PILIBHIT,0.0,0.0,0.0,1000000000
2016341N08092,VARDHAH,2016,UTTAR PRADESH,PRAYAGRAJ,0.0,0.0,0.0,1000000000
2016341N08092,VARDHAH,2016,UTTAR PRADESH,RAE BARELI,0.0,0.0,0.0,1000000000
2016341N08092,VARDHAH,2016,UTTAR PRADESH,RAMPUR,0.0,0.0,0.0,1000000000
2016341N08092,VARDHAH,2016,UTTAR PRADESH,SAHARANPUR,0.0,0.0,0.0,1000000000
2016341N08092,VARDHAH,2016,UTTAR PRADESH,SAMBHAL,0.0,0.0,0.0,1000000000
2016341N08092,VARDHAH,2016,UTTAR PRADESH,SANT KABIR NAGAR,0.0,0.0,0.0,1000000000
2016341N08092,VARDHAH,2016,UTTAR PRADESH,SHAHJAHANPUR,0.0,0.0,0.0,1000000000
2016341N08092,VARDHAH,2016,UTTAR PRADESH,SHAMLI,0.0,0.0,0.0,1000000000
2016341N08092,VARDHAH,2016,UTTAR PRADESH,SHRAWASTI,0.0,0.0,0.0,1000000000
2016341N08092,VARDHAH,2016,UTTAR PRADESH,SIDDHARTHNAGAR,0.0,0.0,0.0,1000000000
2016341N08092,VARDHAH,2016,UTTAR PRADESH,SITAPUR,0.0,0.0,0.0,1000000000
2016341N08092,VARDHAH,2016,UTTAR PRADESH,SONBHADRA,0.0,0.0,0.0,1000000000
2016341N08092,VARDHAH,2016,UTTAR PRADESH,SULTANPUR,0.0,0.0,0.0,1000000000
2016341N08092,VARDHAH,2016,UTTAR PRADESH,UNNAO,0.0,0.0,0.0,1000000000
2016341N08092,VARDHAH,2016,UTTAR PRADESH,VARANASI,0.0,0.0,0.0,1000000000
2016341N08092,VARDHAH,2016,UTTAR PRADESH,BANDA,0.0,0.0,0.0,1000000000
2016341N08092,VARDHAH,2016,WEST BENGAL,KOLK>TA,0.0,0.0,0.0,1000000000
2016341N08092,VARDHAH,2016,MIZORAM,KHAWZAWL,0.0,0.0,0.0,1000000000
2016341N08092,VARDHAH,2016,ARUNACHAL PRADESH,LOHIT,0.0,0.0,0.0,1000000000
2016341N08092,VARDHAH,2016,LAKSHADWEEP,LAKSHADWEEP,0.0,0.0,0.0,1000000000
2017333N06082,OCKHI,2017,ANDHRA PRADESH,ALLURI SITHARAMA RAJU,0.0,0.0,0.0,900000000
2017333N06082,OCKHI,2017,ANDHRA PRADESH,ANAKAPALLI,0.0,0.0,0.0,900000000
2017333N06082,OCKHI,2017,ANDHRA PRADESH,ANANTHAPURAMU,0.0,0.0,0.0,900000000
2017333N06082,OCKHI,2017,ANDHRA PRADESH,ANNAMAYYA,0.0,0.0,0.0,900000000
2017333N06082,OCKHI,2017,ANDHRA PRADESH,BAPATLA,0.0,0.0,0.0,900000000
2017333N06082,OCKHI,2017,ANDHRA PRADESH,CHITTOOR,0.0,0.0,0.0,900000000
2017333N06082,OCKHI,2017,ANDHRA PRADESH,DR.B.R.AMBEDKAR KONASEEMA,0.0,0.0,0.0,900000000
2017333N06082,OCKHI,2017,ANDHRA PRADESH,EAST GODAVARI,0.0,0.0,0.0,900000000
2017333N06082,OCKHI,2017,ANDHRA PRADESH,ELURU,0.0,0.0,0.0,900000000
2017333N06082,OCKHI,2017,ANDHRA PRADESH,GUNTUR,0.0,0.0,0.0,900000000
2017333N06082,OCKHI,2017,ANDHRA PRADESH,KAKINADA,0.0,0.0,0.0,900000000
2017333N06082,OCKHI,2017,ANDHRA PRADESH,KRISHNA,0.0,0.0,0.0,900000000
2017333N06082,OCKHI,2017,ANDHRA PRADESH,KURNOOL,0.0,0.0,0.0,900000000
2017333N06082,OCKHI,2017,ANDHRA PRADESH,NANDYAL,0.0,0.0,0.0,900000000
2017333N06082,OCKHI,2017,ANDHRA PRADESH,NTR,0.0,0.0,0.0,900000000
2017333N06082,OCKHI,2017,ANDHRA PRADESH,PALNADU,0.0,0.0,0.0,900000000
2017333N06082,OCKHI,2017,ANDHRA PRADESH,PARVATHIPURAM MANYAM,0.0,0.0,0.0,900000000
2017333N06082,OCKHI,2017,ANDHRA PRADESH,PRAKASAM,0.0,0.0,0.0,900000000
2017333N06082,OCKHI,2017,ANDHRA PRADESH,SRI POTTI SRIRAMULU NELLORE,0.0,0.0,0.0,900000000
2017333N06082,OCKHI,2017,ANDHRA PRADESH,SRI SATHYA SAI,0.0,0.0,0.0,900000000
2017333N06082,OCKHI,2017,ANDHRA PRADESH,SRIKAKULAM,0.0,0.0,0.0,900000000
2017333N06082,OCKHI,2017,ANDHRA PRADESH,TIRUPATI,0.0,0.0,0.0,900000000
2017333N06082,OCKHI,2017,ANDHRA PRADESH,VISAKHAPATNAM,0.0,0.0,0.0,900000000
2017333N06082,OCKHI,2017,ANDHRA PRADESH,VIZIANAGARAM,0.0,0.0,0.0,900000000
2017333N06082,OCKHI,2017,ANDHRA PRADESH,WEST GODAVARI,0.0,0.0,0.0,900000000
2017333N06082,OCKHI,2017,PUDUCHERRY,YANAM,0.0,0.0,0.0,900000000
2017333N06082,OCKHI,2017,ANDHRA PRADESH,YSR KADAPA,0.0,0.0,0.0,900000000
2017333N06082,OCKHI,2017,ANDAMAN AND NICOBAR ISLANDS,NICOBARS,0.0,0.0,0.0,900000000
2017333N06082,OCKHI,2017,ANDAMAN AND NICOBAR ISLANDS,NORTH AND MIDDLE ANDAMAN,0.0,0.0,0.0,900000000
2017333N06082,OCKHI,2017,ANDAMAN AND NICOBAR ISLANDS,SOUTH ANDAMANS,0.0,0.0,0.0,900000000
2017333N06082,OCKHI,2017,ARUNACHAL PRADESH,>NJ>W,0.0,0.0,0.0,900000000
2017333N06082,OCKHI,2017,ARUNACHAL PRADESH,CH>NGL>NG,0.0,0.0,0.0,900000000
2017333N06082,OCKHI,2017,ARUNACHAL PRADESH,DIB>NG VALLEY,0.0,0.0,0.0,900000000
2017333N06082,OCKHI,2017,ARUNACHAL PRADESH,EAST KAMENG,0.0,0.0,0.0,900000000
2017333N06082,OCKHI,2017,ARUNACHAL PRADESH,EAST SIANG,0.0,0.0,0.0,900000000
2017333N06082,OCKHI,2017,ARUNACHAL PRADESH,KURUNG KUMEY,0.0,0.0,0.0,900000000
2017333N06082,OCKHI,2017,ARUNACHAL PRADESH,LOWER DIB>NG VALLEY,0.0,0.0,0.0,900000000
2017333N06082,OCKHI,2017,ARUNACHAL PRADESH,PAPUMPARE,0.0,0.0,0.0,900000000
2017333N06082,OCKHI,2017,ARUNACHAL PRADESH,TAWANG,0.0,0.0,0.0,900000000
2017333N06082,OCKHI,2017,ARUNACHAL PRADESH,TIR>P,0.0,0.0,0.0,900000000
2017333N06082,OCKHI,2017,ARUNACHAL PRADESH,UPPER SIANG,0.0,0.0,0.0,900000000
2017333N06082,OCKHI,2017,ARUNACHAL PRADESH,UPPER SUBANSIRI,0.0,0.0,0.0,900000000
2017333N06082,OCKHI,2017,ARUNACHAL PRADESH,WEST KAMENG,0.0,0.0,0.0,900000000
2017333N06082,OCKHI,2017,ARUNACHAL PRADESH,SHI YOMI,0.0,0.0,0.0,900000000
2017333N06082,OCKHI,2017,ARUNACHAL PRADESH,NAMSAI,0.0,0.0,0.0,900000000
2017333N06082,OCKHI,2017,ARUNACHAL PRADESH,WEST SIANG,0.0,0.0,0.0,900000000
2017333N06082,OCKHI,2017,ARUNACHAL PRADESH,SIANG,0.0,0.0,0.0,900000000
2017333N06082,OCKHI,2017,ARUNACHAL PRADESH,LONGDING,0.0,0.0,0.0,900000000
2017333N06082,OCKHI,2017,ARUNACHAL PRADESH,PAKKE KESSANG,0.0,0.0,0.0,900000000
2017333N06082,OCKHI,2017,ARUNACHAL PRADESH,LOWER SIANG,0.0,0.0,0.0,900000000
2017333N06082,OCKHI,2017,ARUNACHAL PRADESH,LEPA RADA,0.0,0.0,0.0,900000000
2017333N06082,OCKHI,2017,ARUNACHAL PRADESH,BICHOM,0.0,0.0,0.0,900000000
2017333N06082,OCKHI,2017,ARUNACHAL PRADESH,KRA DAADI,0.0,0.0,0.0,900000000
2017333N06082,OCKHI,2017,ARUNACHAL PRADESH,KAMLE,0.0,0.0,0.0,900000000
2017333N06082,OCKHI,2017,ARUNACHAL PRADESH,KEYI PANYOR,0.0,0.0,0.0,900000000
2017333N06082,OCKHI,2017,ARUNACHAL PRADESH,LOWER SUBANSIRI,0.0,0.0,0.0,900000000
2017333N06082,OCKHI,2017,ASSAM,KOKRAJHAR,0.0,0.0,0.0,900000000
2017333N06082,OCKHI,2017,ASSAM,CHIRANG,0.0,0.0,0.0,900000000
2017333N06082,OCKHI,2017,ASSAM,UDALGURI,0.0,0.0,0.0,900000000
2017333N06082,OCKHI,2017,ASSAM,BAKSA,0.0,0.0,0.0,900000000
2017333N06082,OCKHI,2017,ASSAM,DHUBRI,0.0,0.0,0.0,900000000
2017333N06082,OCKHI,2017,ASSAM,DARANG,0.0,0.0,0.0,900000000
2017333N06082,OCKHI,2017,ASSAM,KARBI ANGLONG,0.0,0.0,0.0,900000000
2017333N06082,OCKHI,2017,ASSAM,DIMA HASAO,0.0,0.0,0.0,900000000
2017333N06082,OCKHI,2017,ASSAM,CACHAR,0.0,0.0,0.0,900000000
2017333N06082,OCKHI,2017,ASSAM,KARIMGANJ,0.0,0.0,0.0,900000000
2017333N06082,OCKHI,2017,ASSAM,HAILAKANDI,0.0,0.0,0.0,900000000
2017333N06082,OCKHI,2017,ASSAM,WEST KARBI ANGLONG,0.0,0.0,0.0,900000000
2017333N06082,OCKHI,2017,ASSAM,JORHAT,0.0,0.0,0.0,900000000
2017333N06082,OCKHI,2017,ASSAM,GOLAGHAT,0.0,0.0,0.0,900000000
2017333N06082,OCKHI,2017,ASSAM,SONITPUR,0.0,0.0,0.0,900000000
2017333N06082,OCKHI,2017,ASSAM,DHEMAJI,0.0,0.0,0.0,900000000
2017333N06082,OCKHI,2017,ASSAM,CHARAIDEO,0.0,0.0,0.0,900000000
2017333N06082,OCKHI,2017,ASSAM,TINSUKIA,0.0,0.0,0.0,900000000
2017333N06082,OCKHI,2017,ASSAM,LAKHIMPUR,0.0,0.0,0.0,900000000
2017333N06082,OCKHI,2017,ASSAM,MAJULI,0.0,0.0,0.0,900000000
2017333N06082,OCKHI,2017,ASSAM,SIBSAGAR,0.0,0.0,0.0,900000000
2017333N06082,OCKHI,2017,ASSAM,NAGAON,0.0,0.0,0.0,900000000
2017333N06082,OCKHI,2017,ASSAM,MARIGAON,0.0,0.0,0.0,900000000
2017333N06082,OCKHI,2017,ASSAM,KAMRUP METRO,0.0,0.0,0.0,900000000
2017333N06082,OCKHI,2017,ASSAM,NALBARI,0.0,0.0,0.0,900000000
2017333N06082,OCKHI,2017,ASSAM,GOALPARA,0.0,0.0,0.0,900000000
2017333N06082,OCKHI,2017,ASSAM,BONGAIGAON,0.0,0.0,0.0,900000000
2017333N06082,OCKHI,2017,ASSAM,KAMRUP RURAL,0.0,0.0,0.0,900000000
2017333N06082,OCKHI,2017,ASSAM,DIBRUGARH,0.0,0.0,0.0,900000000
2017333N06082,OCKHI,2017,ASSAM,HOJAI,0.0,0.0,0.0,900000000
2017333N06082,OCKHI,2017,ASSAM,TAMULPUR,0.0,0.0,0.0,900000000
2017333N06082,OCKHI,2017,ASSAM,BISWANATH,0.0,0.0,0.0,900000000
2017333N06082,OCKHI,2017,ASSAM,BARPETA,0.0,0.0,0.0,900000000
2017333N06082,OCKHI,2017,ASSAM,BAJALI,0.0,0.0,0.0,900000000
2017333N06082,OCKHI,2017,ASSAM,SOUTH SALMARA MANCACHAR,0.0,0.0,0.0,900000000
2017333N06082,OCKHI,2017,BIHAR,ARARIA,0.0,0.0,0.0,900000000
2017333N06082,OCKHI,2017,BIHAR,ARWAL,0.0,0.0,0.0,900000000
2017333N06082,OCKHI,2017,BIHAR,AURANGABAD,0.0,0.0,0.0,900000000
2017333N06082,OCKHI,2017,BIHAR,BANKA,0.0,0.0,0.0,900000000
2017333N06082,OCKHI,2017,BIHAR,BEGUSARAI,0.0,0.0,0.0,900000000
2017333N06082,OCKHI,2017,BIHAR,BHAGALPUR,0.0,0.0,0.0,900000000
2017333N06082,OCKHI,2017,BIHAR,BHOJPUR,0.0,0.0,0.0,900000000
2017333N06082,OCKHI,2017,BIHAR,BUXAR,0.0,0.0,0.0,900000000
2017333N06082,OCKHI,2017,BIHAR,DARBHANGA,0.0,0.0,0.0,900000000
2017333N06082,OCKHI,2017,BIHAR,GAYA,0.0,0.0,0.0,900000000
2017333N06082,OCKHI,2017,BIHAR,GOPALGANJ,0.0,0.0,0.0,900000000
2017333N06082,OCKHI,2017,BIHAR,JAHANABAD,0.0,0.0,0.0,900000000
2017333N06082,OCKHI,2017,BIHAR,JAMUI,0.0,0.0,0.0,900000000
2017333N06082,OCKHI,2017,BIHAR,KAIMUR,0.0,0.0,0.0,900000000
2017333N06082,OCKHI,2017,BIHAR,KATIHAR,0.0,0.0,0.0,900000000
2017333N06082,OCKHI,2017,BIHAR,KHAGARIA,0.0,0.0,0.0,900000000
2017333N06082,OCKHI,2017,BIHAR,KISHANGANJ,0.0,0.0,0.0,900000000
2017333N06082,OCKHI,2017,BIHAR,LAKHISARAI,0.0,0.0,0.0,900000000
2017333N06082,OCKHI,2017,BIHAR,MADHEPURA,0.0,0.0,0.0,900000000
2017333N06082,OCKHI,2017,BIHAR,MADHUBANI,0.0,0.0,0.0,900000000
2017333N06082,OCKHI,2017,BIHAR,MUNGER,0.0,0.0,0.0,900000000
2017333N06082,OCKHI,2017,BIHAR,MUZAFFARPUR,0.0,0.0,0.0,900000000
2017333N06082,OCKHI,2017,BIHAR,NALANDA,0.0,0.0,0.0,900000000
2017333N06082,OCKHI,2017,BIHAR,NAWADA,0.0,0.0,0.0,900000000
2017333N06082,OCKHI,2017,BIHAR,PASHCHIMI CHAMPARAN,0.0,0.0,0.0,900000000
2017333N06082,OCKHI,2017,BIHAR,PATNA,0.0,0.0,0.0,900000000
2017333N06082,OCKHI,2017,BIHAR,PURBI CHAMPARAN,0.0,0.0,0.0,900000000
2017333N06082,OCKHI,2017,BIHAR,PURNIA,0.0,0.0,0.0,900000000
2017333N06082,OCKHI,2017,BIHAR,ROHTAS,0.0,0.0,0.0,900000000
2017333N06082,OCKHI,2017,BIHAR,SAHARSA,0.0,0.0,0.0,900000000
2017333N06082,OCKHI,2017,BIHAR,SAMASTIPUR,0.0,0.0,0.0,900000000
2017333N06082,OCKHI,2017,BIHAR,SARAN,0.0,0.0,0.0,900000000
2017333N06082,OCKHI,2017,BIHAR,SHEIKHPURA,0.0,0.0,0.0,900000000
2017333N06082,OCKHI,2017,BIHAR,SHEOHAR,0.0,0.0,0.0,900000000
2017333N06082,OCKHI,2017,BIHAR,SITAMARHI,0.0,0.0,0.0,900000000
2017333N06082,OCKHI,2017,BIHAR,SIWAN,0.0,0.0,0.0,900000000
2017333N06082,OCKHI,2017,BIHAR,SUPAUL,0.0,0.0,0.0,900000000
2017333N06082,OCKHI,2017,BIHAR,VAISHALI,0.0,0.0,0.0,900000000
2017333N06082,OCKHI,2017,CHHATTISGARH,KAWARDHA (KABIRDHAM),0.0,0.0,0.0,900000000
2017333N06082,OCKHI,2017,CHHATTISGARH,GAURELA-PENDRA-MARWAHI,0.0,0.0,0.0,900000000
2017333N06082,OCKHI,2017,CHHATTISGARH,SURAJPUR,0.0,0.0,0.0,900000000
2017333N06082,OCKHI,2017,CHHATTISGARH,BALRAMPUR,0.0,0.0,0.0,900000000
2017333N06082,OCKHI,2017,CHHATTISGARH,MUNGELI,0.0,0.0,0.0,900000000
2017333N06082,OCKHI,2017,CHHATTISGARH,DAKSHIN BASTAR DANTEWARA,0.0,0.0,0.0,900000000
2017333N06082,OCKHI,2017,CHHATTISGARH,BIJAPUR,0.0,0.0,0.0,900000000
2017333N06082,OCKHI,2017,CHHATTISGARH,BASTAR,0.0,0.0,0.0,900000000
2017333N06082,OCKHI,2017,CHHATTISGARH,SUKMA,0.0,0.0,0.0,900000000
2017333N06082,OCKHI,2017,CHHATTISGARH,KONDAGAON,0.0,0.0,0.0,900000000
2017333N06082,OCKHI,2017,CHHATTISGARH,NARAYANPUR,0.0,0.0,0.0,900000000
2017333N06082,OCKHI,2017,CHHATTISGARH,UTTAR BASTAR KANKER,0.0,0.0,0.0,900000000
2017333N06082,OCKHI,2017,CHHATTISGARH,GARIYABAND,0.0,0.0,0.0,900000000
2017333N06082,OCKHI,2017,CHHATTISGARH,DHAMTARI,0.0,0.0,0.0,900000000
2017333N06082,OCKHI,2017,CHHATTISGARH,BALOD,0.0,0.0,0.0,900000000
2017333N06082,OCKHI,2017,CHHATTISGARH,MAHASAMUND,0.0,0.0,0.0,900000000
2017333N06082,OCKHI,2017,CHHATTISGARH,DURG,0.0,0.0,0.0,900000000
2017333N06082,OCKHI,2017,CHHATTISGARH,RAIPUR,0.0,0.0,0.0,900000000
2017333N06082,OCKHI,2017,CHHATTISGARH,BEMETARA,0.0,0.0,0.0,900000000
2017333N06082,OCKHI,2017,CHHATTISGARH,BILASPUR,0.0,0.0,0.0,900000000
2017333N06082,OCKHI,2017,CHHATTISGARH,KORBA,0.0,0.0,0.0,900000000
2017333N06082,OCKHI,2017,CHHATTISGARH,JASHPUR,0.0,0.0,0.0,900000000
2017333N06082,OCKHI,2017,CHHATTISGARH,SURGUJA,0.0,0.0,0.0,900000000
2017333N06082,OCKHI,2017,CHHATTISGARH,KHAIRGARH-CHHUIKHADAN-GANDAI,0.0,0.0,0.0,900000000
2017333N06082,OCKHI,2017,CHHATTISGARH,RAJNANDGAON,0.0,0.0,0.0,900000000
2017333N06082,OCKHI,2017,CHHATTISGARH,MOHLA-MANPUR-AMBAGARH CHOWKI,0.0,0.0,0.0,900000000
2017333N06082,OCKHI,2017,CHHATTISGARH,JANJGIR - CHAMPA,0.0,0.0,0.0,900000000
2017333N06082,OCKHI,2017,CHHATTISGARH,SAKTI,0.0,0.0,0.0,900000000
2017333N06082,OCKHI,2017,CHHATTISGARH,RAIGARH,0.0,0.0,0.0,900000000
2017333N06082,OCKHI,2017,CHHATTISGARH,KOREA,0.0,0.0,0.0,900000000
2017333N06082,OCKHI,2017,CHHATTISGARH,MANENDRAGARH-CHIRMIRI-BHARATPUR,0.0,0.0,0.0,900000000
2017333N06082,OCKHI,2017,CHHATTISGARH,SARANGARH-BILAIGARH,0.0,0.0,0.0,900000000
2017333N06082,OCKHI,2017,CHHATTISGARH,BALODA BAZAR,0.0,0.0,0.0,900000000
2017333N06082,OCKHI,2017,DELHI,NAZUL,0.0,0.0,0.0,900000000
2017333N06082,OCKHI,2017,DELHI,SOUTH WEST,0.0,0.0,0.0,900000000
2017333N06082,OCKHI,2017,DELHI,WEST,0.0,0.0,0.0,900000000
2017333N06082,OCKHI,2017,DELHI,CENTRAL,0.0,0.0,0.0,900000000
2017333N06082,OCKHI,2017,DELHI,EAST,0.0,0.0,0.0,900000000
2017333N06082,OCKHI,2017,DELHI,NEW DELHI,0.0,0.0,0.0,900000000
2017333N06082,OCKHI,2017,DELHI,NORTH,0.0,0.0,0.0,900000000
2017333N06082,OCKHI,2017,DELHI,SHAHADARA,0.0,0.0,0.0,900000000
2017333N06082,OCKHI,2017,DELHI,NORTH EAST,0.0,0.0,0.0,900000000
2017333N06082,OCKHI,2017,DELHI,SOUTH EAST,0.0,0.0,0.0,900000000
2017333N06082,OCKHI,2017,DELHI,SOUTH,0.0,0.0,0.0,900000000
2017333N06082,OCKHI,2017,DELHI,NORTH WEST,0.0,0.0,0.0,900000000
2017333N06082,OCKHI,2017,GOA,NORTH GOA,0.0,0.0,0.0,900000000
2017333N06082,OCKHI,2017,GOA,SOUTH GOA,0.0,0.0,0.0,900000000
2017333N06082,OCKHI,2017,DADRA & NAGAR HAVELI & DAMAN & DIU,DADRA AND NAGAR HAVELI,0.0,0.0,0.0,900000000
2017333N06082,OCKHI,2017,DADRA & NAGAR HAVELI & DAMAN & DIU,DAMAN,0.0,0.0,0.0,900000000
2017333N06082,OCKHI,2017,DADRA & NAGAR HAVELI & DAMAN & DIU,DIU,0.0,0.0,0.0,900000000
2017333N06082,OCKHI,2017,GUJARAT,AHMADABAD,0.0,0.0,0.0,900000000
2017333N06082,OCKHI,2017,GUJARAT,AMRELI,0.0,0.0,0.0,900000000
2017333N06082,OCKHI,2017,GUJARAT,ANAND,0.0,0.0,0.0,900000000
2017333N06082,OCKHI,2017,GUJARAT,ARVALLI,0.0,0.0,0.0,900000000
2017333N06082,OCKHI,2017,GUJARAT,BANAS KANTHA,0.0,0.0,0.0,900000000
2017333N06082,OCKHI,2017,GUJARAT,BHARUCH,0.0,0.0,0.0,900000000
2017333N06082,OCKHI,2017,GUJARAT,BHAVNAGAR,0.0,0.0,0.0,900000000
2017333N06082,OCKHI,2017,GUJARAT,BOTAD,0.0,0.0,0.0,900000000
2017333N06082,OCKHI,2017,GUJARAT,CHHOTAUDEPUR,0.0,0.0,0.0,900000000
2017333N06082,OCKHI,2017,GUJARAT,DAHOD,0.0,0.0,0.0,900000000
2017333N06082,OCKHI,2017,GUJARAT,DANGS,0.0,0.0,0.0,900000000
2017333N06082,OCKHI,2017,GUJARAT,DEVBHUMI DWARKA,0.0,0.0,0.0,900000000
2017333N06082,OCKHI,2017,GUJARAT,GANDHINAGAR,0.0,0.0,0.0,900000000
2017333N06082,OCKHI,2017,GUJARAT,GIR SOMNATH,0.0,0.0,0.0,900000000
2017333N06082,OCKHI,2017,GUJARAT and DNH & DD ISLANDS,ISLAND,0.0,0.0,0.0,900000000
2017333N06082,OCKHI,2017,GUJARAT,JAMNAGAR,0.0,0.0,0.0,900000000
2017333N06082,OCKHI,2017,GUJARAT,JUNAGADH,0.0,0.0,0.0,900000000
2017333N06082,OCKHI,2017,GUJARAT,KACHCHH,0.0,0.0,0.0,900000000
2017333N06082,OCKHI,2017,GUJARAT,KHEDA,0.0,0.0,0.0,900000000
2017333N06082,OCKHI,2017,GUJARAT,MAHESANA,0.0,0.0,0.0,900000000
2017333N06082,OCKHI,2017,GUJARAT,MAHISAGAR,0.0,0.0,0.0,900000000
2017333N06082,OCKHI,2017,GUJARAT,MORBI,0.0,0.0,0.0,900000000
2017333N06082,OCKHI,2017,GUJARAT,NARMADA,0.0,0.0,0.0,900000000
2017333N06082,OCKHI,2017,GUJARAT,NAVSARI,0.0,0.0,0.0,900000000
2017333N06082,OCKHI,2017,GUJARAT,PANCH MAHALS,0.0,0.0,0.0,900000000
2017333N06082,OCKHI,2017,GUJARAT,PATAN,0.0,0.0,0.0,900000000
2017333N06082,OCKHI,2017,GUJARAT,PORBANDAR,0.0,0.0,0.0,900000000
2017333N06082,OCKHI,2017,GUJARAT,RAJKOT,0.0,0.0,0.0,900000000
2017333N06082,OCKHI,2017,GUJARAT,SABAR KANTHA,0.0,0.0,0.0,900000000
2017333N06082,OCKHI,2017,GUJARAT,SURAT,0.0,0.0,0.0,900000000
2017333N06082,OCKHI,2017,GUJARAT,SURENDRANAGAR,0.0,0.0,0.0,900000000
2017333N06082,OCKHI,2017,GUJARAT,TAPI,0.0,0.0,0.0,900000000
2017333N06082,OCKHI,2017,GUJARAT,VADODARA,0.0,0.0,0.0,900000000
2017333N06082,OCKHI,2017,GUJARAT,VALSAD,0.0,0.0,0.0,900000000
2017333N06082,OCKHI,2017,HARYANA,AMBALA,0.0,0.0,0.0,900000000
2017333N06082,OCKHI,2017,HARYANA,BHIWANI,0.0,0.0,0.0,900000000
2017333N06082,OCKHI,2017,HARYANA,CHARKI DADRI,0.0,0.0,0.0,900000000
2017333N06082,OCKHI,2017,HARYANA,FARIDABAD,0.0,0.0,0.0,900000000
2017333N06082,OCKHI,2017,HARYANA,FATEHABAD,0.0,0.0,0.0,900000000
2017333N06082,OCKHI,2017,HARYANA,GURUGRAM,0.0,0.0,0.0,900000000
2017333N06082,OCKHI,2017,HARYANA,HISAR,0.0,0.0,0.0,900000000
2017333N06082,OCKHI,2017,HARYANA,JHAJJAR,0.0,0.0,0.0,900000000
2017333N06082,OCKHI,2017,HARYANA,JIND,0.0,0.0,0.0,900000000
2017333N06082,OCKHI,2017,HARYANA,KAITHAL,0.0,0.0,0.0,900000000
2017333N06082,OCKHI,2017,HARYANA,KARNAL,0.0,0.0,0.0,900000000
2017333N06082,OCKHI,2017,HARYANA,KURUKSHETRA,0.0,0.0,0.0,900000000
2017333N06082,OCKHI,2017,HARYANA,MAHENDRAGARH,0.0,0.0,0.0,900000000
2017333N06082,OCKHI,2017,HARYANA,NUH,0.0,0.0,0.0,900000000
2017333N06082,OCKHI,2017,HARYANA,PALWAL,0.0,0.0,0.0,900000000
2017333N06082,OCKHI,2017,HARYANA,PANCHKULA,0.0,0.0,0.0,900000000
2017333N06082,OCKHI,2017,HARYANA,PANIPAT,0.0,0.0,0.0,900000000
2017333N06082,OCKHI,2017,HARYANA,REWARI,0.0,0.0,0.0,900000000
2017333N06082,OCKHI,2017,HARYANA,ROHTAK,0.0,0.0,0.0,900000000
2017333N06082,OCKHI,2017,HARYANA,SIRSA,0.0,0.0,0.0,900000000
2017333N06082,OCKHI,2017,HARYANA,SONIPAT,0.0,0.0,0.0,900000000
2017333N06082,OCKHI,2017,HARYANA,YAMUNANAGAR,0.0,0.0,0.0,900000000
2017333N06082,OCKHI,2017,HIMACHAL PRADESH,BIL>SPUR,0.0,0.0,0.0,900000000
2017333N06082,OCKHI,2017,HIMACHAL PRADESH,SHIMLA,0.0,0.0,0.0,900000000
2017333N06082,OCKHI,2017,HIMACHAL PRADESH,KINNAUR,0.0,0.0,0.0,900000000
2017333N06082,OCKHI,2017,HIMACHAL PRADESH,SOLAN,0.0,0.0,0.0,900000000
2017333N06082,OCKHI,2017,HIMACHAL PRADESH,SIRMAUR,0.0,0.0,0.0,900000000
2017333N06082,OCKHI,2017,HIMACHAL PRADESH,KULLU,0.0,0.0,0.0,900000000
2017333N06082,OCKHI,2017,HIMACHAL PRADESH,CHAMBA,0.0,0.0,0.0,900000000
2017333N06082,OCKHI,2017,HIMACHAL PRADESH,MANDI,0.0,0.0,0.0,900000000
2017333N06082,OCKHI,2017,HIMACHAL PRADESH,K>NGRA,0.0,0.0,0.0,900000000
2017333N06082,OCKHI,2017,HIMACHAL PRADESH,HAM|RPUR,0.0,0.0,0.0,900000000
2017333N06082,OCKHI,2017,HIMACHAL PRADESH,UNA,0.0,0.0,0.0,900000000
2017333N06082,OCKHI,2017,HIMACHAL PRADESH,LAHUL & SPITI,0.0,0.0,0.0,900000000
2017333N06082,OCKHI,2017,JAMMU AND KASHMIR,MIRPUR,0.0,0.0,0.0,900000000
2017333N06082,OCKHI,2017,JAMMU AND KASHMIR,MUZAFFARABAD,0.0,0.0,0.0,900000000
2017333N06082,OCKHI,2017,JAMMU AND KASHMIR,PUNCH,0.0,0.0,0.0,900000000
2017333N06082,OCKHI,2017,JAMMU AND KASHMIR,ANANTNAG,0.0,0.0,0.0,900000000
2017333N06082,OCKHI,2017,JAMMU AND KASHMIR,BARAMULA,0.0,0.0,0.0,900000000
2017333N06082,OCKHI,2017,JAMMU AND KASHMIR,KATHUA,0.0,0.0,0.0,900000000
2017333N06082,OCKHI,2017,JAMMU AND KASHMIR,UDHAMPUR,0.0,0.0,0.0,900000000
2017333N06082,OCKHI,2017,JAMMU AND KASHMIR,BADGAM,0.0,0.0,0.0,900000000
2017333N06082,OCKHI,2017,JAMMU AND KASHMIR,BANDIPURA,0.0,0.0,0.0,900000000
2017333N06082,OCKHI,2017,JAMMU AND KASHMIR,GANDERBAL,0.0,0.0,0.0,900000000
2017333N06082,OCKHI,2017,JAMMU AND KASHMIR,KULGAM,0.0,0.0,0.0,900000000
2017333N06082,OCKHI,2017,JAMMU AND KASHMIR,KUPWARA,0.0,0.0,0.0,900000000
2017333N06082,OCKHI,2017,JAMMU AND KASHMIR,PULWAMA,0.0,0.0,0.0,900000000
2017333N06082,OCKHI,2017,JAMMU AND KASHMIR,RAJAURI,0.0,0.0,0.0,900000000
2017333N06082,OCKHI,2017,JAMMU AND KASHMIR,RAMBAN,0.0,0.0,0.0,900000000
2017333N06082,OCKHI,2017,JAMMU AND KASHMIR,RIASI,0.0,0.0,0.0,900000000
2017333N06082,OCKHI,2017,JAMMU AND KASHMIR,SHUPIYAN,0.0,0.0,0.0,900000000
2017333N06082,OCKHI,2017,JAMMU AND KASHMIR,SRINAGAR,0.0,0.0,0.0,900000000
2017333N06082,OCKHI,2017,JAMMU AND KASHMIR,KISHTWAR,0.0,0.0,0.0,900000000
2017333N06082,OCKHI,2017,JAMMU AND KASHMIR,DODA,0.0,0.0,0.0,900000000
2017333N06082,OCKHI,2017,JAMMU AND KASHMIR,SAMBA,0.0,0.0,0.0,900000000
2017333N06082,OCKHI,2017,JAMMU AND KASHMIR,JAMMU,0.0,0.0,0.0,900000000
2017333N06082,OCKHI,2017,,NONE,0.0,0.0,0.0,900000000
2017333N06082,OCKHI,2017,JHARKHAND,GARHWA,0.0,0.0,0.0,900000000
2017333N06082,OCKHI,2017,JHARKHAND,CHATRA,0.0,0.0,0.0,900000000
2017333N06082,OCKHI,2017,JHARKHAND,KODERMA,0.0,0.0,0.0,900000000
2017333N06082,OCKHI,2017,JHARKHAND,GIRIDIH,0.0,0.0,0.0,900000000
2017333N06082,OCKHI,2017,JHARKHAND,DEOGHAR,0.0,0.0,0.0,900000000
2017333N06082,OCKHI,2017,JHARKHAND,GODDA,0.0,0.0,0.0,900000000
2017333N06082,OCKHI,2017,JHARKHAND,SAHIBGANJ,0.0,0.0,0.0,900000000
2017333N06082,OCKHI,2017,JHARKHAND,PAKUR,0.0,0.0,0.0,900000000
2017333N06082,OCKHI,2017,JHARKHAND,DHANBAD,0.0,0.0,0.0,900000000
2017333N06082,OCKHI,2017,JHARKHAND,BOKARO,0.0,0.0,0.0,900000000
2017333N06082,OCKHI,2017,JHARKHAND,LOHARDAGA,0.0,0.0,0.0,900000000
2017333N06082,OCKHI,2017,JHARKHAND,EAST SINGHBHUM,0.0,0.0,0.0,900000000
2017333N06082,OCKHI,2017,JHARKHAND,PALAMU,0.0,0.0,0.0,900000000
2017333N06082,OCKHI,2017,JHARKHAND,LATEHAR,0.0,0.0,0.0,900000000
2017333N06082,OCKHI,2017,JHARKHAND,HAZARIBAGH,0.0,0.0,0.0,900000000
2017333N06082,OCKHI,2017,JHARKHAND,RAMGARH,0.0,0.0,0.0,900000000
2017333N06082,OCKHI,2017,JHARKHAND,DUMKA,0.0,0.0,0.0,900000000
2017333N06082,OCKHI,2017,JHARKHAND,JAMTARA,0.0,0.0,0.0,900000000
2017333N06082,OCKHI,2017,JHARKHAND,RANCHI,0.0,0.0,0.0,900000000
2017333N06082,OCKHI,2017,JHARKHAND,KHUNTI,0.0,0.0,0.0,900000000
2017333N06082,OCKHI,2017,JHARKHAND,GUMLA,0.0,0.0,0.0,900000000
2017333N06082,OCKHI,2017,JHARKHAND,SIMDEGA,0.0,0.0,0.0,900000000
2017333N06082,OCKHI,2017,JHARKHAND,WEST SINGHBHUM,0.0,0.0,0.0,900000000
2017333N06082,OCKHI,2017,JHARKHAND,SARAIKELA-KHARSAWAN,0.0,0.0,0.0,900000000
2017333N06082,OCKHI,2017,KARNATAKA,B,0.0,0.0,0.0,900000000
2017333N06082,OCKHI,2017,KARNATAKA,BENGAL#RU (RURAL),0.0,0.0,0.0,900000000
2017333N06082,OCKHI,2017,KARNATAKA,BELAG,0.0,0.0,0.0,900000000
2017333N06082,OCKHI,2017,KARNATAKA,CHIKKAMAGAL#RU,0.0,0.0,0.0,900000000
2017333N06082,OCKHI,2017,KARNATAKA,BALL,0.0,0.0,0.0,900000000
2017333N06082,OCKHI,2017,KARNATAKA,CH,0.0,0.0,0.0,900000000
2017333N06082,OCKHI,2017,KARNATAKA,CHITRADURGA,0.0,0.0,0.0,900000000
2017333N06082,OCKHI,2017,KARNATAKA,KOPPAL,0.0,0.0,0.0,900000000
2017333N06082,OCKHI,2017,KARNATAKA,VIJAYANAGARA,0.0,0.0,0.0,900000000
2017333N06082,OCKHI,2017,KARNATAKA,RAICH#R,0.0,0.0,0.0,900000000
2017333N06082,OCKHI,2017,KARNATAKA,CHIKKABALL,0.0,0.0,0.0,900000000
2017333N06082,OCKHI,2017,KARNATAKA,D,0.0,0.0,0.0,900000000
2017333N06082,OCKHI,2017,KARNATAKA,DH,0.0,0.0,0.0,900000000
2017333N06082,OCKHI,2017,KARNATAKA,GADAG,0.0,0.0,0.0,900000000
2017333N06082,OCKHI,2017,KARNATAKA,H,0.0,0.0,0.0,900000000
2017333N06082,OCKHI,2017,KARNATAKA,KALABURAGI,0.0,0.0,0.0,900000000
2017333N06082,OCKHI,2017,KARNATAKA,BENGAL#RU (URBAN),0.0,0.0,0.0,900000000
2017333N06082,OCKHI,2017,KARNATAKA,KOL,0.0,0.0,0.0,900000000
2017333N06082,OCKHI,2017,KARNATAKA,MANDYA,0.0,0.0,0.0,900000000
2017333N06082,OCKHI,2017,KARNATAKA,MYS#RU,0.0,0.0,0.0,900000000
2017333N06082,OCKHI,2017,KARNATAKA,SHIVAMOGGA,0.0,0.0,0.0,900000000
2017333N06082,OCKHI,2017,KARNATAKA,DAKSHINA KANNADA,0.0,0.0,0.0,900000000
2017333N06082,OCKHI,2017,KARNATAKA,UTTARA KANNADA,0.0,0.0,0.0,900000000
2017333N06082,OCKHI,2017,KARNATAKA,VIJAYAPURA,0.0,0.0,0.0,900000000
2017333N06082,OCKHI,2017,KARNATAKA,Y,0.0,0.0,0.0,900000000
2017333N06082,OCKHI,2017,KARNATAKA,R,0.0,0.0,0.0,900000000
2017333N06082,OCKHI,2017,KERALA,PALAKKAD,0.0,0.0,0.0,900000000
2017333N06082,OCKHI,2017,KERALA,ALAPPUZHA,215268.16364057115,0.0,0.0,900000000
2017333N06082,OCKHI,2017,KERALA,KOTTAYAM,0.0,0.0,0.0,900000000
2017333N06082,OCKHI,2017,KERALA,KOLLAM,19430265.350373883,0.0,0.0,900000000
2017333N06082,OCKHI,2017,KERALA,KOZHIKODE,0.0,0.0,0.0,900000000
2017333N06082,OCKHI,2017,KERALA,KASARAGOD,0.0,0.0,0.0,900000000
2017333N06082,OCKHI,2017,KERALA,MALAPPURAM,0.0,0.0,0.0,900000000
2017333N06082,OCKHI,2017,KERALA,WAYANAD,0.0,0.0,0.0,900000000
2017333N06082,OCKHI,2017,KERALA,PATHANAMTHITTA,0.0,0.0,0.0,900000000
2017333N06082,OCKHI,2017,KERALA,IDUKKI,0.0,0.0,0.0,900000000
2017333N06082,OCKHI,2017,KERALA,THRISSUR,0.0,0.0,0.0,900000000
2017333N06082,OCKHI,2017,KERALA,ERNAKULAM,0.0,0.0,0.0,900000000
2017333N06082,OCKHI,2017,KERALA,THIRUVANANTHAPURAM,163050584.7248586,0.0,0.0,900000000
2017333N06082,OCKHI,2017,KERALA,KANNUR,0.0,0.0,0.0,900000000
2017333N06082,OCKHI,2017,LADAKH,LEH,0.0,0.0,0.0,900000000
2017333N06082,OCKHI,2017,LADAKH,KARGIL,0.0,0.0,0.0,900000000
2017333N06082,OCKHI,2017,MADHYA PRADESH,AGAR MALWA,0.0,0.0,0.0,900000000
2017333N06082,OCKHI,2017,MADHYA PRADESH,ALIRAJPUR,0.0,0.0,0.0,900000000
2017333N06082,OCKHI,2017,MADHYA PRADESH,ANUPPUR,0.0,0.0,0.0,900000000
2017333N06082,OCKHI,2017,MADHYA PRADESH,ASHOKNAGAR,0.0,0.0,0.0,900000000
2017333N06082,OCKHI,2017,MADHYA PRADESH,BALAGHAT,0.0,0.0,0.0,900000000
2017333N06082,OCKHI,2017,MADHYA PRADESH,BARWANI,0.0,0.0,0.0,900000000
2017333N06082,OCKHI,2017,MADHYA PRADESH,BETUL,0.0,0.0,0.0,900000000
2017333N06082,OCKHI,2017,MADHYA PRADESH,BHIND,0.0,0.0,0.0,900000000
2017333N06082,OCKHI,2017,MADHYA PRADESH,BHOPAL,0.0,0.0,0.0,900000000
2017333N06082,OCKHI,2017,MADHYA PRADESH,BURHANPUR,0.0,0.0,0.0,900000000
2017333N06082,OCKHI,2017,MADHYA PRADESH,CHHATARPUR,0.0,0.0,0.0,900000000
2017333N06082,OCKHI,2017,MADHYA PRADESH,CHHINDWARA,0.0,0.0,0.0,900000000
2017333N06082,OCKHI,2017,MADHYA PRADESH,DAMOH,0.0,0.0,0.0,900000000
2017333N06082,OCKHI,2017,MADHYA PRADESH,DEWAS,0.0,0.0,0.0,900000000
2017333N06082,OCKHI,2017,MADHYA PRADESH,DHAR,0.0,0.0,0.0,900000000
2017333N06082,OCKHI,2017,MADHYA PRADESH,DINDORI,0.0,0.0,0.0,900000000
2017333N06082,OCKHI,2017,MADHYA PRADESH,GUNA,0.0,0.0,0.0,900000000
2017333N06082,OCKHI,2017,MADHYA PRADESH,GWALIOR,0.0,0.0,0.0,900000000
2017333N06082,OCKHI,2017,MADHYA PRADESH,HARDA,0.0,0.0,0.0,900000000
2017333N06082,OCKHI,2017,MADHYA PRADESH,INDORE,0.0,0.0,0.0,900000000
2017333N06082,OCKHI,2017,MADHYA PRADESH,JABALPUR,0.0,0.0,0.0,900000000
2017333N06082,OCKHI,2017,MADHYA PRADESH,JHABUA,0.0,0.0,0.0,900000000
2017333N06082,OCKHI,2017,MADHYA PRADESH,KATNI,0.0,0.0,0.0,900000000
2017333N06082,OCKHI,2017,MADHYA PRADESH,KHANDWA,0.0,0.0,0.0,900000000
2017333N06082,OCKHI,2017,MADHYA PRADESH,KHARGONE,0.0,0.0,0.0,900000000
2017333N06082,OCKHI,2017,MADHYA PRADESH,MAIHAR,0.0,0.0,0.0,900000000
2017333N06082,OCKHI,2017,MADHYA PRADESH,MANDLA,0.0,0.0,0.0,900000000
2017333N06082,OCKHI,2017,MADHYA PRADESH,MANDSAUR,0.0,0.0,0.0,900000000
2017333N06082,OCKHI,2017,MADHYA PRADESH,MAUGANJ,0.0,0.0,0.0,900000000
2017333N06082,OCKHI,2017,MADHYA PRADESH,MORENA,0.0,0.0,0.0,900000000
2017333N06082,OCKHI,2017,MADHYA PRADESH,NARMADAPURAM,0.0,0.0,0.0,900000000
2017333N06082,OCKHI,2017,MADHYA PRADESH,NARSINGHPUR,0.0,0.0,0.0,900000000
2017333N06082,OCKHI,2017,MADHYA PRADESH,NEEMUCH,0.0,0.0,0.0,900000000
2017333N06082,OCKHI,2017,MADHYA PRADESH,NIWARI,0.0,0.0,0.0,900000000
2017333N06082,OCKHI,2017,MADHYA PRADESH,PANDHURNA,0.0,0.0,0.0,900000000
2017333N06082,OCKHI,2017,MADHYA PRADESH,PANNA,0.0,0.0,0.0,900000000
2017333N06082,OCKHI,2017,MADHYA PRADESH,RAISEN,0.0,0.0,0.0,900000000
2017333N06082,OCKHI,2017,MADHYA PRADESH,RAJGARH,0.0,0.0,0.0,900000000
2017333N06082,OCKHI,2017,MADHYA PRADESH,RATLAM,0.0,0.0,0.0,900000000
2017333N06082,OCKHI,2017,MADHYA PRADESH,REWA,0.0,0.0,0.0,900000000
2017333N06082,OCKHI,2017,MADHYA PRADESH,SAGAR,0.0,0.0,0.0,900000000
2017333N06082,OCKHI,2017,MADHYA PRADESH,SATNA,0.0,0.0,0.0,900000000
2017333N06082,OCKHI,2017,MADHYA PRADESH,SEHORE,0.0,0.0,0.0,900000000
2017333N06082,OCKHI,2017,MADHYA PRADESH,SEONI,0.0,0.0,0.0,900000000
2017333N06082,OCKHI,2017,MADHYA PRADESH,SHAHDOL,0.0,0.0,0.0,900000000
2017333N06082,OCKHI,2017,MADHYA PRADESH,SHAJAPUR,0.0,0.0,0.0,900000000
2017333N06082,OCKHI,2017,MADHYA PRADESH,SHEOPUR,0.0,0.0,0.0,900000000
2017333N06082,OCKHI,2017,MADHYA PRADESH,SHIVPURI,0.0,0.0,0.0,900000000
2017333N06082,OCKHI,2017,MADHYA PRADESH,SINGRAULI,0.0,0.0,0.0,900000000
2017333N06082,OCKHI,2017,MADHYA PRADESH,TIKAMGARH,0.0,0.0,0.0,900000000
2017333N06082,OCKHI,2017,MADHYA PRADESH,UJJAIN,0.0,0.0,0.0,900000000
2017333N06082,OCKHI,2017,MADHYA PRADESH,UMARIA,0.0,0.0,0.0,900000000
2017333N06082,OCKHI,2017,MADHYA PRADESH,VIDISHA,0.0,0.0,0.0,900000000
2017333N06082,OCKHI,2017,MAHARASHTRA,AHMEDNAGAR,0.0,0.0,0.0,900000000
2017333N06082,OCKHI,2017,MAHARASHTRA,BEED,0.0,0.0,0.0,900000000
2017333N06082,OCKHI,2017,MAHARASHTRA,BHANDARA,0.0,0.0,0.0,900000000
2017333N06082,OCKHI,2017,MAHARASHTRA,CHANDRAPUR,0.0,0.0,0.0,900000000
2017333N06082,OCKHI,2017,MAHARASHTRA,DHULE,0.0,0.0,0.0,900000000
2017333N06082,OCKHI,2017,MAHARASHTRA,GADCHIROLI,0.0,0.0,0.0,900000000
2017333N06082,OCKHI,2017,MAHARASHTRA,GONDIA,0.0,0.0,0.0,900000000
2017333N06082,OCKHI,2017,MAHARASHTRA,HINGOLI,0.0,0.0,0.0,900000000
2017333N06082,OCKHI,2017,MAHARASHTRA,JALGAON,0.0,0.0,0.0,900000000
2017333N06082,OCKHI,2017,MAHARASHTRA,KOLHAPUR,0.0,0.0,0.0,900000000
2017333N06082,OCKHI,2017,MAHARASHTRA,LATUR,0.0,0.0,0.0,900000000
2017333N06082,OCKHI,2017,MAHARASHTRA,MUMBAI,0.0,0.0,0.0,900000000
2017333N06082,OCKHI,2017,MAHARASHTRA,NAGPUR,0.0,0.0,0.0,900000000
2017333N06082,OCKHI,2017,MAHARASHTRA,NANDED,0.0,0.0,0.0,900000000
2017333N06082,OCKHI,2017,MAHARASHTRA,NASHIK,0.0,0.0,0.0,900000000
2017333N06082,OCKHI,2017,MAHARASHTRA,NANDURBAR,0.0,0.0,0.0,900000000
2017333N06082,OCKHI,2017,MAHARASHTRA,PALGHAR,0.0,0.0,0.0,900000000
2017333N06082,OCKHI,2017,MAHARASHTRA,PUNE,0.0,0.0,0.0,900000000
2017333N06082,OCKHI,2017,MAHARASHTRA,RATNAGIRI,0.0,0.0,0.0,900000000
2017333N06082,OCKHI,2017,MAHARASHTRA,SANGLI,0.0,0.0,0.0,900000000
2017333N06082,OCKHI,2017,MAHARASHTRA,SATARA,0.0,0.0,0.0,900000000
2017333N06082,OCKHI,2017,MAHARASHTRA,SINDHUDURG,0.0,0.0,0.0,900000000
2017333N06082,OCKHI,2017,MAHARASHTRA,SOLAPUR,0.0,0.0,0.0,900000000
2017333N06082,OCKHI,2017,MAHARASHTRA,MUMBAI SUBURBAN,0.0,0.0,0.0,900000000
2017333N06082,OCKHI,2017,MAHARASHTRA,THANE,0.0,0.0,0.0,900000000
2017333N06082,OCKHI,2017,MAHARASHTRA,DHARASHIV,0.0,0.0,0.0,900000000
2017333N06082,OCKHI,2017,MAHARASHTRA,WASHIM,0.0,0.0,0.0,900000000
2017333N06082,OCKHI,2017,MAHARASHTRA,WARDHA,0.0,0.0,0.0,900000000
2017333N06082,OCKHI,2017,MAHARASHTRA,YAVATMAL,0.0,0.0,0.0,900000000
2017333N06082,OCKHI,2017,MAHARASHTRA,AKOLA,0.0,0.0,0.0,900000000
2017333N06082,OCKHI,2017,MAHARASHTRA,AMRAVATI,0.0,0.0,0.0,900000000
2017333N06082,OCKHI,2017,MAHARASHTRA,BULDHANA,0.0,0.0,0.0,900000000
2017333N06082,OCKHI,2017,MAHARASHTRA,PARBHANI,0.0,0.0,0.0,900000000
2017333N06082,OCKHI,2017,MAHARASHTRA,JALNA,0.0,0.0,0.0,900000000
2017333N06082,OCKHI,2017,MAHARASHTRA,CHHATRAPATI SAMBHAJINAGAR,0.0,0.0,0.0,900000000
2017333N06082,OCKHI,2017,MANIPUR,BISHNUPUR,0.0,0.0,0.0,900000000
2017333N06082,OCKHI,2017,MANIPUR,CHANDEL,0.0,0.0,0.0,900000000
2017333N06082,OCKHI,2017,MANIPUR,CHURACHANDPUR,0.0,0.0,0.0,900000000
2017333N06082,OCKHI,2017,MANIPUR,IMPHAL EAST,0.0,0.0,0.0,900000000
2017333N06082,OCKHI,2017,MANIPUR,IMPHAL WEST,0.0,0.0,0.0,900000000
2017333N06082,OCKHI,2017,MANIPUR,JIRIBAM,0.0,0.0,0.0,900000000
2017333N06082,OCKHI,2017,MANIPUR,KAKCHING,0.0,0.0,0.0,900000000
2017333N06082,OCKHI,2017,MANIPUR,KAMJANG,0.0,0.0,0.0,900000000
2017333N06082,OCKHI,2017,MANIPUR,KANGPOKPI,0.0,0.0,0.0,900000000
2017333N06082,OCKHI,2017,MANIPUR,NONEY,0.0,0.0,0.0,900000000
2017333N06082,OCKHI,2017,MANIPUR,PHERZAWL,0.0,0.0,0.0,900000000
2017333N06082,OCKHI,2017,MANIPUR,SENAPATI,0.0,0.0,0.0,900000000
2017333N06082,OCKHI,2017,MANIPUR,TAMENGLONG,0.0,0.0,0.0,900000000
2017333N06082,OCKHI,2017,MANIPUR,TENGNOUPAL,0.0,0.0,0.0,900000000
2017333N06082,OCKHI,2017,MANIPUR,THOUBAL,0.0,0.0,0.0,900000000
2017333N06082,OCKHI,2017,MANIPUR,UKHRUL,0.0,0.0,0.0,900000000
2017333N06082,OCKHI,2017,MEGHALAYA,EAST G>RO HILLS,0.0,0.0,0.0,900000000
2017333N06082,OCKHI,2017,MEGHALAYA,EAST JAINTIA HILLS,0.0,0.0,0.0,900000000
2017333N06082,OCKHI,2017,MEGHALAYA,EAST KH>SI HILLS,0.0,0.0,0.0,900000000
2017333N06082,OCKHI,2017,MEGHALAYA,NORTH G>RO HILLS,0.0,0.0,0.0,900000000
2017333N06082,OCKHI,2017,MEGHALAYA,RI-BHOI,0.0,0.0,0.0,900000000
2017333N06082,OCKHI,2017,MEGHALAYA,SOUTH G>RO HILLS,0.0,0.0,0.0,900000000
2017333N06082,OCKHI,2017,MEGHALAYA,SOUTH WEST G>RO HILLS,0.0,0.0,0.0,900000000
2017333N06082,OCKHI,2017,MEGHALAYA,WEST G>RO HILLS,0.0,0.0,0.0,900000000
2017333N06082,OCKHI,2017,MEGHALAYA,WEST JAINTIA HILLS,0.0,0.0,0.0,900000000
2017333N06082,OCKHI,2017,MEGHALAYA,SOUTH WEST KH>SI HILLS,0.0,0.0,0.0,900000000
2017333N06082,OCKHI,2017,MEGHALAYA,EASTERN WEST KHASI HILLS,0.0,0.0,0.0,900000000
2017333N06082,OCKHI,2017,MEGHALAYA,WEST KHASI HILLS,0.0,0.0,0.0,900000000
2017333N06082,OCKHI,2017,MIZORAM,CHAMPHAI,0.0,0.0,0.0,900000000
2017333N06082,OCKHI,2017,MIZORAM,HNAHTHIAL,0.0,0.0,0.0,900000000
2017333N06082,OCKHI,2017,MIZORAM,SERCHHIP,0.0,0.0,0.0,900000000
2017333N06082,OCKHI,2017,MIZORAM,LUNGLEI,0.0,0.0,0.0,900000000
2017333N06082,OCKHI,2017,MIZORAM,MAMIT,0.0,0.0,0.0,900000000
2017333N06082,OCKHI,2017,MIZORAM,KOLASIB,0.0,0.0,0.0,900000000
2017333N06082,OCKHI,2017,MIZORAM,AIZAWL,0.0,0.0,0.0,900000000
2017333N06082,OCKHI,2017,MIZORAM,SAIHA,0.0,0.0,0.0,900000000
2017333N06082,OCKHI,2017,MIZORAM,SAITUAL,0.0,0.0,0.0,900000000
2017333N06082,OCKHI,2017,MIZORAM,LAWNGTLAI,0.0,0.0,0.0,900000000
2017333N06082,OCKHI,2017,NAGALAND,LONGLENG,0.0,0.0,0.0,900000000
2017333N06082,OCKHI,2017,NAGALAND,TUENSANG,0.0,0.0,0.0,900000000
2017333N06082,OCKHI,2017,NAGALAND,SHAMATOR,0.0,0.0,0.0,900000000
2017333N06082,OCKHI,2017,NAGALAND,DIMAPUR,0.0,0.0,0.0,900000000
2017333N06082,OCKHI,2017,NAGALAND,CHUMOUKEDIMA,0.0,0.0,0.0,900000000
2017333N06082,OCKHI,2017,NAGALAND,NIULAND,0.0,0.0,0.0,900000000
2017333N06082,OCKHI,2017,NAGALAND,PEREN,0.0,0.0,0.0,900000000
2017333N06082,OCKHI,2017,NAGALAND,KOHIMA,0.0,0.0,0.0,900000000
2017333N06082,OCKHI,2017,NAGALAND,MON,0.0,0.0,0.0,900000000
2017333N06082,OCKHI,2017,NAGALAND,KIPHIRE,0.0,0.0,0.0,900000000
2017333N06082,OCKHI,2017,NAGALAND,PHEK,0.0,0.0,0.0,900000000
2017333N06082,OCKHI,2017,NAGALAND,MOKOKCHUNG,0.0,0.0,0.0,900000000
2017333N06082,OCKHI,2017,NAGALAND,ZUNHEBOTO,0.0,0.0,0.0,900000000
2017333N06082,OCKHI,2017,NAGALAND,WOKHA,0.0,0.0,0.0,900000000
2017333N06082,OCKHI,2017,NAGALAND,TSEMINYU,0.0,0.0,0.0,900000000
2017333N06082,OCKHI,2017,NAGALAND,NOKLAK,0.0,0.0,0.0,900000000
2017333N06082,OCKHI,2017,PUDUCHERRY,KARAIKAL,0.0,0.0,0.0,900000000
2017333N06082,OCKHI,2017,PUDUCHERRY,MAHE,0.0,0.0,0.0,900000000
2017333N06082,OCKHI,2017,PUDUCHERRY,PUDUCHERRY,0.0,0.0,0.0,900000000
2017333N06082,OCKHI,2017,PUNJAB,FIROZPUR,0.0,0.0,0.0,900000000
2017333N06082,OCKHI,2017,PUNJAB,LUDHIANA,0.0,0.0,0.0,900000000
2017333N06082,OCKHI,2017,PUNJAB,RUPNAGAR,0.0,0.0,0.0,900000000
2017333N06082,OCKHI,2017,PUNJAB,MANSA,0.0,0.0,0.0,900000000
2017333N06082,OCKHI,2017,PUNJAB,SRI MUKTSAR SAHIB,0.0,0.0,0.0,900000000
2017333N06082,OCKHI,2017,PUNJAB,SAS NAGAR (SAHIBZADA AJIT SINGH NAGAR),0.0,0.0,0.0,900000000
2017333N06082,OCKHI,2017,PUNJAB,JALANDHAR,0.0,0.0,0.0,900000000
2017333N06082,OCKHI,2017,PUNJAB,PATHANKOT,0.0,0.0,0.0,900000000
2017333N06082,OCKHI,2017,PUNJAB,FARIDKOT,0.0,0.0,0.0,900000000
2017333N06082,OCKHI,2017,PUNJAB,MOGA,0.0,0.0,0.0,900000000
2017333N06082,OCKHI,2017,PUNJAB,HOSHIARPUR,0.0,0.0,0.0,900000000
2017333N06082,OCKHI,2017,PUNJAB,BATHINDA,0.0,0.0,0.0,900000000
2017333N06082,OCKHI,2017,PUNJAB,TARN TARAN,0.0,0.0,0.0,900000000
2017333N06082,OCKHI,2017,PUNJAB,FAZILKA,0.0,0.0,0.0,900000000
2017333N06082,OCKHI,2017,PUNJAB,PATIALA,0.0,0.0,0.0,900000000
2017333N06082,OCKHI,2017,PUNJAB,SHAHID BHAGAT SINGH NAGAR,0.0,0.0,0.0,900000000
2017333N06082,OCKHI,2017,PUNJAB,BARNALA,0.0,0.0,0.0,900000000
2017333N06082,OCKHI,2017,PUNJAB,GURDASPUR,0.0,0.0,0.0,900000000
2017333N06082,OCKHI,2017,PUNJAB,KAPURTHALA,0.0,0.0,0.0,900000000
2017333N06082,OCKHI,2017,PUNJAB,FATEHGARH SAHIB,0.0,0.0,0.0,900000000
2017333N06082,OCKHI,2017,PUNJAB,AMRITSAR,0.0,0.0,0.0,900000000
2017333N06082,OCKHI,2017,PUNJAB,MALER KOTLA,0.0,0.0,0.0,900000000
2017333N06082,OCKHI,2017,PUNJAB,SANGRUR,0.0,0.0,0.0,900000000
2017333N06082,OCKHI,2017,RAJASTHAN,AJMER,0.0,0.0,0.0,900000000
2017333N06082,OCKHI,2017,RAJASTHAN,ALWAR,0.0,0.0,0.0,900000000
2017333N06082,OCKHI,2017,RAJASTHAN,ANOOPGARH,0.0,0.0,0.0,900000000
2017333N06082,OCKHI,2017,RAJASTHAN,BALOTRA,0.0,0.0,0.0,900000000
2017333N06082,OCKHI,2017,RAJASTHAN,BANSWARA,0.0,0.0,0.0,900000000
2017333N06082,OCKHI,2017,RAJASTHAN,BARAN,0.0,0.0,0.0,900000000
2017333N06082,OCKHI,2017,RAJASTHAN,BARMER,0.0,0.0,0.0,900000000
2017333N06082,OCKHI,2017,RAJASTHAN,BEAWAR,0.0,0.0,0.0,900000000
2017333N06082,OCKHI,2017,RAJASTHAN,BHARATPUR,0.0,0.0,0.0,900000000
2017333N06082,OCKHI,2017,RAJASTHAN,BHILWARA,0.0,0.0,0.0,900000000
2017333N06082,OCKHI,2017,RAJASTHAN,BIKANER,0.0,0.0,0.0,900000000
2017333N06082,OCKHI,2017,RAJASTHAN,BUNDI,0.0,0.0,0.0,900000000
2017333N06082,OCKHI,2017,RAJASTHAN,CHITTAURGARH,0.0,0.0,0.0,900000000
2017333N06082,OCKHI,2017,RAJASTHAN,CHURU,0.0,0.0,0.0,900000000
2017333N06082,OCKHI,2017,RAJASTHAN,DAUSA,0.0,0.0,0.0,900000000
2017333N06082,OCKHI,2017,RAJASTHAN,DEEG,0.0,0.0,0.0,900000000
2017333N06082,OCKHI,2017,RAJASTHAN,DHAULPUR,0.0,0.0,0.0,900000000
2017333N06082,OCKHI,2017,RAJASTHAN,DIDWANA-KUCHAMAN,0.0,0.0,0.0,900000000
2017333N06082,OCKHI,2017,RAJASTHAN,DUDU,0.0,0.0,0.0,900000000
2017333N06082,OCKHI,2017,RAJASTHAN,DUNGARPUR,0.0,0.0,0.0,900000000
2017333N06082,OCKHI,2017,RAJASTHAN,GANGANAGAR,0.0,0.0,0.0,900000000
2017333N06082,OCKHI,2017,RAJASTHAN,GANGAPURCITY,0.0,0.0,0.0,900000000
2017333N06082,OCKHI,2017,RAJASTHAN,HANUMANGARH,0.0,0.0,0.0,900000000
2017333N06082,OCKHI,2017,RAJASTHAN,JAIPUR,0.0,0.0,0.0,900000000
2017333N06082,OCKHI,2017,RAJASTHAN,JAIPUR(GRAMIN),0.0,0.0,0.0,900000000
2017333N06082,OCKHI,2017,RAJASTHAN,JAISALMER,0.0,0.0,0.0,900000000
2017333N06082,OCKHI,2017,RAJASTHAN,JALOR,0.0,0.0,0.0,900000000
2017333N06082,OCKHI,2017,RAJASTHAN,JHALAWAR,0.0,0.0,0.0,900000000
2017333N06082,OCKHI,2017,RAJASTHAN,JHUNJHUNUN,0.0,0.0,0.0,900000000
2017333N06082,OCKHI,2017,RAJASTHAN,JODHPUR,0.0,0.0,0.0,900000000
2017333N06082,OCKHI,2017,RAJASTHAN,JODHPUR GRAMIN,0.0,0.0,0.0,900000000
2017333N06082,OCKHI,2017,RAJASTHAN,KARAULI,0.0,0.0,0.0,900000000
2017333N06082,OCKHI,2017,RAJASTHAN,KEKRI,0.0,0.0,0.0,900000000
2017333N06082,OCKHI,2017,RAJASTHAN,KHAIRTHAL-TIJARA,0.0,0.0,0.0,900000000
2017333N06082,OCKHI,2017,RAJASTHAN,KOTA,0.0,0.0,0.0,900000000
2017333N06082,OCKHI,2017,RAJASTHAN,KOTPUTLI-BEHROR,0.0,0.0,0.0,900000000
2017333N06082,OCKHI,2017,RAJASTHAN,NAGAUR,0.0,0.0,0.0,900000000
2017333N06082,OCKHI,2017,RAJASTHAN,NEEM-KA-THANA,0.0,0.0,0.0,900000000
2017333N06082,OCKHI,2017,RAJASTHAN,PALI,0.0,0.0,0.0,900000000
2017333N06082,OCKHI,2017,RAJASTHAN,PHALODI,0.0,0.0,0.0,900000000
2017333N06082,OCKHI,2017,RAJASTHAN,PRATAPGARH,0.0,0.0,0.0,900000000
2017333N06082,OCKHI,2017,RAJASTHAN,RAJSAMAND,0.0,0.0,0.0,900000000
2017333N06082,OCKHI,2017,RAJASTHAN,SALUMBAR,0.0,0.0,0.0,900000000
2017333N06082,OCKHI,2017,RAJASTHAN,SANCHORE,0.0,0.0,0.0,900000000
2017333N06082,OCKHI,2017,RAJASTHAN,SAWAI MADHOPUR,0.0,0.0,0.0,900000000
2017333N06082,OCKHI,2017,RAJASTHAN,SHAHPURA,0.0,0.0,0.0,900000000
2017333N06082,OCKHI,2017,RAJASTHAN,SIKAR,0.0,0.0,0.0,900000000
2017333N06082,OCKHI,2017,RAJASTHAN,SIROHI,0.0,0.0,0.0,900000000
2017333N06082,OCKHI,2017,RAJASTHAN,TONK,0.0,0.0,0.0,900000000
2017333N06082,OCKHI,2017,RAJASTHAN,UDAIPUR,0.0,0.0,0.0,900000000
2017333N06082,OCKHI,2017,SIKKIM,GYALSHING,0.0,0.0,0.0,900000000
2017333N06082,OCKHI,2017,SIKKIM,PAKYONG,0.0,0.0,0.0,900000000
2017333N06082,OCKHI,2017,SIKKIM,NAMCHI,0.0,0.0,0.0,900000000
2017333N06082,OCKHI,2017,SIKKIM,MANGAN,0.0,0.0,0.0,900000000
2017333N06082,OCKHI,2017,SIKKIM,GANGTOK,0.0,0.0,0.0,900000000
2017333N06082,OCKHI,2017,SIKKIM,SORENG,0.0,0.0,0.0,900000000
2017333N06082,OCKHI,2017,TAMIL NADU,ARIYALUR,0.0,0.0,0.0,900000000
2017333N06082,OCKHI,2017,TAMIL NADU,CHENGALPATTU,0.0,0.0,0.0,900000000
2017333N06082,OCKHI,2017,TAMIL NADU,CHENNAI,0.0,0.0,0.0,900000000
2017333N06082,OCKHI,2017,TAMIL NADU,COIMBATORE,0.0,0.0,0.0,900000000
2017333N06082,OCKHI,2017,TAMIL NADU,CUDDALORE,0.0,0.0,0.0,900000000
2017333N06082,OCKHI,2017,TAMIL NADU,DHARMAPURI,0.0,0.0,0.0,900000000
2017333N06082,OCKHI,2017,TAMIL NADU,DINDIGUL,0.0,0.0,0.0,900000000
2017333N06082,OCKHI,2017,TAMIL NADU,ERODE,0.0,0.0,0.0,900000000
2017333N06082,OCKHI,2017,TAMIL NADU,KALLAKKURICHI,0.0,0.0,0.0,900000000
2017333N06082,OCKHI,2017,TAMIL NADU,KANCHIPURAM,0.0,0.0,0.0,900000000
2017333N06082,OCKHI,2017,TAMIL NADU,KANNIYAKUMARI,52064025.56168888,0.0,0.0,900000000
2017333N06082,OCKHI,2017,TAMIL NADU,KARUR,0.0,0.0,0.0,900000000
2017333N06082,OCKHI,2017,TAMIL NADU,KRISHNAGIRI,0.0,0.0,0.0,900000000
2017333N06082,OCKHI,2017,TAMIL NADU,MADURAI,0.0,0.0,0.0,900000000
2017333N06082,OCKHI,2017,TAMIL NADU,MAYILADUTHURAI,0.0,0.0,0.0,900000000
2017333N06082,OCKHI,2017,TAMIL NADU,NAGAPATTINAM,0.0,0.0,0.0,900000000
2017333N06082,OCKHI,2017,TAMIL NADU,NAMAKKAL,0.0,0.0,0.0,900000000
2017333N06082,OCKHI,2017,TAMIL NADU,PERAMBALUR,0.0,0.0,0.0,900000000
2017333N06082,OCKHI,2017,TAMIL NADU,PUDUKKOTTAI,0.0,0.0,0.0,900000000
2017333N06082,OCKHI,2017,TAMIL NADU,RAMANATHAPURAM,0.0,0.0,0.0,900000000
2017333N06082,OCKHI,2017,TAMIL NADU,RANIPET,0.0,0.0,0.0,900000000
2017333N06082,OCKHI,2017,TAMIL NADU,SALEM,0.0,0.0,0.0,900000000
2017333N06082,OCKHI,2017,TAMIL NADU,SIVAGANGA,0.0,0.0,0.0,900000000
2017333N06082,OCKHI,2017,TAMIL NADU,TENKASI,0.0,0.0,0.0,900000000
2017333N06082,OCKHI,2017,TAMIL NADU,THANJAVUR,0.0,0.0,0.0,900000000
2017333N06082,OCKHI,2017,TAMIL NADU,THE NILGIRIS,0.0,0.0,0.0,900000000
2017333N06082,OCKHI,2017,TAMIL NADU,THENI,0.0,0.0,0.0,900000000
2017333N06082,OCKHI,2017,TAMIL NADU,THIRUVALLUR,0.0,0.0,0.0,900000000
2017333N06082,OCKHI,2017,TAMIL NADU,THIRUVARUR,0.0,0.0,0.0,900000000
2017333N06082,OCKHI,2017,TAMIL NADU,THOOTHUKUDI,0.0,0.0,0.0,900000000
2017333N06082,OCKHI,2017,TAMIL NADU,TIRUCHIRAPPALLI,0.0,0.0,0.0,900000000
2017333N06082,OCKHI,2017,TAMIL NADU,TIRUNELVELI,2459929.263032755,0.0,0.0,900000000
2017333N06082,OCKHI,2017,TAMIL NADU,TIRUPATHUR,0.0,0.0,0.0,900000000
2017333N06082,OCKHI,2017,TAMIL NADU,TIRUPPUR,0.0,0.0,0.0,900000000
2017333N06082,OCKHI,2017,TAMIL NADU,TIRUVANNAMALAI,0.0,0.0,0.0,900000000
2017333N06082,OCKHI,2017,TAMIL NADU,VELLORE,0.0,0.0,0.0,900000000
2017333N06082,OCKHI,2017,TAMIL NADU,VILUPPURAM,0.0,0.0,0.0,900000000
2017333N06082,OCKHI,2017,TAMIL NADU,VIRUDHUNAGAR,0.0,0.0,0.0,900000000
2017333N06082,OCKHI,2017,TELANGANA,ADILABAD,0.0,0.0,0.0,900000000
2017333N06082,OCKHI,2017,TELANGANA,BHADRADRI KOTHAGUDEM,0.0,0.0,0.0,900000000
2017333N06082,OCKHI,2017,TELANGANA,HANUMAKONDA,0.0,0.0,0.0,900000000
2017333N06082,OCKHI,2017,TELANGANA,HYDERABAD,0.0,0.0,0.0,900000000
2017333N06082,OCKHI,2017,TELANGANA,JAGTIAL,0.0,0.0,0.0,900000000
2017333N06082,OCKHI,2017,TELANGANA,JANGOAN,0.0,0.0,0.0,900000000
2017333N06082,OCKHI,2017,TELANGANA,JAYASHANKAR BHUPALPALLI,0.0,0.0,0.0,900000000
2017333N06082,OCKHI,2017,TELANGANA,JOGULAMBA GADWAL,0.0,0.0,0.0,900000000
2017333N06082,OCKHI,2017,TELANGANA,KAMAREDDY,0.0,0.0,0.0,900000000
2017333N06082,OCKHI,2017,TELANGANA,KARIMNAGAR,0.0,0.0,0.0,900000000
2017333N06082,OCKHI,2017,TELANGANA,KHAMMAM,0.0,0.0,0.0,900000000
2017333N06082,OCKHI,2017,TELANGANA,KOMARRAM BHEEM,0.0,0.0,0.0,900000000
2017333N06082,OCKHI,2017,TELANGANA,MAHABUBABAD,0.0,0.0,0.0,900000000
2017333N06082,OCKHI,2017,TELANGANA,MAHABUBNAGAR,0.0,0.0,0.0,900000000
2017333N06082,OCKHI,2017,TELANGANA,MANCHERIAL,0.0,0.0,0.0,900000000
2017333N06082,OCKHI,2017,TELANGANA,MEDAK,0.0,0.0,0.0,900000000
2017333N06082,OCKHI,2017,TELANGANA,MEDCHAL_MALKAJGIRI,0.0,0.0,0.0,900000000
2017333N06082,OCKHI,2017,TELANGANA,MULUGU,0.0,0.0,0.0,900000000
2017333N06082,OCKHI,2017,TELANGANA,NAGARKURNOOL,0.0,0.0,0.0,900000000
2017333N06082,OCKHI,2017,TELANGANA,NALGONDA,0.0,0.0,0.0,900000000
2017333N06082,OCKHI,2017,TELANGANA,NARAYANPET,0.0,0.0,0.0,900000000
2017333N06082,OCKHI,2017,TELANGANA,NIRMAL,0.0,0.0,0.0,900000000
2017333N06082,OCKHI,2017,TELANGANA,NIZAMABAD,0.0,0.0,0.0,900000000
2017333N06082,OCKHI,2017,TELANGANA,PEDDAPALLI,0.0,0.0,0.0,900000000
2017333N06082,OCKHI,2017,TELANGANA,RAJANNA SIRCILLA,0.0,0.0,0.0,900000000
2017333N06082,OCKHI,2017,TELANGANA,RANGA REDDY,0.0,0.0,0.0,900000000
2017333N06082,OCKHI,2017,TELANGANA,SANGAREDDY,0.0,0.0,0.0,900000000
2017333N06082,OCKHI,2017,TELANGANA,SIDDIPET,0.0,0.0,0.0,900000000
2017333N06082,OCKHI,2017,TELANGANA,SURIYAPET,0.0,0.0,0.0,900000000
2017333N06082,OCKHI,2017,TELANGANA,VIKARABAD,0.0,0.0,0.0,900000000
2017333N06082,OCKHI,2017,TELANGANA,WANPARTI,0.0,0.0,0.0,900000000
2017333N06082,OCKHI,2017,TELANGANA,WARANGAL,0.0,0.0,0.0,900000000
2017333N06082,OCKHI,2017,TELANGANA,YADADRI BHUVANAGIRI,0.0,0.0,0.0,900000000
2017333N06082,OCKHI,2017,TRIPURA,SOUTH TRIPURA,0.0,0.0,0.0,900000000
2017333N06082,OCKHI,2017,TRIPURA,WEST TRIPURA,0.0,0.0,0.0,900000000
2017333N06082,OCKHI,2017,TRIPURA,DHALAI,0.0,0.0,0.0,900000000
2017333N06082,OCKHI,2017,TRIPURA,KHOWAI,0.0,0.0,0.0,900000000
2017333N06082,OCKHI,2017,TRIPURA,UNAKOTI,0.0,0.0,0.0,900000000
2017333N06082,OCKHI,2017,TRIPURA,NORTH TRIPURA,0.0,0.0,0.0,900000000
2017333N06082,OCKHI,2017,TRIPURA,SEPAHIJALA,0.0,0.0,0.0,900000000
2017333N06082,OCKHI,2017,TRIPURA,GOMTI,0.0,0.0,0.0,900000000
2017333N06082,OCKHI,2017,UTTARAKHAND,B>GESHWAR,0.0,0.0,0.0,900000000
2017333N06082,OCKHI,2017,UTTARAKHAND,CHAMP>WAT,0.0,0.0,0.0,900000000
2017333N06082,OCKHI,2017,UTTARAKHAND,HARIDW>R,0.0,0.0,0.0,900000000
2017333N06082,OCKHI,2017,UTTARAKHAND,NAINIT>L,0.0,0.0,0.0,900000000
2017333N06082,OCKHI,2017,UTTARAKHAND,PAURI GARHW>L,0.0,0.0,0.0,900000000
2017333N06082,OCKHI,2017,UTTARAKHAND,RUDRAPRAY>G,0.0,0.0,0.0,900000000
2017333N06082,OCKHI,2017,UTTARAKHAND,TEHRI GARHW>L,0.0,0.0,0.0,900000000
2017333N06082,OCKHI,2017,UTTARAKHAND,UDHAM SINGH NAGAR,0.0,0.0,0.0,900000000
2017333N06082,OCKHI,2017,UTTARAKHAND,CHAMOLI,0.0,0.0,0.0,900000000
2017333N06082,OCKHI,2017,UTTARAKHAND,PITHOR>GARH,0.0,0.0,0.0,900000000
2017333N06082,OCKHI,2017,UTTARAKHAND,UTTARK>SHI,0.0,0.0,0.0,900000000
2017333N06082,OCKHI,2017,WEST BENGAL,MURSHID>B>D,0.0,0.0,0.0,900000000
2017333N06082,OCKHI,2017,WEST BENGAL,SOUTH 24PARGANAS,0.0,0.0,0.0,900000000
2017333N06082,OCKHI,2017,WEST BENGAL,PURULIYA,0.0,0.0,0.0,900000000
2017333N06082,OCKHI,2017,WEST BENGAL,PASCHIM MEDIN|PUR,0.0,0.0,0.0,900000000
2017333N06082,OCKHI,2017,WEST BENGAL,PASCHIM BARDDHAM>N,0.0,0.0,0.0,900000000
2017333N06082,OCKHI,2017,WEST BENGAL,NORTH TWENTY-FOUR PARGANAS,0.0,0.0,0.0,900000000
2017333N06082,OCKHI,2017,WEST BENGAL,KOCH BIH>R,0.0,0.0,0.0,900000000
2017333N06082,OCKHI,2017,WEST BENGAL,JHARGRAM,0.0,0.0,0.0,900000000
2017333N06082,OCKHI,2017,WEST BENGAL,JALP>IGURI,0.0,0.0,0.0,900000000
2017333N06082,OCKHI,2017,WEST BENGAL,HUGLI,0.0,0.0,0.0,900000000
2017333N06082,OCKHI,2017,WEST BENGAL,B>NKURA,0.0,0.0,0.0,900000000
2017333N06082,OCKHI,2017,WEST BENGAL,>L|PUR DU>R,0.0,0.0,0.0,900000000
2017333N06082,OCKHI,2017,WEST BENGAL,UTTAR DIN>JPUR,0.0,0.0,0.0,900000000
2017333N06082,OCKHI,2017,WEST BENGAL,PURBA MEDIN|PUR,0.0,0.0,0.0,900000000
2017333N06082,OCKHI,2017,WEST BENGAL,PURBA BARDDHAM>N,0.0,0.0,0.0,900000000
2017333N06082,OCKHI,2017,WEST BENGAL,NADIA,0.0,0.0,0.0,900000000
2017333N06082,OCKHI,2017,WEST BENGAL,M>LDAH,0.0,0.0,0.0,900000000
2017333N06082,OCKHI,2017,WEST BENGAL,K>LIMPONG,0.0,0.0,0.0,900000000
2017333N06082,OCKHI,2017,WEST BENGAL,H>ORA,0.0,0.0,0.0,900000000
2017333N06082,OCKHI,2017,WEST BENGAL,D>RJILING,0.0,0.0,0.0,900000000
2017333N06082,OCKHI,2017,WEST BENGAL,DAKSHIN DIN>JPUR,0.0,0.0,0.0,900000000
2017333N06082,OCKHI,2017,WEST BENGAL,B|RBH@M,0.0,0.0,0.0,900000000
2017333N06082,OCKHI,2017,WEST BENGAL,P@RBA MEDIN|PUR,0.0,0.0,0.0,900000000
2017333N06082,OCKHI,2017,KARNATAKA,UDUPI,0.0,0.0,0.0,900000000
2017333N06082,OCKHI,2017,ODISHA,KENDRAPARA,0.0,0.0,0.0,900000000
2017333N06082,OCKHI,2017,ODISHA,BHADRAK,0.0,0.0,0.0,900000000
2017333N06082,OCKHI,2017,ODISHA,BARGARH,0.0,0.0,0.0,900000000
2017333N06082,OCKHI,2017,ODISHA,KEONJHAR (KENDUJHAR),0.0,0.0,0.0,900000000
2017333N06082,OCKHI,2017,ODISHA,ANUGUL,0.0,0.0,0.0,900000000
2017333N06082,OCKHI,2017,ODISHA,BALANGIR,0.0,0.0,0.0,900000000
2017333N06082,OCKHI,2017,ODISHA,BALASORE,0.0,0.0,0.0,900000000
2017333N06082,OCKHI,2017,ODISHA,DHENKANAL,0.0,0.0,0.0,900000000
2017333N06082,OCKHI,2017,ODISHA,JHARSUGUDA,0.0,0.0,0.0,900000000
2017333N06082,OCKHI,2017,ODISHA,MAYURBHANJ,0.0,0.0,0.0,900000000
2017333N06082,OCKHI,2017,ODISHA,JAGATSINGHPUR,0.0,0.0,0.0,900000000
2017333N06082,OCKHI,2017,ODISHA,KANDHAMAL,0.0,0.0,0.0,900000000
2017333N06082,OCKHI,2017,ODISHA,CUTTACK,0.0,0.0,0.0,900000000
2017333N06082,OCKHI,2017,ODISHA,KORAPUT,0.0,0.0,0.0,900000000
2017333N06082,OCKHI,2017,ODISHA,NABARANGAPUR,0.0,0.0,0.0,900000000
2017333N06082,OCKHI,2017,ODISHA,PURI,0.0,0.0,0.0,900000000
2017333N06082,OCKHI,2017,ODISHA,SAMBALPUR,0.0,0.0,0.0,900000000
2017333N06082,OCKHI,2017,ODISHA,GAJAPATI,0.0,0.0,0.0,900000000
2017333N06082,OCKHI,2017,ODISHA,GANJAM,0.0,0.0,0.0,900000000
2017333N06082,OCKHI,2017,ODISHA,MALKANGIRI,0.0,0.0,0.0,900000000
2017333N06082,OCKHI,2017,ODISHA,KHORDHA,0.0,0.0,0.0,900000000
2017333N06082,OCKHI,2017,ODISHA,BOUDH,0.0,0.0,0.0,900000000
2017333N06082,OCKHI,2017,ODISHA,DEOGARH,0.0,0.0,0.0,900000000
2017333N06082,OCKHI,2017,ODISHA,NUAPARHA,0.0,0.0,0.0,900000000
2017333N06082,OCKHI,2017,ODISHA,JAJAPUR,0.0,0.0,0.0,900000000
2017333N06082,OCKHI,2017,ODISHA,SUNDARGARH,0.0,0.0,0.0,900000000
2017333N06082,OCKHI,2017,ODISHA,KALAHANDI,0.0,0.0,0.0,900000000
2017333N06082,OCKHI,2017,ODISHA,SUBARNAPUR,0.0,0.0,0.0,900000000
2017333N06082,OCKHI,2017,ODISHA,RAYAGARHA,0.0,0.0,0.0,900000000
2017333N06082,OCKHI,2017,ODISHA,NAYAGARH,0.0,0.0,0.0,900000000
2017333N06082,OCKHI,2017,CHANDIGARH,CHANDIGARH,0.0,0.0,0.0,900000000
2017333N06082,OCKHI,2017,UTTARAKHAND,ALMORA,0.0,0.0,0.0,900000000
2017333N06082,OCKHI,2017,UTTARAKHAND,DEHRAD@N,0.0,0.0,0.0,900000000
2017333N06082,OCKHI,2017,KARNATAKA,TUMAK#RU,0.0,0.0,0.0,900000000
2017333N06082,OCKHI,2017,KARNATAKA,B\DAR,0.0,0.0,0.0,900000000
2017333N06082,OCKHI,2017,MADHYA PRADESH,SIDHI,0.0,0.0,0.0,900000000
2017333N06082,OCKHI,2017,KARNATAKA,KODAGU,0.0,0.0,0.0,900000000
2017333N06082,OCKHI,2017,MADHYA PRADESH,DATIA,0.0,0.0,0.0,900000000
2017333N06082,OCKHI,2017,UTTAR PRADESH,AGRA,0.0,0.0,0.0,900000000
2017333N06082,OCKHI,2017,UTTAR PRADESH,ALIGARH,0.0,0.0,0.0,900000000
2017333N06082,OCKHI,2017,UTTAR PRADESH,AMBEDKAR NAGAR,0.0,0.0,0.0,900000000
2017333N06082,OCKHI,2017,UTTAR PRADESH,AMETHI,0.0,0.0,0.0,900000000
2017333N06082,OCKHI,2017,UTTAR PRADESH,AMROHA,0.0,0.0,0.0,900000000
2017333N06082,OCKHI,2017,UTTAR PRADESH,AURAIYA,0.0,0.0,0.0,900000000
2017333N06082,OCKHI,2017,UTTAR PRADESH,AYODHYA,0.0,0.0,0.0,900000000
2017333N06082,OCKHI,2017,UTTAR PRADESH,AZAMGARH,0.0,0.0,0.0,900000000
2017333N06082,OCKHI,2017,UTTAR PRADESH,BAGHPAT,0.0,0.0,0.0,900000000
2017333N06082,OCKHI,2017,UTTAR PRADESH,BAHRAICH,0.0,0.0,0.0,900000000
2017333N06082,OCKHI,2017,UTTAR PRADESH,BALLIA,0.0,0.0,0.0,900000000
2017333N06082,OCKHI,2017,UTTAR PRADESH,BARA BANKI,0.0,0.0,0.0,900000000
2017333N06082,OCKHI,2017,UTTAR PRADESH,BAREILLY,0.0,0.0,0.0,900000000
2017333N06082,OCKHI,2017,UTTAR PRADESH,BASTI,0.0,0.0,0.0,900000000
2017333N06082,OCKHI,2017,UTTAR PRADESH,BHADOHI,0.0,0.0,0.0,900000000
2017333N06082,OCKHI,2017,UTTAR PRADESH,BIJNOR,0.0,0.0,0.0,900000000
2017333N06082,OCKHI,2017,UTTAR PRADESH,BUDAUN,0.0,0.0,0.0,900000000
2017333N06082,OCKHI,2017,UTTAR PRADESH,BULANDSHAHR,0.0,0.0,0.0,900000000
2017333N06082,OCKHI,2017,UTTAR PRADESH,CHANDAULI,0.0,0.0,0.0,900000000
2017333N06082,OCKHI,2017,UTTAR PRADESH,CHITRAKOOT,0.0,0.0,0.0,900000000
2017333N06082,OCKHI,2017,UTTAR PRADESH,DEORIA,0.0,0.0,0.0,900000000
2017333N06082,OCKHI,2017,UTTAR PRADESH,ETAH,0.0,0.0,0.0,900000000
2017333N06082,OCKHI,2017,UTTAR PRADESH,ETAWAH,0.0,0.0,0.0,900000000
2017333N06082,OCKHI,2017,UTTAR PRADESH,FARRUKHABAD,0.0,0.0,0.0,900000000
2017333N06082,OCKHI,2017,UTTAR PRADESH,FATEHPUR,0.0,0.0,0.0,900000000
2017333N06082,OCKHI,2017,UTTAR PRADESH,FIROZABAD,0.0,0.0,0.0,900000000
2017333N06082,OCKHI,2017,UTTAR PRADESH,GAUTAM BUDDHA NAGAR,0.0,0.0,0.0,900000000
2017333N06082,OCKHI,2017,UTTAR PRADESH,GHAZIABAD,0.0,0.0,0.0,900000000
2017333N06082,OCKHI,2017,UTTAR PRADESH,GHAZIPUR,0.0,0.0,0.0,900000000
2017333N06082,OCKHI,2017,UTTAR PRADESH,GONDA,0.0,0.0,0.0,900000000
2017333N06082,OCKHI,2017,UTTAR PRADESH,GORAKHPUR,0.0,0.0,0.0,900000000
2017333N06082,OCKHI,2017,UTTAR PRADESH,HAMIRPUR,0.0,0.0,0.0,900000000
2017333N06082,OCKHI,2017,UTTAR PRADESH,HAPUR,0.0,0.0,0.0,900000000
2017333N06082,OCKHI,2017,UTTAR PRADESH,HARDOI,0.0,0.0,0.0,900000000
2017333N06082,OCKHI,2017,UTTAR PRADESH,HATHRAS,0.0,0.0,0.0,900000000
2017333N06082,OCKHI,2017,UTTAR PRADESH,JALAUN,0.0,0.0,0.0,900000000
2017333N06082,OCKHI,2017,UTTAR PRADESH,JAUNPUR,0.0,0.0,0.0,900000000
2017333N06082,OCKHI,2017,UTTAR PRADESH,JHANSI,0.0,0.0,0.0,900000000
2017333N06082,OCKHI,2017,UTTAR PRADESH,KANNAUJ,0.0,0.0,0.0,900000000
2017333N06082,OCKHI,2017,UTTAR PRADESH,KANPUR DEHAT,0.0,0.0,0.0,900000000
2017333N06082,OCKHI,2017,UTTAR PRADESH,KANPUR NAGAR,0.0,0.0,0.0,900000000
2017333N06082,OCKHI,2017,UTTAR PRADESH,KASGANJ,0.0,0.0,0.0,900000000
2017333N06082,OCKHI,2017,UTTAR PRADESH,KAUSHAMBI,0.0,0.0,0.0,900000000
2017333N06082,OCKHI,2017,UTTAR PRADESH,KHERI,0.0,0.0,0.0,900000000
2017333N06082,OCKHI,2017,UTTAR PRADESH,KUSHINAGAR,0.0,0.0,0.0,900000000
2017333N06082,OCKHI,2017,UTTAR PRADESH,LALITPUR,0.0,0.0,0.0,900000000
2017333N06082,OCKHI,2017,UTTAR PRADESH,LUCKNOW,0.0,0.0,0.0,900000000
2017333N06082,OCKHI,2017,UTTAR PRADESH,MAHOBA,0.0,0.0,0.0,900000000
2017333N06082,OCKHI,2017,UTTAR PRADESH,MAHRAJGANJ,0.0,0.0,0.0,900000000
2017333N06082,OCKHI,2017,UTTAR PRADESH,MAINPURI,0.0,0.0,0.0,900000000
2017333N06082,OCKHI,2017,UTTAR PRADESH,MATHURA,0.0,0.0,0.0,900000000
2017333N06082,OCKHI,2017,UTTAR PRADESH,MAU,0.0,0.0,0.0,900000000
2017333N06082,OCKHI,2017,UTTAR PRADESH,MEERUT,0.0,0.0,0.0,900000000
2017333N06082,OCKHI,2017,UTTAR PRADESH,MIRZAPUR,0.0,0.0,0.0,900000000
2017333N06082,OCKHI,2017,UTTAR PRADESH,MORADABAD,0.0,0.0,0.0,900000000
2017333N06082,OCKHI,2017,UTTAR PRADESH,MUZAFFARNAGAR,0.0,0.0,0.0,900000000
2017333N06082,OCKHI,2017,UTTAR PRADESH,PILIBHIT,0.0,0.0,0.0,900000000
2017333N06082,OCKHI,2017,UTTAR PRADESH,PRAYAGRAJ,0.0,0.0,0.0,900000000
2017333N06082,OCKHI,2017,UTTAR PRADESH,RAE BARELI,0.0,0.0,0.0,900000000
2017333N06082,OCKHI,2017,UTTAR PRADESH,RAMPUR,0.0,0.0,0.0,900000000
2017333N06082,OCKHI,2017,UTTAR PRADESH,SAHARANPUR,0.0,0.0,0.0,900000000
2017333N06082,OCKHI,2017,UTTAR PRADESH,SAMBHAL,0.0,0.0,0.0,900000000
2017333N06082,OCKHI,2017,UTTAR PRADESH,SANT KABIR NAGAR,0.0,0.0,0.0,900000000
2017333N06082,OCKHI,2017,UTTAR PRADESH,SHAHJAHANPUR,0.0,0.0,0.0,900000000
2017333N06082,OCKHI,2017,UTTAR PRADESH,SHAMLI,0.0,0.0,0.0,900000000
2017333N06082,OCKHI,2017,UTTAR PRADESH,SHRAWASTI,0.0,0.0,0.0,900000000
2017333N06082,OCKHI,2017,UTTAR PRADESH,SIDDHARTHNAGAR,0.0,0.0,0.0,900000000
2017333N06082,OCKHI,2017,UTTAR PRADESH,SITAPUR,0.0,0.0,0.0,900000000
2017333N06082,OCKHI,2017,UTTAR PRADESH,SONBHADRA,0.0,0.0,0.0,900000000
2017333N06082,OCKHI,2017,UTTAR PRADESH,SULTANPUR,0.0,0.0,0.0,900000000
2017333N06082,OCKHI,2017,UTTAR PRADESH,UNNAO,0.0,0.0,0.0,900000000
2017333N06082,OCKHI,2017,UTTAR PRADESH,VARANASI,0.0,0.0,0.0,900000000
2017333N06082,OCKHI,2017,UTTAR PRADESH,BANDA,0.0,0.0,0.0,900000000
2017333N06082,OCKHI,2017,WEST BENGAL,KOLK>TA,0.0,0.0,0.0,900000000
2017333N06082,OCKHI,2017,MIZORAM,KHAWZAWL,0.0,0.0,0.0,900000000
2017333N06082,OCKHI,2017,ARUNACHAL PRADESH,LOHIT,0.0,0.0,0.0,900000000
2017333N06082,OCKHI,2017,LAKSHADWEEP,LAKSHADWEEP,0.0,0.0,0.0,900000000
2009143N17089,AILA,2009,ANDHRA PRADESH,ALLURI SITHARAMA RAJU,0.0,0.0,0.0,1200000000
2009143N17089,AILA,2009,ANDHRA PRADESH,ANAKAPALLI,0.0,0.0,0.0,1200000000
2009143N17089,AILA,2009,ANDHRA PRADESH,ANANTHAPURAMU,0.0,0.0,0.0,1200000000
2009143N17089,AILA,2009,ANDHRA PRADESH,ANNAMAYYA,0.0,0.0,0.0,1200000000
2009143N17089,AILA,2009,ANDHRA PRADESH,BAPATLA,0.0,0.0,0.0,1200000000
2009143N17089,AILA,2009,ANDHRA PRADESH,CHITTOOR,0.0,0.0,0.0,1200000000
2009143N17089,AILA,2009,ANDHRA PRADESH,DR.B.R.AMBEDKAR KONASEEMA,0.0,0.0,0.0,1200000000
2009143N17089,AILA,2009,ANDHRA PRADESH,EAST GODAVARI,0.0,0.0,0.0,1200000000
2009143N17089,AILA,2009,ANDHRA PRADESH,ELURU,0.0,0.0,0.0,1200000000
2009143N17089,AILA,2009,ANDHRA PRADESH,GUNTUR,0.0,0.0,0.0,1200000000
2009143N17089,AILA,2009,ANDHRA PRADESH,KAKINADA,0.0,0.0,0.0,1200000000
2009143N17089,AILA,2009,ANDHRA PRADESH,KRISHNA,0.0,0.0,0.0,1200000000
2009143N17089,AILA,2009,ANDHRA PRADESH,KURNOOL,0.0,0.0,0.0,1200000000
2009143N17089,AILA,2009,ANDHRA PRADESH,NANDYAL,0.0,0.0,0.0,1200000000
2009143N17089,AILA,2009,ANDHRA PRADESH,NTR,0.0,0.0,0.0,1200000000
2009143N17089,AILA,2009,ANDHRA PRADESH,PALNADU,0.0,0.0,0.0,1200000000
2009143N17089,AILA,2009,ANDHRA PRADESH,PARVATHIPURAM MANYAM,0.0,0.0,0.0,1200000000
2009143N17089,AILA,2009,ANDHRA PRADESH,PRAKASAM,0.0,0.0,0.0,1200000000
2009143N17089,AILA,2009,ANDHRA PRADESH,SRI POTTI SRIRAMULU NELLORE,0.0,0.0,0.0,1200000000
2009143N17089,AILA,2009,ANDHRA PRADESH,SRI SATHYA SAI,0.0,0.0,0.0,1200000000
2009143N17089,AILA,2009,ANDHRA PRADESH,SRIKAKULAM,0.0,0.0,0.0,1200000000
2009143N17089,AILA,2009,ANDHRA PRADESH,TIRUPATI,0.0,0.0,0.0,1200000000
2009143N17089,AILA,2009,ANDHRA PRADESH,VISAKHAPATNAM,0.0,0.0,0.0,1200000000
2009143N17089,AILA,2009,ANDHRA PRADESH,VIZIANAGARAM,0.0,0.0,0.0,1200000000
2009143N17089,AILA,2009,ANDHRA PRADESH,WEST GODAVARI,0.0,0.0,0.0,1200000000
2009143N17089,AILA,2009,PUDUCHERRY,YANAM,0.0,0.0,0.0,1200000000
2009143N17089,AILA,2009,ANDHRA PRADESH,YSR KADAPA,0.0,0.0,0.0,1200000000
2009143N17089,AILA,2009,ANDAMAN AND NICOBAR ISLANDS,NICOBARS,0.0,0.0,0.0,1200000000
2009143N17089,AILA,2009,ANDAMAN AND NICOBAR ISLANDS,NORTH AND MIDDLE ANDAMAN,0.0,0.0,0.0,1200000000
2009143N17089,AILA,2009,ANDAMAN AND NICOBAR ISLANDS,SOUTH ANDAMANS,0.0,0.0,0.0,1200000000
2009143N17089,AILA,2009,ARUNACHAL PRADESH,>NJ>W,0.0,0.0,0.0,1200000000
2009143N17089,AILA,2009,ARUNACHAL PRADESH,CH>NGL>NG,0.0,0.0,0.0,1200000000
2009143N17089,AILA,2009,ARUNACHAL PRADESH,DIB>NG VALLEY,0.0,0.0,0.0,1200000000
2009143N17089,AILA,2009,ARUNACHAL PRADESH,EAST KAMENG,0.0,0.0,0.0,1200000000
2009143N17089,AILA,2009,ARUNACHAL PRADESH,EAST SIANG,0.0,0.0,0.0,1200000000
2009143N17089,AILA,2009,ARUNACHAL PRADESH,KURUNG KUMEY,0.0,0.0,0.0,1200000000
2009143N17089,AILA,2009,ARUNACHAL PRADESH,LOWER DIB>NG VALLEY,0.0,0.0,0.0,1200000000
2009143N17089,AILA,2009,ARUNACHAL PRADESH,PAPUMPARE,0.0,0.0,0.0,1200000000
2009143N17089,AILA,2009,ARUNACHAL PRADESH,TAWANG,0.0,0.0,0.0,1200000000
2009143N17089,AILA,2009,ARUNACHAL PRADESH,TIR>P,0.0,0.0,0.0,1200000000
2009143N17089,AILA,2009,ARUNACHAL PRADESH,UPPER SIANG,0.0,0.0,0.0,1200000000
2009143N17089,AILA,2009,ARUNACHAL PRADESH,UPPER SUBANSIRI,0.0,0.0,0.0,1200000000
2009143N17089,AILA,2009,ARUNACHAL PRADESH,WEST KAMENG,0.0,0.0,0.0,1200000000
2009143N17089,AILA,2009,ARUNACHAL PRADESH,SHI YOMI,0.0,0.0,0.0,1200000000
2009143N17089,AILA,2009,ARUNACHAL PRADESH,NAMSAI,0.0,0.0,0.0,1200000000
2009143N17089,AILA,2009,ARUNACHAL PRADESH,WEST SIANG,0.0,0.0,0.0,1200000000
2009143N17089,AILA,2009,ARUNACHAL PRADESH,SIANG,0.0,0.0,0.0,1200000000
2009143N17089,AILA,2009,ARUNACHAL PRADESH,LONGDING,0.0,0.0,0.0,1200000000
2009143N17089,AILA,2009,ARUNACHAL PRADESH,PAKKE KESSANG,0.0,0.0,0.0,1200000000
2009143N17089,AILA,2009,ARUNACHAL PRADESH,LOWER SIANG,0.0,0.0,0.0,1200000000
2009143N17089,AILA,2009,ARUNACHAL PRADESH,LEPA RADA,0.0,0.0,0.0,1200000000
2009143N17089,AILA,2009,ARUNACHAL PRADESH,BICHOM,0.0,0.0,0.0,1200000000
2009143N17089,AILA,2009,ARUNACHAL PRADESH,KRA DAADI,0.0,0.0,0.0,1200000000
2009143N17089,AILA,2009,ARUNACHAL PRADESH,KAMLE,0.0,0.0,0.0,1200000000
2009143N17089,AILA,2009,ARUNACHAL PRADESH,KEYI PANYOR,0.0,0.0,0.0,1200000000
2009143N17089,AILA,2009,ARUNACHAL PRADESH,LOWER SUBANSIRI,0.0,0.0,0.0,1200000000
2009143N17089,AILA,2009,ASSAM,KOKRAJHAR,0.0,0.0,0.0,1200000000
2009143N17089,AILA,2009,ASSAM,CHIRANG,0.0,0.0,0.0,1200000000
2009143N17089,AILA,2009,ASSAM,UDALGURI,0.0,0.0,0.0,1200000000
2009143N17089,AILA,2009,ASSAM,BAKSA,0.0,0.0,0.0,1200000000
2009143N17089,AILA,2009,ASSAM,DHUBRI,0.0,0.0,0.0,1200000000
2009143N17089,AILA,2009,ASSAM,DARANG,0.0,0.0,0.0,1200000000
2009143N17089,AILA,2009,ASSAM,KARBI ANGLONG,0.0,0.0,0.0,1200000000
2009143N17089,AILA,2009,ASSAM,DIMA HASAO,0.0,0.0,0.0,1200000000
2009143N17089,AILA,2009,ASSAM,CACHAR,0.0,0.0,0.0,1200000000
2009143N17089,AILA,2009,ASSAM,KARIMGANJ,0.0,0.0,0.0,1200000000
2009143N17089,AILA,2009,ASSAM,HAILAKANDI,0.0,0.0,0.0,1200000000
2009143N17089,AILA,2009,ASSAM,WEST KARBI ANGLONG,0.0,0.0,0.0,1200000000
2009143N17089,AILA,2009,ASSAM,JORHAT,0.0,0.0,0.0,1200000000
2009143N17089,AILA,2009,ASSAM,GOLAGHAT,0.0,0.0,0.0,1200000000
2009143N17089,AILA,2009,ASSAM,SONITPUR,0.0,0.0,0.0,1200000000
2009143N17089,AILA,2009,ASSAM,DHEMAJI,0.0,0.0,0.0,1200000000
2009143N17089,AILA,2009,ASSAM,CHARAIDEO,0.0,0.0,0.0,1200000000
2009143N17089,AILA,2009,ASSAM,TINSUKIA,0.0,0.0,0.0,1200000000
2009143N17089,AILA,2009,ASSAM,LAKHIMPUR,0.0,0.0,0.0,1200000000
2009143N17089,AILA,2009,ASSAM,MAJULI,0.0,0.0,0.0,1200000000
2009143N17089,AILA,2009,ASSAM,SIBSAGAR,0.0,0.0,0.0,1200000000
2009143N17089,AILA,2009,ASSAM,NAGAON,0.0,0.0,0.0,1200000000
2009143N17089,AILA,2009,ASSAM,MARIGAON,0.0,0.0,0.0,1200000000
2009143N17089,AILA,2009,ASSAM,KAMRUP METRO,0.0,0.0,0.0,1200000000
2009143N17089,AILA,2009,ASSAM,NALBARI,0.0,0.0,0.0,1200000000
2009143N17089,AILA,2009,ASSAM,GOALPARA,0.0,0.0,0.0,1200000000
2009143N17089,AILA,2009,ASSAM,BONGAIGAON,0.0,0.0,0.0,1200000000
2009143N17089,AILA,2009,ASSAM,KAMRUP RURAL,0.0,0.0,0.0,1200000000
2009143N17089,AILA,2009,ASSAM,DIBRUGARH,0.0,0.0,0.0,1200000000
2009143N17089,AILA,2009,ASSAM,HOJAI,0.0,0.0,0.0,1200000000
2009143N17089,AILA,2009,ASSAM,TAMULPUR,0.0,0.0,0.0,1200000000
2009143N17089,AILA,2009,ASSAM,BISWANATH,0.0,0.0,0.0,1200000000
2009143N17089,AILA,2009,ASSAM,BARPETA,0.0,0.0,0.0,1200000000
2009143N17089,AILA,2009,ASSAM,BAJALI,0.0,0.0,0.0,1200000000
2009143N17089,AILA,2009,ASSAM,SOUTH SALMARA MANCACHAR,0.0,0.0,0.0,1200000000
2009143N17089,AILA,2009,BIHAR,ARARIA,0.0,0.0,0.0,1200000000
2009143N17089,AILA,2009,BIHAR,ARWAL,0.0,0.0,0.0,1200000000
2009143N17089,AILA,2009,BIHAR,AURANGABAD,0.0,0.0,0.0,1200000000
2009143N17089,AILA,2009,BIHAR,BANKA,0.0,0.0,0.0,1200000000
2009143N17089,AILA,2009,BIHAR,BEGUSARAI,0.0,0.0,0.0,1200000000
2009143N17089,AILA,2009,BIHAR,BHAGALPUR,0.0,0.0,0.0,1200000000
2009143N17089,AILA,2009,BIHAR,BHOJPUR,0.0,0.0,0.0,1200000000
2009143N17089,AILA,2009,BIHAR,BUXAR,0.0,0.0,0.0,1200000000
2009143N17089,AILA,2009,BIHAR,DARBHANGA,0.0,0.0,0.0,1200000000
2009143N17089,AILA,2009,BIHAR,GAYA,0.0,0.0,0.0,1200000000
2009143N17089,AILA,2009,BIHAR,GOPALGANJ,0.0,0.0,0.0,1200000000
2009143N17089,AILA,2009,BIHAR,JAHANABAD,0.0,0.0,0.0,1200000000
2009143N17089,AILA,2009,BIHAR,JAMUI,0.0,0.0,0.0,1200000000
2009143N17089,AILA,2009,BIHAR,KAIMUR,0.0,0.0,0.0,1200000000
2009143N17089,AILA,2009,BIHAR,KATIHAR,0.0,0.0,0.0,1200000000
2009143N17089,AILA,2009,BIHAR,KHAGARIA,0.0,0.0,0.0,1200000000
2009143N17089,AILA,2009,BIHAR,KISHANGANJ,0.0,0.0,0.0,1200000000
2009143N17089,AILA,2009,BIHAR,LAKHISARAI,0.0,0.0,0.0,1200000000
2009143N17089,AILA,2009,BIHAR,MADHEPURA,0.0,0.0,0.0,1200000000
2009143N17089,AILA,2009,BIHAR,MADHUBANI,0.0,0.0,0.0,1200000000
2009143N17089,AILA,2009,BIHAR,MUNGER,0.0,0.0,0.0,1200000000
2009143N17089,AILA,2009,BIHAR,MUZAFFARPUR,0.0,0.0,0.0,1200000000
2009143N17089,AILA,2009,BIHAR,NALANDA,0.0,0.0,0.0,1200000000
2009143N17089,AILA,2009,BIHAR,NAWADA,0.0,0.0,0.0,1200000000
2009143N17089,AILA,2009,BIHAR,PASHCHIMI CHAMPARAN,0.0,0.0,0.0,1200000000
2009143N17089,AILA,2009,BIHAR,PATNA,0.0,0.0,0.0,1200000000
2009143N17089,AILA,2009,BIHAR,PURBI CHAMPARAN,0.0,0.0,0.0,1200000000
2009143N17089,AILA,2009,BIHAR,PURNIA,0.0,0.0,0.0,1200000000
2009143N17089,AILA,2009,BIHAR,ROHTAS,0.0,0.0,0.0,1200000000
2009143N17089,AILA,2009,BIHAR,SAHARSA,0.0,0.0,0.0,1200000000
2009143N17089,AILA,2009,BIHAR,SAMASTIPUR,0.0,0.0,0.0,1200000000
2009143N17089,AILA,2009,BIHAR,SARAN,0.0,0.0,0.0,1200000000
2009143N17089,AILA,2009,BIHAR,SHEIKHPURA,0.0,0.0,0.0,1200000000
2009143N17089,AILA,2009,BIHAR,SHEOHAR,0.0,0.0,0.0,1200000000
2009143N17089,AILA,2009,BIHAR,SITAMARHI,0.0,0.0,0.0,1200000000
2009143N17089,AILA,2009,BIHAR,SIWAN,0.0,0.0,0.0,1200000000
2009143N17089,AILA,2009,BIHAR,SUPAUL,0.0,0.0,0.0,1200000000
2009143N17089,AILA,2009,BIHAR,VAISHALI,0.0,0.0,0.0,1200000000
2009143N17089,AILA,2009,CHHATTISGARH,KAWARDHA (KABIRDHAM),0.0,0.0,0.0,1200000000
2009143N17089,AILA,2009,CHHATTISGARH,GAURELA-PENDRA-MARWAHI,0.0,0.0,0.0,1200000000
2009143N17089,AILA,2009,CHHATTISGARH,SURAJPUR,0.0,0.0,0.0,1200000000
2009143N17089,AILA,2009,CHHATTISGARH,BALRAMPUR,0.0,0.0,0.0,1200000000
2009143N17089,AILA,2009,CHHATTISGARH,MUNGELI,0.0,0.0,0.0,1200000000
2009143N17089,AILA,2009,CHHATTISGARH,DAKSHIN BASTAR DANTEWARA,0.0,0.0,0.0,1200000000
2009143N17089,AILA,2009,CHHATTISGARH,BIJAPUR,0.0,0.0,0.0,1200000000
2009143N17089,AILA,2009,CHHATTISGARH,BASTAR,0.0,0.0,0.0,1200000000
2009143N17089,AILA,2009,CHHATTISGARH,SUKMA,0.0,0.0,0.0,1200000000
2009143N17089,AILA,2009,CHHATTISGARH,KONDAGAON,0.0,0.0,0.0,1200000000
2009143N17089,AILA,2009,CHHATTISGARH,NARAYANPUR,0.0,0.0,0.0,1200000000
2009143N17089,AILA,2009,CHHATTISGARH,UTTAR BASTAR KANKER,0.0,0.0,0.0,1200000000
2009143N17089,AILA,2009,CHHATTISGARH,GARIYABAND,0.0,0.0,0.0,1200000000
2009143N17089,AILA,2009,CHHATTISGARH,DHAMTARI,0.0,0.0,0.0,1200000000
2009143N17089,AILA,2009,CHHATTISGARH,BALOD,0.0,0.0,0.0,1200000000
2009143N17089,AILA,2009,CHHATTISGARH,MAHASAMUND,0.0,0.0,0.0,1200000000
2009143N17089,AILA,2009,CHHATTISGARH,DURG,0.0,0.0,0.0,1200000000
2009143N17089,AILA,2009,CHHATTISGARH,RAIPUR,0.0,0.0,0.0,1200000000
2009143N17089,AILA,2009,CHHATTISGARH,BEMETARA,0.0,0.0,0.0,1200000000
2009143N17089,AILA,2009,CHHATTISGARH,BILASPUR,0.0,0.0,0.0,1200000000
2009143N17089,AILA,2009,CHHATTISGARH,KORBA,0.0,0.0,0.0,1200000000
2009143N17089,AILA,2009,CHHATTISGARH,JASHPUR,0.0,0.0,0.0,1200000000
2009143N17089,AILA,2009,CHHATTISGARH,SURGUJA,0.0,0.0,0.0,1200000000
2009143N17089,AILA,2009,CHHATTISGARH,KHAIRGARH-CHHUIKHADAN-GANDAI,0.0,0.0,0.0,1200000000
2009143N17089,AILA,2009,CHHATTISGARH,RAJNANDGAON,0.0,0.0,0.0,1200000000
2009143N17089,AILA,2009,CHHATTISGARH,MOHLA-MANPUR-AMBAGARH CHOWKI,0.0,0.0,0.0,1200000000
2009143N17089,AILA,2009,CHHATTISGARH,JANJGIR - CHAMPA,0.0,0.0,0.0,1200000000
2009143N17089,AILA,2009,CHHATTISGARH,SAKTI,0.0,0.0,0.0,1200000000
2009143N17089,AILA,2009,CHHATTISGARH,RAIGARH,0.0,0.0,0.0,1200000000
2009143N17089,AILA,2009,CHHATTISGARH,KOREA,0.0,0.0,0.0,1200000000
2009143N17089,AILA,2009,CHHATTISGARH,MANENDRAGARH-CHIRMIRI-BHARATPUR,0.0,0.0,0.0,1200000000
2009143N17089,AILA,2009,CHHATTISGARH,SARANGARH-BILAIGARH,0.0,0.0,0.0,1200000000
2009143N17089,AILA,2009,CHHATTISGARH,BALODA BAZAR,0.0,0.0,0.0,1200000000
2009143N17089,AILA,2009,DELHI,NAZUL,0.0,0.0,0.0,1200000000
2009143N17089,AILA,2009,DELHI,SOUTH WEST,0.0,0.0,0.0,1200000000
2009143N17089,AILA,2009,DELHI,WEST,0.0,0.0,0.0,1200000000
2009143N17089,AILA,2009,DELHI,CENTRAL,0.0,0.0,0.0,1200000000
2009143N17089,AILA,2009,DELHI,EAST,0.0,0.0,0.0,1200000000
2009143N17089,AILA,2009,DELHI,NEW DELHI,0.0,0.0,0.0,1200000000
2009143N17089,AILA,2009,DELHI,NORTH,0.0,0.0,0.0,1200000000
2009143N17089,AILA,2009,DELHI,SHAHADARA,0.0,0.0,0.0,1200000000
2009143N17089,AILA,2009,DELHI,NORTH EAST,0.0,0.0,0.0,1200000000
2009143N17089,AILA,2009,DELHI,SOUTH EAST,0.0,0.0,0.0,1200000000
2009143N17089,AILA,2009,DELHI,SOUTH,0.0,0.0,0.0,1200000000
2009143N17089,AILA,2009,DELHI,NORTH WEST,0.0,0.0,0.0,1200000000
2009143N17089,AILA,2009,GOA,NORTH GOA,0.0,0.0,0.0,1200000000
2009143N17089,AILA,2009,GOA,SOUTH GOA,0.0,0.0,0.0,1200000000
2009143N17089,AILA,2009,DADRA & NAGAR HAVELI & DAMAN & DIU,DADRA AND NAGAR HAVELI,0.0,0.0,0.0,1200000000
2009143N17089,AILA,2009,DADRA & NAGAR HAVELI & DAMAN & DIU,DAMAN,0.0,0.0,0.0,1200000000
2009143N17089,AILA,2009,DADRA & NAGAR HAVELI & DAMAN & DIU,DIU,0.0,0.0,0.0,1200000000
2009143N17089,AILA,2009,GUJARAT,AHMADABAD,0.0,0.0,0.0,1200000000
2009143N17089,AILA,2009,GUJARAT,AMRELI,0.0,0.0,0.0,1200000000
2009143N17089,AILA,2009,GUJARAT,ANAND,0.0,0.0,0.0,1200000000
2009143N17089,AILA,2009,GUJARAT,ARVALLI,0.0,0.0,0.0,1200000000
2009143N17089,AILA,2009,GUJARAT,BANAS KANTHA,0.0,0.0,0.0,1200000000
2009143N17089,AILA,2009,GUJARAT,BHARUCH,0.0,0.0,0.0,1200000000
2009143N17089,AILA,2009,GUJARAT,BHAVNAGAR,0.0,0.0,0.0,1200000000
2009143N17089,AILA,2009,GUJARAT,BOTAD,0.0,0.0,0.0,1200000000
2009143N17089,AILA,2009,GUJARAT,CHHOTAUDEPUR,0.0,0.0,0.0,1200000000
2009143N17089,AILA,2009,GUJARAT,DAHOD,0.0,0.0,0.0,1200000000
2009143N17089,AILA,2009,GUJARAT,DANGS,0.0,0.0,0.0,1200000000
2009143N17089,AILA,2009,GUJARAT,DEVBHUMI DWARKA,0.0,0.0,0.0,1200000000
2009143N17089,AILA,2009,GUJARAT,GANDHINAGAR,0.0,0.0,0.0,1200000000
2009143N17089,AILA,2009,GUJARAT,GIR SOMNATH,0.0,0.0,0.0,1200000000
2009143N17089,AILA,2009,GUJARAT and DNH & DD ISLANDS,ISLAND,0.0,0.0,0.0,1200000000
2009143N17089,AILA,2009,GUJARAT,JAMNAGAR,0.0,0.0,0.0,1200000000
2009143N17089,AILA,2009,GUJARAT,JUNAGADH,0.0,0.0,0.0,1200000000
2009143N17089,AILA,2009,GUJARAT,KACHCHH,0.0,0.0,0.0,1200000000
2009143N17089,AILA,2009,GUJARAT,KHEDA,0.0,0.0,0.0,1200000000
2009143N17089,AILA,2009,GUJARAT,MAHESANA,0.0,0.0,0.0,1200000000
2009143N17089,AILA,2009,GUJARAT,MAHISAGAR,0.0,0.0,0.0,1200000000
2009143N17089,AILA,2009,GUJARAT,MORBI,0.0,0.0,0.0,1200000000
2009143N17089,AILA,2009,GUJARAT,NARMADA,0.0,0.0,0.0,1200000000
2009143N17089,AILA,2009,GUJARAT,NAVSARI,0.0,0.0,0.0,1200000000
2009143N17089,AILA,2009,GUJARAT,PANCH MAHALS,0.0,0.0,0.0,1200000000
2009143N17089,AILA,2009,GUJARAT,PATAN,0.0,0.0,0.0,1200000000
2009143N17089,AILA,2009,GUJARAT,PORBANDAR,0.0,0.0,0.0,1200000000
2009143N17089,AILA,2009,GUJARAT,RAJKOT,0.0,0.0,0.0,1200000000
2009143N17089,AILA,2009,GUJARAT,SABAR KANTHA,0.0,0.0,0.0,1200000000
2009143N17089,AILA,2009,GUJARAT,SURAT,0.0,0.0,0.0,1200000000
2009143N17089,AILA,2009,GUJARAT,SURENDRANAGAR,0.0,0.0,0.0,1200000000
2009143N17089,AILA,2009,GUJARAT,TAPI,0.0,0.0,0.0,1200000000
2009143N17089,AILA,2009,GUJARAT,VADODARA,0.0,0.0,0.0,1200000000
2009143N17089,AILA,2009,GUJARAT,VALSAD,0.0,0.0,0.0,1200000000
2009143N17089,AILA,2009,HARYANA,AMBALA,0.0,0.0,0.0,1200000000
2009143N17089,AILA,2009,HARYANA,BHIWANI,0.0,0.0,0.0,1200000000
2009143N17089,AILA,2009,HARYANA,CHARKI DADRI,0.0,0.0,0.0,1200000000
2009143N17089,AILA,2009,HARYANA,FARIDABAD,0.0,0.0,0.0,1200000000
2009143N17089,AILA,2009,HARYANA,FATEHABAD,0.0,0.0,0.0,1200000000
2009143N17089,AILA,2009,HARYANA,GURUGRAM,0.0,0.0,0.0,1200000000
2009143N17089,AILA,2009,HARYANA,HISAR,0.0,0.0,0.0,1200000000
2009143N17089,AILA,2009,HARYANA,JHAJJAR,0.0,0.0,0.0,1200000000
2009143N17089,AILA,2009,HARYANA,JIND,0.0,0.0,0.0,1200000000
2009143N17089,AILA,2009,HARYANA,KAITHAL,0.0,0.0,0.0,1200000000
2009143N17089,AILA,2009,HARYANA,KARNAL,0.0,0.0,0.0,1200000000
2009143N17089,AILA,2009,HARYANA,KURUKSHETRA,0.0,0.0,0.0,1200000000
2009143N17089,AILA,2009,HARYANA,MAHENDRAGARH,0.0,0.0,0.0,1200000000
2009143N17089,AILA,2009,HARYANA,NUH,0.0,0.0,0.0,1200000000
2009143N17089,AILA,2009,HARYANA,PALWAL,0.0,0.0,0.0,1200000000
2009143N17089,AILA,2009,HARYANA,PANCHKULA,0.0,0.0,0.0,1200000000
2009143N17089,AILA,2009,HARYANA,PANIPAT,0.0,0.0,0.0,1200000000
2009143N17089,AILA,2009,HARYANA,REWARI,0.0,0.0,0.0,1200000000
2009143N17089,AILA,2009,HARYANA,ROHTAK,0.0,0.0,0.0,1200000000
2009143N17089,AILA,2009,HARYANA,SIRSA,0.0,0.0,0.0,1200000000
2009143N17089,AILA,2009,HARYANA,SONIPAT,0.0,0.0,0.0,1200000000
2009143N17089,AILA,2009,HARYANA,YAMUNANAGAR,0.0,0.0,0.0,1200000000
2009143N17089,AILA,2009,HIMACHAL PRADESH,BIL>SPUR,0.0,0.0,0.0,1200000000
2009143N17089,AILA,2009,HIMACHAL PRADESH,SHIMLA,0.0,0.0,0.0,1200000000
2009143N17089,AILA,2009,HIMACHAL PRADESH,KINNAUR,0.0,0.0,0.0,1200000000
2009143N17089,AILA,2009,HIMACHAL PRADESH,SOLAN,0.0,0.0,0.0,1200000000
2009143N17089,AILA,2009,HIMACHAL PRADESH,SIRMAUR,0.0,0.0,0.0,1200000000
2009143N17089,AILA,2009,HIMACHAL PRADESH,KULLU,0.0,0.0,0.0,1200000000
2009143N17089,AILA,2009,HIMACHAL PRADESH,CHAMBA,0.0,0.0,0.0,1200000000
2009143N17089,AILA,2009,HIMACHAL PRADESH,MANDI,0.0,0.0,0.0,1200000000
2009143N17089,AILA,2009,HIMACHAL PRADESH,K>NGRA,0.0,0.0,0.0,1200000000
2009143N17089,AILA,2009,HIMACHAL PRADESH,HAM|RPUR,0.0,0.0,0.0,1200000000
2009143N17089,AILA,2009,HIMACHAL PRADESH,UNA,0.0,0.0,0.0,1200000000
2009143N17089,AILA,2009,HIMACHAL PRADESH,LAHUL & SPITI,0.0,0.0,0.0,1200000000
2009143N17089,AILA,2009,JAMMU AND KASHMIR,MIRPUR,0.0,0.0,0.0,1200000000
2009143N17089,AILA,2009,JAMMU AND KASHMIR,MUZAFFARABAD,0.0,0.0,0.0,1200000000
2009143N17089,AILA,2009,JAMMU AND KASHMIR,PUNCH,0.0,0.0,0.0,1200000000
2009143N17089,AILA,2009,JAMMU AND KASHMIR,ANANTNAG,0.0,0.0,0.0,1200000000
2009143N17089,AILA,2009,JAMMU AND KASHMIR,BARAMULA,0.0,0.0,0.0,1200000000
2009143N17089,AILA,2009,JAMMU AND KASHMIR,KATHUA,0.0,0.0,0.0,1200000000
2009143N17089,AILA,2009,JAMMU AND KASHMIR,UDHAMPUR,0.0,0.0,0.0,1200000000
2009143N17089,AILA,2009,JAMMU AND KASHMIR,BADGAM,0.0,0.0,0.0,1200000000
2009143N17089,AILA,2009,JAMMU AND KASHMIR,BANDIPURA,0.0,0.0,0.0,1200000000
2009143N17089,AILA,2009,JAMMU AND KASHMIR,GANDERBAL,0.0,0.0,0.0,1200000000
2009143N17089,AILA,2009,JAMMU AND KASHMIR,KULGAM,0.0,0.0,0.0,1200000000
2009143N17089,AILA,2009,JAMMU AND KASHMIR,KUPWARA,0.0,0.0,0.0,1200000000
2009143N17089,AILA,2009,JAMMU AND KASHMIR,PULWAMA,0.0,0.0,0.0,1200000000
2009143N17089,AILA,2009,JAMMU AND KASHMIR,RAJAURI,0.0,0.0,0.0,1200000000
2009143N17089,AILA,2009,JAMMU AND KASHMIR,RAMBAN,0.0,0.0,0.0,1200000000
2009143N17089,AILA,2009,JAMMU AND KASHMIR,RIASI,0.0,0.0,0.0,1200000000
2009143N17089,AILA,2009,JAMMU AND KASHMIR,SHUPIYAN,0.0,0.0,0.0,1200000000
2009143N17089,AILA,2009,JAMMU AND KASHMIR,SRINAGAR,0.0,0.0,0.0,1200000000
2009143N17089,AILA,2009,JAMMU AND KASHMIR,KISHTWAR,0.0,0.0,0.0,1200000000
2009143N17089,AILA,2009,JAMMU AND KASHMIR,DODA,0.0,0.0,0.0,1200000000
2009143N17089,AILA,2009,JAMMU AND KASHMIR,SAMBA,0.0,0.0,0.0,1200000000
2009143N17089,AILA,2009,JAMMU AND KASHMIR,JAMMU,0.0,0.0,0.0,1200000000
2009143N17089,AILA,2009,,NONE,0.0,0.0,0.0,1200000000
2009143N17089,AILA,2009,JHARKHAND,GARHWA,0.0,0.0,0.0,1200000000
2009143N17089,AILA,2009,JHARKHAND,CHATRA,0.0,0.0,0.0,1200000000
2009143N17089,AILA,2009,JHARKHAND,KODERMA,0.0,0.0,0.0,1200000000
2009143N17089,AILA,2009,JHARKHAND,GIRIDIH,0.0,0.0,0.0,1200000000
2009143N17089,AILA,2009,JHARKHAND,DEOGHAR,0.0,0.0,0.0,1200000000
2009143N17089,AILA,2009,JHARKHAND,GODDA,0.0,0.0,0.0,1200000000
2009143N17089,AILA,2009,JHARKHAND,SAHIBGANJ,0.0,0.0,0.0,1200000000
2009143N17089,AILA,2009,JHARKHAND,PAKUR,0.0,0.0,0.0,1200000000
2009143N17089,AILA,2009,JHARKHAND,DHANBAD,0.0,0.0,0.0,1200000000
2009143N17089,AILA,2009,JHARKHAND,BOKARO,0.0,0.0,0.0,1200000000
2009143N17089,AILA,2009,JHARKHAND,LOHARDAGA,0.0,0.0,0.0,1200000000
2009143N17089,AILA,2009,JHARKHAND,EAST SINGHBHUM,0.0,0.0,0.0,1200000000
2009143N17089,AILA,2009,JHARKHAND,PALAMU,0.0,0.0,0.0,1200000000
2009143N17089,AILA,2009,JHARKHAND,LATEHAR,0.0,0.0,0.0,1200000000
2009143N17089,AILA,2009,JHARKHAND,HAZARIBAGH,0.0,0.0,0.0,1200000000
2009143N17089,AILA,2009,JHARKHAND,RAMGARH,0.0,0.0,0.0,1200000000
2009143N17089,AILA,2009,JHARKHAND,DUMKA,0.0,0.0,0.0,1200000000
2009143N17089,AILA,2009,JHARKHAND,JAMTARA,0.0,0.0,0.0,1200000000
2009143N17089,AILA,2009,JHARKHAND,RANCHI,0.0,0.0,0.0,1200000000
2009143N17089,AILA,2009,JHARKHAND,KHUNTI,0.0,0.0,0.0,1200000000
2009143N17089,AILA,2009,JHARKHAND,GUMLA,0.0,0.0,0.0,1200000000
2009143N17089,AILA,2009,JHARKHAND,SIMDEGA,0.0,0.0,0.0,1200000000
2009143N17089,AILA,2009,JHARKHAND,WEST SINGHBHUM,0.0,0.0,0.0,1200000000
2009143N17089,AILA,2009,JHARKHAND,SARAIKELA-KHARSAWAN,0.0,0.0,0.0,1200000000
2009143N17089,AILA,2009,KARNATAKA,B,0.0,0.0,0.0,1200000000
2009143N17089,AILA,2009,KARNATAKA,BENGAL#RU (RURAL),0.0,0.0,0.0,1200000000
2009143N17089,AILA,2009,KARNATAKA,BELAG,0.0,0.0,0.0,1200000000
2009143N17089,AILA,2009,KARNATAKA,CHIKKAMAGAL#RU,0.0,0.0,0.0,1200000000
2009143N17089,AILA,2009,KARNATAKA,BALL,0.0,0.0,0.0,1200000000
2009143N17089,AILA,2009,KARNATAKA,CH,0.0,0.0,0.0,1200000000
2009143N17089,AILA,2009,KARNATAKA,CHITRADURGA,0.0,0.0,0.0,1200000000
2009143N17089,AILA,2009,KARNATAKA,KOPPAL,0.0,0.0,0.0,1200000000
2009143N17089,AILA,2009,KARNATAKA,VIJAYANAGARA,0.0,0.0,0.0,1200000000
2009143N17089,AILA,2009,KARNATAKA,RAICH#R,0.0,0.0,0.0,1200000000
2009143N17089,AILA,2009,KARNATAKA,CHIKKABALL,0.0,0.0,0.0,1200000000
2009143N17089,AILA,2009,KARNATAKA,D,0.0,0.0,0.0,1200000000
2009143N17089,AILA,2009,KARNATAKA,DH,0.0,0.0,0.0,1200000000
2009143N17089,AILA,2009,KARNATAKA,GADAG,0.0,0.0,0.0,1200000000
2009143N17089,AILA,2009,KARNATAKA,H,0.0,0.0,0.0,1200000000
2009143N17089,AILA,2009,KARNATAKA,KALABURAGI,0.0,0.0,0.0,1200000000
2009143N17089,AILA,2009,KARNATAKA,BENGAL#RU (URBAN),0.0,0.0,0.0,1200000000
2009143N17089,AILA,2009,KARNATAKA,KOL,0.0,0.0,0.0,1200000000
2009143N17089,AILA,2009,KARNATAKA,MANDYA,0.0,0.0,0.0,1200000000
2009143N17089,AILA,2009,KARNATAKA,MYS#RU,0.0,0.0,0.0,1200000000
2009143N17089,AILA,2009,KARNATAKA,SHIVAMOGGA,0.0,0.0,0.0,1200000000
2009143N17089,AILA,2009,KARNATAKA,DAKSHINA KANNADA,0.0,0.0,0.0,1200000000
2009143N17089,AILA,2009,KARNATAKA,UTTARA KANNADA,0.0,0.0,0.0,1200000000
2009143N17089,AILA,2009,KARNATAKA,VIJAYAPURA,0.0,0.0,0.0,1200000000
2009143N17089,AILA,2009,KARNATAKA,Y,0.0,0.0,0.0,1200000000
2009143N17089,AILA,2009,KARNATAKA,R,0.0,0.0,0.0,1200000000
2009143N17089,AILA,2009,KERALA,PALAKKAD,0.0,0.0,0.0,1200000000
2009143N17089,AILA,2009,KERALA,ALAPPUZHA,0.0,0.0,0.0,1200000000
2009143N17089,AILA,2009,KERALA,KOTTAYAM,0.0,0.0,0.0,1200000000
2009143N17089,AILA,2009,KERALA,KOLLAM,0.0,0.0,0.0,1200000000
2009143N17089,AILA,2009,KERALA,KOZHIKODE,0.0,0.0,0.0,1200000000
2009143N17089,AILA,2009,KERALA,KASARAGOD,0.0,0.0,0.0,1200000000
2009143N17089,AILA,2009,KERALA,MALAPPURAM,0.0,0.0,0.0,1200000000
2009143N17089,AILA,2009,KERALA,WAYANAD,0.0,0.0,0.0,1200000000
2009143N17089,AILA,2009,KERALA,PATHANAMTHITTA,0.0,0.0,0.0,1200000000
2009143N17089,AILA,2009,KERALA,IDUKKI,0.0,0.0,0.0,1200000000
2009143N17089,AILA,2009,KERALA,THRISSUR,0.0,0.0,0.0,1200000000
2009143N17089,AILA,2009,KERALA,ERNAKULAM,0.0,0.0,0.0,1200000000
2009143N17089,AILA,2009,KERALA,THIRUVANANTHAPURAM,0.0,0.0,0.0,1200000000
2009143N17089,AILA,2009,KERALA,KANNUR,0.0,0.0,0.0,1200000000
2009143N17089,AILA,2009,LADAKH,LEH,0.0,0.0,0.0,1200000000
2009143N17089,AILA,2009,LADAKH,KARGIL,0.0,0.0,0.0,1200000000
2009143N17089,AILA,2009,MADHYA PRADESH,AGAR MALWA,0.0,0.0,0.0,1200000000
2009143N17089,AILA,2009,MADHYA PRADESH,ALIRAJPUR,0.0,0.0,0.0,1200000000
2009143N17089,AILA,2009,MADHYA PRADESH,ANUPPUR,0.0,0.0,0.0,1200000000
2009143N17089,AILA,2009,MADHYA PRADESH,ASHOKNAGAR,0.0,0.0,0.0,1200000000
2009143N17089,AILA,2009,MADHYA PRADESH,BALAGHAT,0.0,0.0,0.0,1200000000
2009143N17089,AILA,2009,MADHYA PRADESH,BARWANI,0.0,0.0,0.0,1200000000
2009143N17089,AILA,2009,MADHYA PRADESH,BETUL,0.0,0.0,0.0,1200000000
2009143N17089,AILA,2009,MADHYA PRADESH,BHIND,0.0,0.0,0.0,1200000000
2009143N17089,AILA,2009,MADHYA PRADESH,BHOPAL,0.0,0.0,0.0,1200000000
2009143N17089,AILA,2009,MADHYA PRADESH,BURHANPUR,0.0,0.0,0.0,1200000000
2009143N17089,AILA,2009,MADHYA PRADESH,CHHATARPUR,0.0,0.0,0.0,1200000000
2009143N17089,AILA,2009,MADHYA PRADESH,CHHINDWARA,0.0,0.0,0.0,1200000000
2009143N17089,AILA,2009,MADHYA PRADESH,DAMOH,0.0,0.0,0.0,1200000000
2009143N17089,AILA,2009,MADHYA PRADESH,DEWAS,0.0,0.0,0.0,1200000000
2009143N17089,AILA,2009,MADHYA PRADESH,DHAR,0.0,0.0,0.0,1200000000
2009143N17089,AILA,2009,MADHYA PRADESH,DINDORI,0.0,0.0,0.0,1200000000
2009143N17089,AILA,2009,MADHYA PRADESH,GUNA,0.0,0.0,0.0,1200000000
2009143N17089,AILA,2009,MADHYA PRADESH,GWALIOR,0.0,0.0,0.0,1200000000
2009143N17089,AILA,2009,MADHYA PRADESH,HARDA,0.0,0.0,0.0,1200000000
2009143N17089,AILA,2009,MADHYA PRADESH,INDORE,0.0,0.0,0.0,1200000000
2009143N17089,AILA,2009,MADHYA PRADESH,JABALPUR,0.0,0.0,0.0,1200000000
2009143N17089,AILA,2009,MADHYA PRADESH,JHABUA,0.0,0.0,0.0,1200000000
2009143N17089,AILA,2009,MADHYA PRADESH,KATNI,0.0,0.0,0.0,1200000000
2009143N17089,AILA,2009,MADHYA PRADESH,KHANDWA,0.0,0.0,0.0,1200000000
2009143N17089,AILA,2009,MADHYA PRADESH,KHARGONE,0.0,0.0,0.0,1200000000
2009143N17089,AILA,2009,MADHYA PRADESH,MAIHAR,0.0,0.0,0.0,1200000000
2009143N17089,AILA,2009,MADHYA PRADESH,MANDLA,0.0,0.0,0.0,1200000000
2009143N17089,AILA,2009,MADHYA PRADESH,MANDSAUR,0.0,0.0,0.0,1200000000
2009143N17089,AILA,2009,MADHYA PRADESH,MAUGANJ,0.0,0.0,0.0,1200000000
2009143N17089,AILA,2009,MADHYA PRADESH,MORENA,0.0,0.0,0.0,1200000000
2009143N17089,AILA,2009,MADHYA PRADESH,NARMADAPURAM,0.0,0.0,0.0,1200000000
2009143N17089,AILA,2009,MADHYA PRADESH,NARSINGHPUR,0.0,0.0,0.0,1200000000
2009143N17089,AILA,2009,MADHYA PRADESH,NEEMUCH,0.0,0.0,0.0,1200000000
2009143N17089,AILA,2009,MADHYA PRADESH,NIWARI,0.0,0.0,0.0,1200000000
2009143N17089,AILA,2009,MADHYA PRADESH,PANDHURNA,0.0,0.0,0.0,1200000000
2009143N17089,AILA,2009,MADHYA PRADESH,PANNA,0.0,0.0,0.0,1200000000
2009143N17089,AILA,2009,MADHYA PRADESH,RAISEN,0.0,0.0,0.0,1200000000
2009143N17089,AILA,2009,MADHYA PRADESH,RAJGARH,0.0,0.0,0.0,1200000000
2009143N17089,AILA,2009,MADHYA PRADESH,RATLAM,0.0,0.0,0.0,1200000000
2009143N17089,AILA,2009,MADHYA PRADESH,REWA,0.0,0.0,0.0,1200000000
2009143N17089,AILA,2009,MADHYA PRADESH,SAGAR,0.0,0.0,0.0,1200000000
2009143N17089,AILA,2009,MADHYA PRADESH,SATNA,0.0,0.0,0.0,1200000000
2009143N17089,AILA,2009,MADHYA PRADESH,SEHORE,0.0,0.0,0.0,1200000000
2009143N17089,AILA,2009,MADHYA PRADESH,SEONI,0.0,0.0,0.0,1200000000
2009143N17089,AILA,2009,MADHYA PRADESH,SHAHDOL,0.0,0.0,0.0,1200000000
2009143N17089,AILA,2009,MADHYA PRADESH,SHAJAPUR,0.0,0.0,0.0,1200000000
2009143N17089,AILA,2009,MADHYA PRADESH,SHEOPUR,0.0,0.0,0.0,1200000000
2009143N17089,AILA,2009,MADHYA PRADESH,SHIVPURI,0.0,0.0,0.0,1200000000
2009143N17089,AILA,2009,MADHYA PRADESH,SINGRAULI,0.0,0.0,0.0,1200000000
2009143N17089,AILA,2009,MADHYA PRADESH,TIKAMGARH,0.0,0.0,0.0,1200000000
2009143N17089,AILA,2009,MADHYA PRADESH,UJJAIN,0.0,0.0,0.0,1200000000
2009143N17089,AILA,2009,MADHYA PRADESH,UMARIA,0.0,0.0,0.0,1200000000
2009143N17089,AILA,2009,MADHYA PRADESH,VIDISHA,0.0,0.0,0.0,1200000000
2009143N17089,AILA,2009,MAHARASHTRA,AHMEDNAGAR,0.0,0.0,0.0,1200000000
2009143N17089,AILA,2009,MAHARASHTRA,BEED,0.0,0.0,0.0,1200000000
2009143N17089,AILA,2009,MAHARASHTRA,BHANDARA,0.0,0.0,0.0,1200000000
2009143N17089,AILA,2009,MAHARASHTRA,CHANDRAPUR,0.0,0.0,0.0,1200000000
2009143N17089,AILA,2009,MAHARASHTRA,DHULE,0.0,0.0,0.0,1200000000
2009143N17089,AILA,2009,MAHARASHTRA,GADCHIROLI,0.0,0.0,0.0,1200000000
2009143N17089,AILA,2009,MAHARASHTRA,GONDIA,0.0,0.0,0.0,1200000000
2009143N17089,AILA,2009,MAHARASHTRA,HINGOLI,0.0,0.0,0.0,1200000000
2009143N17089,AILA,2009,MAHARASHTRA,JALGAON,0.0,0.0,0.0,1200000000
2009143N17089,AILA,2009,MAHARASHTRA,KOLHAPUR,0.0,0.0,0.0,1200000000
2009143N17089,AILA,2009,MAHARASHTRA,LATUR,0.0,0.0,0.0,1200000000
2009143N17089,AILA,2009,MAHARASHTRA,MUMBAI,0.0,0.0,0.0,1200000000
2009143N17089,AILA,2009,MAHARASHTRA,NAGPUR,0.0,0.0,0.0,1200000000
2009143N17089,AILA,2009,MAHARASHTRA,NANDED,0.0,0.0,0.0,1200000000
2009143N17089,AILA,2009,MAHARASHTRA,NASHIK,0.0,0.0,0.0,1200000000
2009143N17089,AILA,2009,MAHARASHTRA,NANDURBAR,0.0,0.0,0.0,1200000000
2009143N17089,AILA,2009,MAHARASHTRA,PALGHAR,0.0,0.0,0.0,1200000000
2009143N17089,AILA,2009,MAHARASHTRA,PUNE,0.0,0.0,0.0,1200000000
2009143N17089,AILA,2009,MAHARASHTRA,RATNAGIRI,0.0,0.0,0.0,1200000000
2009143N17089,AILA,2009,MAHARASHTRA,SANGLI,0.0,0.0,0.0,1200000000
2009143N17089,AILA,2009,MAHARASHTRA,SATARA,0.0,0.0,0.0,1200000000
2009143N17089,AILA,2009,MAHARASHTRA,SINDHUDURG,0.0,0.0,0.0,1200000000
2009143N17089,AILA,2009,MAHARASHTRA,SOLAPUR,0.0,0.0,0.0,1200000000
2009143N17089,AILA,2009,MAHARASHTRA,MUMBAI SUBURBAN,0.0,0.0,0.0,1200000000
2009143N17089,AILA,2009,MAHARASHTRA,THANE,0.0,0.0,0.0,1200000000
2009143N17089,AILA,2009,MAHARASHTRA,DHARASHIV,0.0,0.0,0.0,1200000000
2009143N17089,AILA,2009,MAHARASHTRA,WASHIM,0.0,0.0,0.0,1200000000
2009143N17089,AILA,2009,MAHARASHTRA,WARDHA,0.0,0.0,0.0,1200000000
2009143N17089,AILA,2009,MAHARASHTRA,YAVATMAL,0.0,0.0,0.0,1200000000
2009143N17089,AILA,2009,MAHARASHTRA,AKOLA,0.0,0.0,0.0,1200000000
2009143N17089,AILA,2009,MAHARASHTRA,AMRAVATI,0.0,0.0,0.0,1200000000
2009143N17089,AILA,2009,MAHARASHTRA,BULDHANA,0.0,0.0,0.0,1200000000
2009143N17089,AILA,2009,MAHARASHTRA,PARBHANI,0.0,0.0,0.0,1200000000
2009143N17089,AILA,2009,MAHARASHTRA,JALNA,0.0,0.0,0.0,1200000000
2009143N17089,AILA,2009,MAHARASHTRA,CHHATRAPATI SAMBHAJINAGAR,0.0,0.0,0.0,1200000000
2009143N17089,AILA,2009,MANIPUR,BISHNUPUR,0.0,0.0,0.0,1200000000
2009143N17089,AILA,2009,MANIPUR,CHANDEL,0.0,0.0,0.0,1200000000
2009143N17089,AILA,2009,MANIPUR,CHURACHANDPUR,0.0,0.0,0.0,1200000000
2009143N17089,AILA,2009,MANIPUR,IMPHAL EAST,0.0,0.0,0.0,1200000000
2009143N17089,AILA,2009,MANIPUR,IMPHAL WEST,0.0,0.0,0.0,1200000000
2009143N17089,AILA,2009,MANIPUR,JIRIBAM,0.0,0.0,0.0,1200000000
2009143N17089,AILA,2009,MANIPUR,KAKCHING,0.0,0.0,0.0,1200000000
2009143N17089,AILA,2009,MANIPUR,KAMJANG,0.0,0.0,0.0,1200000000
2009143N17089,AILA,2009,MANIPUR,KANGPOKPI,0.0,0.0,0.0,1200000000
2009143N17089,AILA,2009,MANIPUR,NONEY,0.0,0.0,0.0,1200000000
2009143N17089,AILA,2009,MANIPUR,PHERZAWL,0.0,0.0,0.0,1200000000
2009143N17089,AILA,2009,MANIPUR,SENAPATI,0.0,0.0,0.0,1200000000
2009143N17089,AILA,2009,MANIPUR,TAMENGLONG,0.0,0.0,0.0,1200000000
2009143N17089,AILA,2009,MANIPUR,TENGNOUPAL,0.0,0.0,0.0,1200000000
2009143N17089,AILA,2009,MANIPUR,THOUBAL,0.0,0.0,0.0,1200000000
2009143N17089,AILA,2009,MANIPUR,UKHRUL,0.0,0.0,0.0,1200000000
2009143N17089,AILA,2009,MEGHALAYA,EAST G>RO HILLS,0.0,0.0,0.0,1200000000
2009143N17089,AILA,2009,MEGHALAYA,EAST JAINTIA HILLS,0.0,0.0,0.0,1200000000
2009143N17089,AILA,2009,MEGHALAYA,EAST KH>SI HILLS,0.0,0.0,0.0,1200000000
2009143N17089,AILA,2009,MEGHALAYA,NORTH G>RO HILLS,0.0,0.0,0.0,1200000000
2009143N17089,AILA,2009,MEGHALAYA,RI-BHOI,0.0,0.0,0.0,1200000000
2009143N17089,AILA,2009,MEGHALAYA,SOUTH G>RO HILLS,0.0,0.0,0.0,1200000000
2009143N17089,AILA,2009,MEGHALAYA,SOUTH WEST G>RO HILLS,0.0,0.0,0.0,1200000000
2009143N17089,AILA,2009,MEGHALAYA,WEST G>RO HILLS,0.0,0.0,0.0,1200000000
2009143N17089,AILA,2009,MEGHALAYA,WEST JAINTIA HILLS,0.0,0.0,0.0,1200000000
2009143N17089,AILA,2009,MEGHALAYA,SOUTH WEST KH>SI HILLS,0.0,0.0,0.0,1200000000
2009143N17089,AILA,2009,MEGHALAYA,EASTERN WEST KHASI HILLS,0.0,0.0,0.0,1200000000
2009143N17089,AILA,2009,MEGHALAYA,WEST KHASI HILLS,0.0,0.0,0.0,1200000000
2009143N17089,AILA,2009,MIZORAM,CHAMPHAI,0.0,0.0,0.0,1200000000
2009143N17089,AILA,2009,MIZORAM,HNAHTHIAL,0.0,0.0,0.0,1200000000
2009143N17089,AILA,2009,MIZORAM,SERCHHIP,0.0,0.0,0.0,1200000000
2009143N17089,AILA,2009,MIZORAM,LUNGLEI,0.0,0.0,0.0,1200000000
2009143N17089,AILA,2009,MIZORAM,MAMIT,0.0,0.0,0.0,1200000000
2009143N17089,AILA,2009,MIZORAM,KOLASIB,0.0,0.0,0.0,1200000000
2009143N17089,AILA,2009,MIZORAM,AIZAWL,0.0,0.0,0.0,1200000000
2009143N17089,AILA,2009,MIZORAM,SAIHA,0.0,0.0,0.0,1200000000
2009143N17089,AILA,2009,MIZORAM,SAITUAL,0.0,0.0,0.0,1200000000
2009143N17089,AILA,2009,MIZORAM,LAWNGTLAI,0.0,0.0,0.0,1200000000
2009143N17089,AILA,2009,NAGALAND,LONGLENG,0.0,0.0,0.0,1200000000
2009143N17089,AILA,2009,NAGALAND,TUENSANG,0.0,0.0,0.0,1200000000
2009143N17089,AILA,2009,NAGALAND,SHAMATOR,0.0,0.0,0.0,1200000000
2009143N17089,AILA,2009,NAGALAND,DIMAPUR,0.0,0.0,0.0,1200000000
2009143N17089,AILA,2009,NAGALAND,CHUMOUKEDIMA,0.0,0.0,0.0,1200000000
2009143N17089,AILA,2009,NAGALAND,NIULAND,0.0,0.0,0.0,1200000000
2009143N17089,AILA,2009,NAGALAND,PEREN,0.0,0.0,0.0,1200000000
2009143N17089,AILA,2009,NAGALAND,KOHIMA,0.0,0.0,0.0,1200000000
2009143N17089,AILA,2009,NAGALAND,MON,0.0,0.0,0.0,1200000000
2009143N17089,AILA,2009,NAGALAND,KIPHIRE,0.0,0.0,0.0,1200000000
2009143N17089,AILA,2009,NAGALAND,PHEK,0.0,0.0,0.0,1200000000
2009143N17089,AILA,2009,NAGALAND,MOKOKCHUNG,0.0,0.0,0.0,1200000000
2009143N17089,AILA,2009,NAGALAND,ZUNHEBOTO,0.0,0.0,0.0,1200000000
2009143N17089,AILA,2009,NAGALAND,WOKHA,0.0,0.0,0.0,1200000000
2009143N17089,AILA,2009,NAGALAND,TSEMINYU,0.0,0.0,0.0,1200000000
2009143N17089,AILA,2009,NAGALAND,NOKLAK,0.0,0.0,0.0,1200000000
2009143N17089,AILA,2009,PUDUCHERRY,KARAIKAL,0.0,0.0,0.0,1200000000
2009143N17089,AILA,2009,PUDUCHERRY,MAHE,0.0,0.0,0.0,1200000000
2009143N17089,AILA,2009,PUDUCHERRY,PUDUCHERRY,0.0,0.0,0.0,1200000000
2009143N17089,AILA,2009,PUNJAB,FIROZPUR,0.0,0.0,0.0,1200000000
2009143N17089,AILA,2009,PUNJAB,LUDHIANA,0.0,0.0,0.0,1200000000
2009143N17089,AILA,2009,PUNJAB,RUPNAGAR,0.0,0.0,0.0,1200000000
2009143N17089,AILA,2009,PUNJAB,MANSA,0.0,0.0,0.0,1200000000
2009143N17089,AILA,2009,PUNJAB,SRI MUKTSAR SAHIB,0.0,0.0,0.0,1200000000
2009143N17089,AILA,2009,PUNJAB,SAS NAGAR (SAHIBZADA AJIT SINGH NAGAR),0.0,0.0,0.0,1200000000
2009143N17089,AILA,2009,PUNJAB,JALANDHAR,0.0,0.0,0.0,1200000000
2009143N17089,AILA,2009,PUNJAB,PATHANKOT,0.0,0.0,0.0,1200000000
2009143N17089,AILA,2009,PUNJAB,FARIDKOT,0.0,0.0,0.0,1200000000
2009143N17089,AILA,2009,PUNJAB,MOGA,0.0,0.0,0.0,1200000000
2009143N17089,AILA,2009,PUNJAB,HOSHIARPUR,0.0,0.0,0.0,1200000000
2009143N17089,AILA,2009,PUNJAB,BATHINDA,0.0,0.0,0.0,1200000000
2009143N17089,AILA,2009,PUNJAB,TARN TARAN,0.0,0.0,0.0,1200000000
2009143N17089,AILA,2009,PUNJAB,FAZILKA,0.0,0.0,0.0,1200000000
2009143N17089,AILA,2009,PUNJAB,PATIALA,0.0,0.0,0.0,1200000000
2009143N17089,AILA,2009,PUNJAB,SHAHID BHAGAT SINGH NAGAR,0.0,0.0,0.0,1200000000
2009143N17089,AILA,2009,PUNJAB,BARNALA,0.0,0.0,0.0,1200000000
2009143N17089,AILA,2009,PUNJAB,GURDASPUR,0.0,0.0,0.0,1200000000
2009143N17089,AILA,2009,PUNJAB,KAPURTHALA,0.0,0.0,0.0,1200000000
2009143N17089,AILA,2009,PUNJAB,FATEHGARH SAHIB,0.0,0.0,0.0,1200000000
2009143N17089,AILA,2009,PUNJAB,AMRITSAR,0.0,0.0,0.0,1200000000
2009143N17089,AILA,2009,PUNJAB,MALER KOTLA,0.0,0.0,0.0,1200000000
2009143N17089,AILA,2009,PUNJAB,SANGRUR,0.0,0.0,0.0,1200000000
2009143N17089,AILA,2009,RAJASTHAN,AJMER,0.0,0.0,0.0,1200000000
2009143N17089,AILA,2009,RAJASTHAN,ALWAR,0.0,0.0,0.0,1200000000
2009143N17089,AILA,2009,RAJASTHAN,ANOOPGARH,0.0,0.0,0.0,1200000000
2009143N17089,AILA,2009,RAJASTHAN,BALOTRA,0.0,0.0,0.0,1200000000
2009143N17089,AILA,2009,RAJASTHAN,BANSWARA,0.0,0.0,0.0,1200000000
2009143N17089,AILA,2009,RAJASTHAN,BARAN,0.0,0.0,0.0,1200000000
2009143N17089,AILA,2009,RAJASTHAN,BARMER,0.0,0.0,0.0,1200000000
2009143N17089,AILA,2009,RAJASTHAN,BEAWAR,0.0,0.0,0.0,1200000000
2009143N17089,AILA,2009,RAJASTHAN,BHARATPUR,0.0,0.0,0.0,1200000000
2009143N17089,AILA,2009,RAJASTHAN,BHILWARA,0.0,0.0,0.0,1200000000
2009143N17089,AILA,2009,RAJASTHAN,BIKANER,0.0,0.0,0.0,1200000000
2009143N17089,AILA,2009,RAJASTHAN,BUNDI,0.0,0.0,0.0,1200000000
2009143N17089,AILA,2009,RAJASTHAN,CHITTAURGARH,0.0,0.0,0.0,1200000000
2009143N17089,AILA,2009,RAJASTHAN,CHURU,0.0,0.0,0.0,1200000000
2009143N17089,AILA,2009,RAJASTHAN,DAUSA,0.0,0.0,0.0,1200000000
2009143N17089,AILA,2009,RAJASTHAN,DEEG,0.0,0.0,0.0,1200000000
2009143N17089,AILA,2009,RAJASTHAN,DHAULPUR,0.0,0.0,0.0,1200000000
2009143N17089,AILA,2009,RAJASTHAN,DIDWANA-KUCHAMAN,0.0,0.0,0.0,1200000000
2009143N17089,AILA,2009,RAJASTHAN,DUDU,0.0,0.0,0.0,1200000000
2009143N17089,AILA,2009,RAJASTHAN,DUNGARPUR,0.0,0.0,0.0,1200000000
2009143N17089,AILA,2009,RAJASTHAN,GANGANAGAR,0.0,0.0,0.0,1200000000
2009143N17089,AILA,2009,RAJASTHAN,GANGAPURCITY,0.0,0.0,0.0,1200000000
2009143N17089,AILA,2009,RAJASTHAN,HANUMANGARH,0.0,0.0,0.0,1200000000
2009143N17089,AILA,2009,RAJASTHAN,JAIPUR,0.0,0.0,0.0,1200000000
2009143N17089,AILA,2009,RAJASTHAN,JAIPUR(GRAMIN),0.0,0.0,0.0,1200000000
2009143N17089,AILA,2009,RAJASTHAN,JAISALMER,0.0,0.0,0.0,1200000000
2009143N17089,AILA,2009,RAJASTHAN,JALOR,0.0,0.0,0.0,1200000000
2009143N17089,AILA,2009,RAJASTHAN,JHALAWAR,0.0,0.0,0.0,1200000000
2009143N17089,AILA,2009,RAJASTHAN,JHUNJHUNUN,0.0,0.0,0.0,1200000000
2009143N17089,AILA,2009,RAJASTHAN,JODHPUR,0.0,0.0,0.0,1200000000
2009143N17089,AILA,2009,RAJASTHAN,JODHPUR GRAMIN,0.0,0.0,0.0,1200000000
2009143N17089,AILA,2009,RAJASTHAN,KARAULI,0.0,0.0,0.0,1200000000
2009143N17089,AILA,2009,RAJASTHAN,KEKRI,0.0,0.0,0.0,1200000000
2009143N17089,AILA,2009,RAJASTHAN,KHAIRTHAL-TIJARA,0.0,0.0,0.0,1200000000
2009143N17089,AILA,2009,RAJASTHAN,KOTA,0.0,0.0,0.0,1200000000
2009143N17089,AILA,2009,RAJASTHAN,KOTPUTLI-BEHROR,0.0,0.0,0.0,1200000000
2009143N17089,AILA,2009,RAJASTHAN,NAGAUR,0.0,0.0,0.0,1200000000
2009143N17089,AILA,2009,RAJASTHAN,NEEM-KA-THANA,0.0,0.0,0.0,1200000000
2009143N17089,AILA,2009,RAJASTHAN,PALI,0.0,0.0,0.0,1200000000
2009143N17089,AILA,2009,RAJASTHAN,PHALODI,0.0,0.0,0.0,1200000000
2009143N17089,AILA,2009,RAJASTHAN,PRATAPGARH,0.0,0.0,0.0,1200000000
2009143N17089,AILA,2009,RAJASTHAN,RAJSAMAND,0.0,0.0,0.0,1200000000
2009143N17089,AILA,2009,RAJASTHAN,SALUMBAR,0.0,0.0,0.0,1200000000
2009143N17089,AILA,2009,RAJASTHAN,SANCHORE,0.0,0.0,0.0,1200000000
2009143N17089,AILA,2009,RAJASTHAN,SAWAI MADHOPUR,0.0,0.0,0.0,1200000000
2009143N17089,AILA,2009,RAJASTHAN,SHAHPURA,0.0,0.0,0.0,1200000000
2009143N17089,AILA,2009,RAJASTHAN,SIKAR,0.0,0.0,0.0,1200000000
2009143N17089,AILA,2009,RAJASTHAN,SIROHI,0.0,0.0,0.0,1200000000
2009143N17089,AILA,2009,RAJASTHAN,TONK,0.0,0.0,0.0,1200000000
2009143N17089,AILA,2009,RAJASTHAN,UDAIPUR,0.0,0.0,0.0,1200000000
2009143N17089,AILA,2009,SIKKIM,GYALSHING,0.0,0.0,0.0,1200000000
2009143N17089,AILA,2009,SIKKIM,PAKYONG,0.0,0.0,0.0,1200000000
2009143N17089,AILA,2009,SIKKIM,NAMCHI,0.0,0.0,0.0,1200000000
2009143N17089,AILA,2009,SIKKIM,MANGAN,0.0,0.0,0.0,1200000000
2009143N17089,AILA,2009,SIKKIM,GANGTOK,0.0,0.0,0.0,1200000000
2009143N17089,AILA,2009,SIKKIM,SORENG,0.0,0.0,0.0,1200000000
2009143N17089,AILA,2009,TAMIL NADU,ARIYALUR,0.0,0.0,0.0,1200000000
2009143N17089,AILA,2009,TAMIL NADU,CHENGALPATTU,0.0,0.0,0.0,1200000000
2009143N17089,AILA,2009,TAMIL NADU,CHENNAI,0.0,0.0,0.0,1200000000
2009143N17089,AILA,2009,TAMIL NADU,COIMBATORE,0.0,0.0,0.0,1200000000
2009143N17089,AILA,2009,TAMIL NADU,CUDDALORE,0.0,0.0,0.0,1200000000
2009143N17089,AILA,2009,TAMIL NADU,DHARMAPURI,0.0,0.0,0.0,1200000000
2009143N17089,AILA,2009,TAMIL NADU,DINDIGUL,0.0,0.0,0.0,1200000000
2009143N17089,AILA,2009,TAMIL NADU,ERODE,0.0,0.0,0.0,1200000000
2009143N17089,AILA,2009,TAMIL NADU,KALLAKKURICHI,0.0,0.0,0.0,1200000000
2009143N17089,AILA,2009,TAMIL NADU,KANCHIPURAM,0.0,0.0,0.0,1200000000
2009143N17089,AILA,2009,TAMIL NADU,KANNIYAKUMARI,0.0,0.0,0.0,1200000000
2009143N17089,AILA,2009,TAMIL NADU,KARUR,0.0,0.0,0.0,1200000000
2009143N17089,AILA,2009,TAMIL NADU,KRISHNAGIRI,0.0,0.0,0.0,1200000000
2009143N17089,AILA,2009,TAMIL NADU,MADURAI,0.0,0.0,0.0,1200000000
2009143N17089,AILA,2009,TAMIL NADU,MAYILADUTHURAI,0.0,0.0,0.0,1200000000
2009143N17089,AILA,2009,TAMIL NADU,NAGAPATTINAM,0.0,0.0,0.0,1200000000
2009143N17089,AILA,2009,TAMIL NADU,NAMAKKAL,0.0,0.0,0.0,1200000000
2009143N17089,AILA,2009,TAMIL NADU,PERAMBALUR,0.0,0.0,0.0,1200000000
2009143N17089,AILA,2009,TAMIL NADU,PUDUKKOTTAI,0.0,0.0,0.0,1200000000
2009143N17089,AILA,2009,TAMIL NADU,RAMANATHAPURAM,0.0,0.0,0.0,1200000000
2009143N17089,AILA,2009,TAMIL NADU,RANIPET,0.0,0.0,0.0,1200000000
2009143N17089,AILA,2009,TAMIL NADU,SALEM,0.0,0.0,0.0,1200000000
2009143N17089,AILA,2009,TAMIL NADU,SIVAGANGA,0.0,0.0,0.0,1200000000
2009143N17089,AILA,2009,TAMIL NADU,TENKASI,0.0,0.0,0.0,1200000000
2009143N17089,AILA,2009,TAMIL NADU,THANJAVUR,0.0,0.0,0.0,1200000000
2009143N17089,AILA,2009,TAMIL NADU,THE NILGIRIS,0.0,0.0,0.0,1200000000
2009143N17089,AILA,2009,TAMIL NADU,THENI,0.0,0.0,0.0,1200000000
2009143N17089,AILA,2009,TAMIL NADU,THIRUVALLUR,0.0,0.0,0.0,1200000000
2009143N17089,AILA,2009,TAMIL NADU,THIRUVARUR,0.0,0.0,0.0,1200000000
2009143N17089,AILA,2009,TAMIL NADU,THOOTHUKUDI,0.0,0.0,0.0,1200000000
2009143N17089,AILA,2009,TAMIL NADU,TIRUCHIRAPPALLI,0.0,0.0,0.0,1200000000
2009143N17089,AILA,2009,TAMIL NADU,TIRUNELVELI,0.0,0.0,0.0,1200000000
2009143N17089,AILA,2009,TAMIL NADU,TIRUPATHUR,0.0,0.0,0.0,1200000000
2009143N17089,AILA,2009,TAMIL NADU,TIRUPPUR,0.0,0.0,0.0,1200000000
2009143N17089,AILA,2009,TAMIL NADU,TIRUVANNAMALAI,0.0,0.0,0.0,1200000000
2009143N17089,AILA,2009,TAMIL NADU,VELLORE,0.0,0.0,0.0,1200000000
2009143N17089,AILA,2009,TAMIL NADU,VILUPPURAM,0.0,0.0,0.0,1200000000
2009143N17089,AILA,2009,TAMIL NADU,VIRUDHUNAGAR,0.0,0.0,0.0,1200000000
2009143N17089,AILA,2009,TELANGANA,ADILABAD,0.0,0.0,0.0,1200000000
2009143N17089,AILA,2009,TELANGANA,BHADRADRI KOTHAGUDEM,0.0,0.0,0.0,1200000000
2009143N17089,AILA,2009,TELANGANA,HANUMAKONDA,0.0,0.0,0.0,1200000000
2009143N17089,AILA,2009,TELANGANA,HYDERABAD,0.0,0.0,0.0,1200000000
2009143N17089,AILA,2009,TELANGANA,JAGTIAL,0.0,0.0,0.0,1200000000
2009143N17089,AILA,2009,TELANGANA,JANGOAN,0.0,0.0,0.0,1200000000
2009143N17089,AILA,2009,TELANGANA,JAYASHANKAR BHUPALPALLI,0.0,0.0,0.0,1200000000
2009143N17089,AILA,2009,TELANGANA,JOGULAMBA GADWAL,0.0,0.0,0.0,1200000000
2009143N17089,AILA,2009,TELANGANA,KAMAREDDY,0.0,0.0,0.0,1200000000
2009143N17089,AILA,2009,TELANGANA,KARIMNAGAR,0.0,0.0,0.0,1200000000
2009143N17089,AILA,2009,TELANGANA,KHAMMAM,0.0,0.0,0.0,1200000000
2009143N17089,AILA,2009,TELANGANA,KOMARRAM BHEEM,0.0,0.0,0.0,1200000000
2009143N17089,AILA,2009,TELANGANA,MAHABUBABAD,0.0,0.0,0.0,1200000000
2009143N17089,AILA,2009,TELANGANA,MAHABUBNAGAR,0.0,0.0,0.0,1200000000
2009143N17089,AILA,2009,TELANGANA,MANCHERIAL,0.0,0.0,0.0,1200000000
2009143N17089,AILA,2009,TELANGANA,MEDAK,0.0,0.0,0.0,1200000000
2009143N17089,AILA,2009,TELANGANA,MEDCHAL_MALKAJGIRI,0.0,0.0,0.0,1200000000
2009143N17089,AILA,2009,TELANGANA,MULUGU,0.0,0.0,0.0,1200000000
2009143N17089,AILA,2009,TELANGANA,NAGARKURNOOL,0.0,0.0,0.0,1200000000
2009143N17089,AILA,2009,TELANGANA,NALGONDA,0.0,0.0,0.0,1200000000
2009143N17089,AILA,2009,TELANGANA,NARAYANPET,0.0,0.0,0.0,1200000000
2009143N17089,AILA,2009,TELANGANA,NIRMAL,0.0,0.0,0.0,1200000000
2009143N17089,AILA,2009,TELANGANA,NIZAMABAD,0.0,0.0,0.0,1200000000
2009143N17089,AILA,2009,TELANGANA,PEDDAPALLI,0.0,0.0,0.0,1200000000
2009143N17089,AILA,2009,TELANGANA,RAJANNA SIRCILLA,0.0,0.0,0.0,1200000000
2009143N17089,AILA,2009,TELANGANA,RANGA REDDY,0.0,0.0,0.0,1200000000
2009143N17089,AILA,2009,TELANGANA,SANGAREDDY,0.0,0.0,0.0,1200000000
2009143N17089,AILA,2009,TELANGANA,SIDDIPET,0.0,0.0,0.0,1200000000
2009143N17089,AILA,2009,TELANGANA,SURIYAPET,0.0,0.0,0.0,1200000000
2009143N17089,AILA,2009,TELANGANA,VIKARABAD,0.0,0.0,0.0,1200000000
2009143N17089,AILA,2009,TELANGANA,WANPARTI,0.0,0.0,0.0,1200000000
2009143N17089,AILA,2009,TELANGANA,WARANGAL,0.0,0.0,0.0,1200000000
2009143N17089,AILA,2009,TELANGANA,YADADRI BHUVANAGIRI,0.0,0.0,0.0,1200000000
2009143N17089,AILA,2009,TRIPURA,SOUTH TRIPURA,0.0,0.0,0.0,1200000000
2009143N17089,AILA,2009,TRIPURA,WEST TRIPURA,0.0,0.0,0.0,1200000000
2009143N17089,AILA,2009,TRIPURA,DHALAI,0.0,0.0,0.0,1200000000
2009143N17089,AILA,2009,TRIPURA,KHOWAI,0.0,0.0,0.0,1200000000
2009143N17089,AILA,2009,TRIPURA,UNAKOTI,0.0,0.0,0.0,1200000000
2009143N17089,AILA,2009,TRIPURA,NORTH TRIPURA,0.0,0.0,0.0,1200000000
2009143N17089,AILA,2009,TRIPURA,SEPAHIJALA,0.0,0.0,0.0,1200000000
2009143N17089,AILA,2009,TRIPURA,GOMTI,0.0,0.0,0.0,1200000000
2009143N17089,AILA,2009,UTTARAKHAND,B>GESHWAR,0.0,0.0,0.0,1200000000
2009143N17089,AILA,2009,UTTARAKHAND,CHAMP>WAT,0.0,0.0,0.0,1200000000
2009143N17089,AILA,2009,UTTARAKHAND,HARIDW>R,0.0,0.0,0.0,1200000000
2009143N17089,AILA,2009,UTTARAKHAND,NAINIT>L,0.0,0.0,0.0,1200000000
2009143N17089,AILA,2009,UTTARAKHAND,PAURI GARHW>L,0.0,0.0,0.0,1200000000
2009143N17089,AILA,2009,UTTARAKHAND,RUDRAPRAY>G,0.0,0.0,0.0,1200000000
2009143N17089,AILA,2009,UTTARAKHAND,TEHRI GARHW>L,0.0,0.0,0.0,1200000000
2009143N17089,AILA,2009,UTTARAKHAND,UDHAM SINGH NAGAR,0.0,0.0,0.0,1200000000
2009143N17089,AILA,2009,UTTARAKHAND,CHAMOLI,0.0,0.0,0.0,1200000000
2009143N17089,AILA,2009,UTTARAKHAND,PITHOR>GARH,0.0,0.0,0.0,1200000000
2009143N17089,AILA,2009,UTTARAKHAND,UTTARK>SHI,0.0,0.0,0.0,1200000000
2009143N17089,AILA,2009,WEST BENGAL,MURSHID>B>D,0.0,0.0,0.0,1200000000
2009143N17089,AILA,2009,WEST BENGAL,SOUTH 24PARGANAS,5053886950.965127,0.2402691821848784,288323018.62185407,1200000000
2009143N17089,AILA,2009,WEST BENGAL,PURULIYA,0.0,0.0,0.0,1200000000
2009143N17089,AILA,2009,WEST BENGAL,PASCHIM MEDIN|PUR,215304490.8751132,0.0,0.0,1200000000
2009143N17089,AILA,2009,WEST BENGAL,PASCHIM BARDDHAM>N,0.0,0.0,0.0,1200000000
2009143N17089,AILA,2009,WEST BENGAL,NORTH TWENTY-FOUR PARGANAS,4824951233.917767,0.2305507929223741,276660951.50684893,1200000000
2009143N17089,AILA,2009,WEST BENGAL,KOCH BIH>R,0.0,0.0,0.0,1200000000
2009143N17089,AILA,2009,WEST BENGAL,JHARGRAM,1121430.88935458,0.0,0.0,1200000000
2009143N17089,AILA,2009,WEST BENGAL,JALP>IGURI,0.0,0.0,0.0,1200000000
2009143N17089,AILA,2009,WEST BENGAL,HUGLI,1648849157.5925086,0.0988316451113672,118597974.13364074,1200000000
2009143N17089,AILA,2009,WEST BENGAL,B>NKURA,2642997.504452282,0.0,0.0,1200000000
2009143N17089,AILA,2009,WEST BENGAL,>L|PUR DU>R,0.0,0.0,0.0,1200000000
2009143N17089,AILA,2009,WEST BENGAL,UTTAR DIN>JPUR,0.0,0.0,0.0,1200000000
2009143N17089,AILA,2009,WEST BENGAL,PURBA MEDIN|PUR,499941871.7403183,0.0624652676685074,74958321.202209,1200000000
2009143N17089,AILA,2009,WEST BENGAL,PURBA BARDDHAM>N,107608469.01387765,0.0,0.0,1200000000
2009143N17089,AILA,2009,WEST BENGAL,NADIA,220052143.10306564,0.0447309791646493,53677174.99757921,1200000000
2009143N17089,AILA,2009,WEST BENGAL,M>LDAH,0.0,0.0,0.0,1200000000
2009143N17089,AILA,2009,WEST BENGAL,K>LIMPONG,0.0,0.0,0.0,1200000000
2009143N17089,AILA,2009,WEST BENGAL,H>ORA,2491811719.5787,0.1311387240669314,157366468.88031766,1200000000
2009143N17089,AILA,2009,WEST BENGAL,D>RJILING,0.0,0.0,0.0,1200000000
2009143N17089,AILA,2009,WEST BENGAL,DAKSHIN DIN>JPUR,0.0,0.0,0.0,1200000000
2009143N17089,AILA,2009,WEST BENGAL,B|RBH@M,0.0,0.0,0.0,1200000000
2009143N17089,AILA,2009,WEST BENGAL,P@RBA MEDIN|PUR,0.0,0.0,0.0,1200000000
2009143N17089,AILA,2009,KARNATAKA,UDUPI,0.0,0.0,0.0,1200000000
2009143N17089,AILA,2009,ODISHA,KENDRAPARA,0.0,0.0,0.0,1200000000
2009143N17089,AILA,2009,ODISHA,BHADRAK,0.0,0.0,0.0,1200000000
2009143N17089,AILA,2009,ODISHA,BARGARH,0.0,0.0,0.0,1200000000
2009143N17089,AILA,2009,ODISHA,KEONJHAR (KENDUJHAR),0.0,0.0,0.0,1200000000
2009143N17089,AILA,2009,ODISHA,ANUGUL,0.0,0.0,0.0,1200000000
2009143N17089,AILA,2009,ODISHA,BALANGIR,0.0,0.0,0.0,1200000000
2009143N17089,AILA,2009,ODISHA,BALASORE,7417675.04290819,0.0,0.0,1200000000
2009143N17089,AILA,2009,ODISHA,DHENKANAL,0.0,0.0,0.0,1200000000
2009143N17089,AILA,2009,ODISHA,JHARSUGUDA,0.0,0.0,0.0,1200000000
2009143N17089,AILA,2009,ODISHA,MAYURBHANJ,54979.916277623925,0.0,0.0,1200000000
2009143N17089,AILA,2009,ODISHA,JAGATSINGHPUR,0.0,0.0,0.0,1200000000
2009143N17089,AILA,2009,ODISHA,KANDHAMAL,0.0,0.0,0.0,1200000000
2009143N17089,AILA,2009,ODISHA,CUTTACK,0.0,0.0,0.0,1200000000
2009143N17089,AILA,2009,ODISHA,KORAPUT,0.0,0.0,0.0,1200000000
2009143N17089,AILA,2009,ODISHA,NABARANGAPUR,0.0,0.0,0.0,1200000000
2009143N17089,AILA,2009,ODISHA,PURI,0.0,0.0,0.0,1200000000
2009143N17089,AILA,2009,ODISHA,SAMBALPUR,0.0,0.0,0.0,1200000000
2009143N17089,AILA,2009,ODISHA,GAJAPATI,0.0,0.0,0.0,1200000000
2009143N17089,AILA,2009,ODISHA,GANJAM,0.0,0.0,0.0,1200000000
2009143N17089,AILA,2009,ODISHA,MALKANGIRI,0.0,0.0,0.0,1200000000
2009143N17089,AILA,2009,ODISHA,KHORDHA,0.0,0.0,0.0,1200000000
2009143N17089,AILA,2009,ODISHA,BOUDH,0.0,0.0,0.0,1200000000
2009143N17089,AILA,2009,ODISHA,DEOGARH,0.0,0.0,0.0,1200000000
2009143N17089,AILA,2009,ODISHA,NUAPARHA,0.0,0.0,0.0,1200000000
2009143N17089,AILA,2009,ODISHA,JAJAPUR,0.0,0.0,0.0,1200000000
2009143N17089,AILA,2009,ODISHA,SUNDARGARH,0.0,0.0,0.0,1200000000
2009143N17089,AILA,2009,ODISHA,KALAHANDI,0.0,0.0,0.0,1200000000
2009143N17089,AILA,2009,ODISHA,SUBARNAPUR,0.0,0.0,0.0,1200000000
2009143N17089,AILA,2009,ODISHA,RAYAGARHA,0.0,0.0,0.0,1200000000
2009143N17089,AILA,2009,ODISHA,NAYAGARH,0.0,0.0,0.0,1200000000
2009143N17089,AILA,2009,CHANDIGARH,CHANDIGARH,0.0,0.0,0.0,1200000000
2009143N17089,AILA,2009,UTTARAKHAND,ALMORA,0.0,0.0,0.0,1200000000
2009143N17089,AILA,2009,UTTARAKHAND,DEHRAD@N,0.0,0.0,0.0,1200000000
2009143N17089,AILA,2009,KARNATAKA,TUMAK#RU,0.0,0.0,0.0,1200000000
2009143N17089,AILA,2009,KARNATAKA,B\DAR,0.0,0.0,0.0,1200000000
2009143N17089,AILA,2009,MADHYA PRADESH,SIDHI,0.0,0.0,0.0,1200000000
2009143N17089,AILA,2009,KARNATAKA,KODAGU,0.0,0.0,0.0,1200000000
2009143N17089,AILA,2009,MADHYA PRADESH,DATIA,0.0,0.0,0.0,1200000000
2009143N17089,AILA,2009,UTTAR PRADESH,AGRA,0.0,0.0,0.0,1200000000
2009143N17089,AILA,2009,UTTAR PRADESH,ALIGARH,0.0,0.0,0.0,1200000000
2009143N17089,AILA,2009,UTTAR PRADESH,AMBEDKAR NAGAR,0.0,0.0,0.0,1200000000
2009143N17089,AILA,2009,UTTAR PRADESH,AMETHI,0.0,0.0,0.0,1200000000
2009143N17089,AILA,2009,UTTAR PRADESH,AMROHA,0.0,0.0,0.0,1200000000
2009143N17089,AILA,2009,UTTAR PRADESH,AURAIYA,0.0,0.0,0.0,1200000000
2009143N17089,AILA,2009,UTTAR PRADESH,AYODHYA,0.0,0.0,0.0,1200000000
2009143N17089,AILA,2009,UTTAR PRADESH,AZAMGARH,0.0,0.0,0.0,1200000000
2009143N17089,AILA,2009,UTTAR PRADESH,BAGHPAT,0.0,0.0,0.0,1200000000
2009143N17089,AILA,2009,UTTAR PRADESH,BAHRAICH,0.0,0.0,0.0,1200000000
2009143N17089,AILA,2009,UTTAR PRADESH,BALLIA,0.0,0.0,0.0,1200000000
2009143N17089,AILA,2009,UTTAR PRADESH,BARA BANKI,0.0,0.0,0.0,1200000000
2009143N17089,AILA,2009,UTTAR PRADESH,BAREILLY,0.0,0.0,0.0,1200000000
2009143N17089,AILA,2009,UTTAR PRADESH,BASTI,0.0,0.0,0.0,1200000000
2009143N17089,AILA,2009,UTTAR PRADESH,BHADOHI,0.0,0.0,0.0,1200000000
2009143N17089,AILA,2009,UTTAR PRADESH,BIJNOR,0.0,0.0,0.0,1200000000
2009143N17089,AILA,2009,UTTAR PRADESH,BUDAUN,0.0,0.0,0.0,1200000000
2009143N17089,AILA,2009,UTTAR PRADESH,BULANDSHAHR,0.0,0.0,0.0,1200000000
2009143N17089,AILA,2009,UTTAR PRADESH,CHANDAULI,0.0,0.0,0.0,1200000000
2009143N17089,AILA,2009,UTTAR PRADESH,CHITRAKOOT,0.0,0.0,0.0,1200000000
2009143N17089,AILA,2009,UTTAR PRADESH,DEORIA,0.0,0.0,0.0,1200000000
2009143N17089,AILA,2009,UTTAR PRADESH,ETAH,0.0,0.0,0.0,1200000000
2009143N17089,AILA,2009,UTTAR PRADESH,ETAWAH,0.0,0.0,0.0,1200000000
2009143N17089,AILA,2009,UTTAR PRADESH,FARRUKHABAD,0.0,0.0,0.0,1200000000
2009143N17089,AILA,2009,UTTAR PRADESH,FATEHPUR,0.0,0.0,0.0,1200000000
2009143N17089,AILA,2009,UTTAR PRADESH,FIROZABAD,0.0,0.0,0.0,1200000000
2009143N17089,AILA,2009,UTTAR PRADESH,GAUTAM BUDDHA NAGAR,0.0,0.0,0.0,1200000000
2009143N17089,AILA,2009,UTTAR PRADESH,GHAZIABAD,0.0,0.0,0.0,1200000000
2009143N17089,AILA,2009,UTTAR PRADESH,GHAZIPUR,0.0,0.0,0.0,1200000000
2009143N17089,AILA,2009,UTTAR PRADESH,GONDA,0.0,0.0,0.0,1200000000
2009143N17089,AILA,2009,UTTAR PRADESH,GORAKHPUR,0.0,0.0,0.0,1200000000
2009143N17089,AILA,2009,UTTAR PRADESH,HAMIRPUR,0.0,0.0,0.0,1200000000
2009143N17089,AILA,2009,UTTAR PRADESH,HAPUR,0.0,0.0,0.0,1200000000
2009143N17089,AILA,2009,UTTAR PRADESH,HARDOI,0.0,0.0,0.0,1200000000
2009143N17089,AILA,2009,UTTAR PRADESH,HATHRAS,0.0,0.0,0.0,1200000000
2009143N17089,AILA,2009,UTTAR PRADESH,JALAUN,0.0,0.0,0.0,1200000000
2009143N17089,AILA,2009,UTTAR PRADESH,JAUNPUR,0.0,0.0,0.0,1200000000
2009143N17089,AILA,2009,UTTAR PRADESH,JHANSI,0.0,0.0,0.0,1200000000
2009143N17089,AILA,2009,UTTAR PRADESH,KANNAUJ,0.0,0.0,0.0,1200000000
2009143N17089,AILA,2009,UTTAR PRADESH,KANPUR DEHAT,0.0,0.0,0.0,1200000000
2009143N17089,AILA,2009,UTTAR PRADESH,KANPUR NAGAR,0.0,0.0,0.0,1200000000
2009143N17089,AILA,2009,UTTAR PRADESH,KASGANJ,0.0,0.0,0.0,1200000000
2009143N17089,AILA,2009,UTTAR PRADESH,KAUSHAMBI,0.0,0.0,0.0,1200000000
2009143N17089,AILA,2009,UTTAR PRADESH,KHERI,0.0,0.0,0.0,1200000000
2009143N17089,AILA,2009,UTTAR PRADESH,KUSHINAGAR,0.0,0.0,0.0,1200000000
2009143N17089,AILA,2009,UTTAR PRADESH,LALITPUR,0.0,0.0,0.0,1200000000
2009143N17089,AILA,2009,UTTAR PRADESH,LUCKNOW,0.0,0.0,0.0,1200000000
2009143N17089,AILA,2009,UTTAR PRADESH,MAHOBA,0.0,0.0,0.0,1200000000
2009143N17089,AILA,2009,UTTAR PRADESH,MAHRAJGANJ,0.0,0.0,0.0,1200000000
2009143N17089,AILA,2009,UTTAR PRADESH,MAINPURI,0.0,0.0,0.0,1200000000
2009143N17089,AILA,2009,UTTAR PRADESH,MATHURA,0.0,0.0,0.0,1200000000
2009143N17089,AILA,2009,UTTAR PRADESH,MAU,0.0,0.0,0.0,1200000000
2009143N17089,AILA,2009,UTTAR PRADESH,MEERUT,0.0,0.0,0.0,1200000000
2009143N17089,AILA,2009,UTTAR PRADESH,MIRZAPUR,0.0,0.0,0.0,1200000000
2009143N17089,AILA,2009,UTTAR PRADESH,MORADABAD,0.0,0.0,0.0,1200000000
2009143N17089,AILA,2009,UTTAR PRADESH,MUZAFFARNAGAR,0.0,0.0,0.0,1200000000
2009143N17089,AILA,2009,UTTAR PRADESH,PILIBHIT,0.0,0.0,0.0,1200000000
2009143N17089,AILA,2009,UTTAR PRADESH,PRAYAGRAJ,0.0,0.0,0.0,1200000000
2009143N17089,AILA,2009,UTTAR PRADESH,RAE BARELI,0.0,0.0,0.0,1200000000
2009143N17089,AILA,2009,UTTAR PRADESH,RAMPUR,0.0,0.0,0.0,1200000000
2009143N17089,AILA,2009,UTTAR PRADESH,SAHARANPUR,0.0,0.0,0.0,1200000000
2009143N17089,AILA,2009,UTTAR PRADESH,SAMBHAL,0.0,0.0,0.0,1200000000
2009143N17089,AILA,2009,UTTAR PRADESH,SANT KABIR NAGAR,0.0,0.0,0.0,1200000000
2009143N17089,AILA,2009,UTTAR PRADESH,SHAHJAHANPUR,0.0,0.0,0.0,1200000000
2009143N17089,AILA,2009,UTTAR PRADESH,SHAMLI,0.0,0.0,0.0,1200000000
2009143N17089,AILA,2009,UTTAR PRADESH,SHRAWASTI,0.0,0.0,0.0,1200000000
2009143N17089,AILA,2009,UTTAR PRADESH,SIDDHARTHNAGAR,0.0,0.0,0.0,1200000000
2009143N17089,AILA,2009,UTTAR PRADESH,SITAPUR,0.0,0.0,0.0,1200000000
2009143N17089,AILA,2009,UTTAR PRADESH,SONBHADRA,0.0,0.0,0.0,1200000000
2009143N17089,AILA,2009,UTTAR PRADESH,SULTANPUR,0.0,0.0,0.0,1200000000
2009143N17089,AILA,2009,UTTAR PRADESH,UNNAO,0.0,0.0,0.0,1200000000
2009143N17089,AILA,2009,UTTAR PRADESH,VARANASI,0.0,0.0,0.0,1200000000
2009143N17089,AILA,2009,UTTAR PRADESH,BANDA,0.0,0.0,0.0,1200000000
2009143N17089,AILA,2009,WEST BENGAL,KOLK>TA,4336891998.743709,0.1920134088812919,230416090.6575504,1200000000
2009143N17089,AILA,2009,MIZORAM,KHAWZAWL,0.0,0.0,0.0,1200000000
2009143N17089,AILA,2009,ARUNACHAL PRADESH,LOHIT,0.0,0.0,0.0,1200000000
2009143N17089,AILA,2009,LAKSHADWEEP,LAKSHADWEEP,0.0,0.0,0.0,1200000000
2010137N10090,LAILA,2010,ANDHRA PRADESH,ALLURI SITHARAMA RAJU,0.0,0.0,0.0,600000000
2010137N10090,LAILA,2010,ANDHRA PRADESH,ANAKAPALLI,0.0,0.0,0.0,600000000
2010137N10090,LAILA,2010,ANDHRA PRADESH,ANANTHAPURAMU,0.0,0.0,0.0,600000000
2010137N10090,LAILA,2010,ANDHRA PRADESH,ANNAMAYYA,0.0,0.0,0.0,600000000
2010137N10090,LAILA,2010,ANDHRA PRADESH,BAPATLA,95720366.82985684,0.4379126190411594,262747571.42469564,600000000
2010137N10090,LAILA,2010,ANDHRA PRADESH,CHITTOOR,0.0,0.0,0.0,600000000
2010137N10090,LAILA,2010,ANDHRA PRADESH,DR.B.R.AMBEDKAR KONASEEMA,0.0,0.0,0.0,600000000
2010137N10090,LAILA,2010,ANDHRA PRADESH,EAST GODAVARI,0.0,0.0,0.0,600000000
2010137N10090,LAILA,2010,ANDHRA PRADESH,ELURU,0.0,0.0,0.0,600000000
2010137N10090,LAILA,2010,ANDHRA PRADESH,GUNTUR,229603686.51423725,0.0,0.0,600000000
2010137N10090,LAILA,2010,ANDHRA PRADESH,KAKINADA,0.0,0.0,0.0,600000000
2010137N10090,LAILA,2010,ANDHRA PRADESH,KRISHNA,13409347.091626484,0.5620873809588407,337252428.57530445,600000000
2010137N10090,LAILA,2010,ANDHRA PRADESH,KURNOOL,0.0,0.0,0.0,600000000
2010137N10090,LAILA,2010,ANDHRA PRADESH,NANDYAL,0.0,0.0,0.0,600000000
2010137N10090,LAILA,2010,ANDHRA PRADESH,NTR,900842.1653743644,0.0,0.0,600000000
2010137N10090,LAILA,2010,ANDHRA PRADESH,PALNADU,32132891.38832815,0.0,0.0,600000000
2010137N10090,LAILA,2010,ANDHRA PRADESH,PARVATHIPURAM MANYAM,0.0,0.0,0.0,600000000
2010137N10090,LAILA,2010,ANDHRA PRADESH,PRAKASAM,25525691.28140376,0.0,0.0,600000000
2010137N10090,LAILA,2010,ANDHRA PRADESH,SRI POTTI SRIRAMULU NELLORE,0.0,0.0,0.0,600000000
2010137N10090,LAILA,2010,ANDHRA PRADESH,SRI SATHYA SAI,0.0,0.0,0.0,600000000
2010137N10090,LAILA,2010,ANDHRA PRADESH,SRIKAKULAM,0.0,0.0,0.0,600000000
2010137N10090,LAILA,2010,ANDHRA PRADESH,TIRUPATI,0.0,0.0,0.0,600000000
2010137N10090,LAILA,2010,ANDHRA PRADESH,VISAKHAPATNAM,0.0,0.0,0.0,600000000
2010137N10090,LAILA,2010,ANDHRA PRADESH,VIZIANAGARAM,0.0,0.0,0.0,600000000
2010137N10090,LAILA,2010,ANDHRA PRADESH,WEST GODAVARI,0.0,0.0,0.0,600000000
2010137N10090,LAILA,2010,PUDUCHERRY,YANAM,0.0,0.0,0.0,600000000
2010137N10090,LAILA,2010,ANDHRA PRADESH,YSR KADAPA,0.0,0.0,0.0,600000000
2010137N10090,LAILA,2010,ANDAMAN AND NICOBAR ISLANDS,NICOBARS,0.0,0.0,0.0,600000000
2010137N10090,LAILA,2010,ANDAMAN AND NICOBAR ISLANDS,NORTH AND MIDDLE ANDAMAN,0.0,0.0,0.0,600000000
2010137N10090,LAILA,2010,ANDAMAN AND NICOBAR ISLANDS,SOUTH ANDAMANS,0.0,0.0,0.0,600000000
2010137N10090,LAILA,2010,ARUNACHAL PRADESH,>NJ>W,0.0,0.0,0.0,600000000
2010137N10090,LAILA,2010,ARUNACHAL PRADESH,CH>NGL>NG,0.0,0.0,0.0,600000000
2010137N10090,LAILA,2010,ARUNACHAL PRADESH,DIB>NG VALLEY,0.0,0.0,0.0,600000000
2010137N10090,LAILA,2010,ARUNACHAL PRADESH,EAST KAMENG,0.0,0.0,0.0,600000000
2010137N10090,LAILA,2010,ARUNACHAL PRADESH,EAST SIANG,0.0,0.0,0.0,600000000
2010137N10090,LAILA,2010,ARUNACHAL PRADESH,KURUNG KUMEY,0.0,0.0,0.0,600000000
2010137N10090,LAILA,2010,ARUNACHAL PRADESH,LOWER DIB>NG VALLEY,0.0,0.0,0.0,600000000
2010137N10090,LAILA,2010,ARUNACHAL PRADESH,PAPUMPARE,0.0,0.0,0.0,600000000
2010137N10090,LAILA,2010,ARUNACHAL PRADESH,TAWANG,0.0,0.0,0.0,600000000
2010137N10090,LAILA,2010,ARUNACHAL PRADESH,TIR>P,0.0,0.0,0.0,600000000
2010137N10090,LAILA,2010,ARUNACHAL PRADESH,UPPER SIANG,0.0,0.0,0.0,600000000
2010137N10090,LAILA,2010,ARUNACHAL PRADESH,UPPER SUBANSIRI,0.0,0.0,0.0,600000000
2010137N10090,LAILA,2010,ARUNACHAL PRADESH,WEST KAMENG,0.0,0.0,0.0,600000000
2010137N10090,LAILA,2010,ARUNACHAL PRADESH,SHI YOMI,0.0,0.0,0.0,600000000
2010137N10090,LAILA,2010,ARUNACHAL PRADESH,NAMSAI,0.0,0.0,0.0,600000000
2010137N10090,LAILA,2010,ARUNACHAL PRADESH,WEST SIANG,0.0,0.0,0.0,600000000
2010137N10090,LAILA,2010,ARUNACHAL PRADESH,SIANG,0.0,0.0,0.0,600000000
2010137N10090,LAILA,2010,ARUNACHAL PRADESH,LONGDING,0.0,0.0,0.0,600000000
2010137N10090,LAILA,2010,ARUNACHAL PRADESH,PAKKE KESSANG,0.0,0.0,0.0,600000000
2010137N10090,LAILA,2010,ARUNACHAL PRADESH,LOWER SIANG,0.0,0.0,0.0,600000000
2010137N10090,LAILA,2010,ARUNACHAL PRADESH,LEPA RADA,0.0,0.0,0.0,600000000
2010137N10090,LAILA,2010,ARUNACHAL PRADESH,BICHOM,0.0,0.0,0.0,600000000
2010137N10090,LAILA,2010,ARUNACHAL PRADESH,KRA DAADI,0.0,0.0,0.0,600000000
2010137N10090,LAILA,2010,ARUNACHAL PRADESH,KAMLE,0.0,0.0,0.0,600000000
2010137N10090,LAILA,2010,ARUNACHAL PRADESH,KEYI PANYOR,0.0,0.0,0.0,600000000
2010137N10090,LAILA,2010,ARUNACHAL PRADESH,LOWER SUBANSIRI,0.0,0.0,0.0,600000000
2010137N10090,LAILA,2010,ASSAM,KOKRAJHAR,0.0,0.0,0.0,600000000
2010137N10090,LAILA,2010,ASSAM,CHIRANG,0.0,0.0,0.0,600000000
2010137N10090,LAILA,2010,ASSAM,UDALGURI,0.0,0.0,0.0,600000000
2010137N10090,LAILA,2010,ASSAM,BAKSA,0.0,0.0,0.0,600000000
2010137N10090,LAILA,2010,ASSAM,DHUBRI,0.0,0.0,0.0,600000000
2010137N10090,LAILA,2010,ASSAM,DARANG,0.0,0.0,0.0,600000000
2010137N10090,LAILA,2010,ASSAM,KARBI ANGLONG,0.0,0.0,0.0,600000000
2010137N10090,LAILA,2010,ASSAM,DIMA HASAO,0.0,0.0,0.0,600000000
2010137N10090,LAILA,2010,ASSAM,CACHAR,0.0,0.0,0.0,600000000
2010137N10090,LAILA,2010,ASSAM,KARIMGANJ,0.0,0.0,0.0,600000000
2010137N10090,LAILA,2010,ASSAM,HAILAKANDI,0.0,0.0,0.0,600000000
2010137N10090,LAILA,2010,ASSAM,WEST KARBI ANGLONG,0.0,0.0,0.0,600000000
2010137N10090,LAILA,2010,ASSAM,JORHAT,0.0,0.0,0.0,600000000
2010137N10090,LAILA,2010,ASSAM,GOLAGHAT,0.0,0.0,0.0,600000000
2010137N10090,LAILA,2010,ASSAM,SONITPUR,0.0,0.0,0.0,600000000
2010137N10090,LAILA,2010,ASSAM,DHEMAJI,0.0,0.0,0.0,600000000
2010137N10090,LAILA,2010,ASSAM,CHARAIDEO,0.0,0.0,0.0,600000000
2010137N10090,LAILA,2010,ASSAM,TINSUKIA,0.0,0.0,0.0,600000000
2010137N10090,LAILA,2010,ASSAM,LAKHIMPUR,0.0,0.0,0.0,600000000
2010137N10090,LAILA,2010,ASSAM,MAJULI,0.0,0.0,0.0,600000000
2010137N10090,LAILA,2010,ASSAM,SIBSAGAR,0.0,0.0,0.0,600000000
2010137N10090,LAILA,2010,ASSAM,NAGAON,0.0,0.0,0.0,600000000
2010137N10090,LAILA,2010,ASSAM,MARIGAON,0.0,0.0,0.0,600000000
2010137N10090,LAILA,2010,ASSAM,KAMRUP METRO,0.0,0.0,0.0,600000000
2010137N10090,LAILA,2010,ASSAM,NALBARI,0.0,0.0,0.0,600000000
2010137N10090,LAILA,2010,ASSAM,GOALPARA,0.0,0.0,0.0,600000000
2010137N10090,LAILA,2010,ASSAM,BONGAIGAON,0.0,0.0,0.0,600000000
2010137N10090,LAILA,2010,ASSAM,KAMRUP RURAL,0.0,0.0,0.0,600000000
2010137N10090,LAILA,2010,ASSAM,DIBRUGARH,0.0,0.0,0.0,600000000
2010137N10090,LAILA,2010,ASSAM,HOJAI,0.0,0.0,0.0,600000000
2010137N10090,LAILA,2010,ASSAM,TAMULPUR,0.0,0.0,0.0,600000000
2010137N10090,LAILA,2010,ASSAM,BISWANATH,0.0,0.0,0.0,600000000
2010137N10090,LAILA,2010,ASSAM,BARPETA,0.0,0.0,0.0,600000000
2010137N10090,LAILA,2010,ASSAM,BAJALI,0.0,0.0,0.0,600000000
2010137N10090,LAILA,2010,ASSAM,SOUTH SALMARA MANCACHAR,0.0,0.0,0.0,600000000
2010137N10090,LAILA,2010,BIHAR,ARARIA,0.0,0.0,0.0,600000000
2010137N10090,LAILA,2010,BIHAR,ARWAL,0.0,0.0,0.0,600000000
2010137N10090,LAILA,2010,BIHAR,AURANGABAD,0.0,0.0,0.0,600000000
2010137N10090,LAILA,2010,BIHAR,BANKA,0.0,0.0,0.0,600000000
2010137N10090,LAILA,2010,BIHAR,BEGUSARAI,0.0,0.0,0.0,600000000
2010137N10090,LAILA,2010,BIHAR,BHAGALPUR,0.0,0.0,0.0,600000000
2010137N10090,LAILA,2010,BIHAR,BHOJPUR,0.0,0.0,0.0,600000000
2010137N10090,LAILA,2010,BIHAR,BUXAR,0.0,0.0,0.0,600000000
2010137N10090,LAILA,2010,BIHAR,DARBHANGA,0.0,0.0,0.0,600000000
2010137N10090,LAILA,2010,BIHAR,GAYA,0.0,0.0,0.0,600000000
2010137N10090,LAILA,2010,BIHAR,GOPALGANJ,0.0,0.0,0.0,600000000
2010137N10090,LAILA,2010,BIHAR,JAHANABAD,0.0,0.0,0.0,600000000
2010137N10090,LAILA,2010,BIHAR,JAMUI,0.0,0.0,0.0,600000000
2010137N10090,LAILA,2010,BIHAR,KAIMUR,0.0,0.0,0.0,600000000
2010137N10090,LAILA,2010,BIHAR,KATIHAR,0.0,0.0,0.0,600000000
2010137N10090,LAILA,2010,BIHAR,KHAGARIA,0.0,0.0,0.0,600000000
2010137N10090,LAILA,2010,BIHAR,KISHANGANJ,0.0,0.0,0.0,600000000
2010137N10090,LAILA,2010,BIHAR,LAKHISARAI,0.0,0.0,0.0,600000000
2010137N10090,LAILA,2010,BIHAR,MADHEPURA,0.0,0.0,0.0,600000000
2010137N10090,LAILA,2010,BIHAR,MADHUBANI,0.0,0.0,0.0,600000000
2010137N10090,LAILA,2010,BIHAR,MUNGER,0.0,0.0,0.0,600000000
2010137N10090,LAILA,2010,BIHAR,MUZAFFARPUR,0.0,0.0,0.0,600000000
2010137N10090,LAILA,2010,BIHAR,NALANDA,0.0,0.0,0.0,600000000
2010137N10090,LAILA,2010,BIHAR,NAWADA,0.0,0.0,0.0,600000000
2010137N10090,LAILA,2010,BIHAR,PASHCHIMI CHAMPARAN,0.0,0.0,0.0,600000000
2010137N10090,LAILA,2010,BIHAR,PATNA,0.0,0.0,0.0,600000000
2010137N10090,LAILA,2010,BIHAR,PURBI CHAMPARAN,0.0,0.0,0.0,600000000
2010137N10090,LAILA,2010,BIHAR,PURNIA,0.0,0.0,0.0,600000000
2010137N10090,LAILA,2010,BIHAR,ROHTAS,0.0,0.0,0.0,600000000
2010137N10090,LAILA,2010,BIHAR,SAHARSA,0.0,0.0,0.0,600000000
2010137N10090,LAILA,2010,BIHAR,SAMASTIPUR,0.0,0.0,0.0,600000000
2010137N10090,LAILA,2010,BIHAR,SARAN,0.0,0.0,0.0,600000000
2010137N10090,LAILA,2010,BIHAR,SHEIKHPURA,0.0,0.0,0.0,600000000
2010137N10090,LAILA,2010,BIHAR,SHEOHAR,0.0,0.0,0.0,600000000
2010137N10090,LAILA,2010,BIHAR,SITAMARHI,0.0,0.0,0.0,600000000
2010137N10090,LAILA,2010,BIHAR,SIWAN,0.0,0.0,0.0,600000000
2010137N10090,LAILA,2010,BIHAR,SUPAUL,0.0,0.0,0.0,600000000
2010137N10090,LAILA,2010,BIHAR,VAISHALI,0.0,0.0,0.0,600000000
2010137N10090,LAILA,2010,CHHATTISGARH,KAWARDHA (KABIRDHAM),0.0,0.0,0.0,600000000
2010137N10090,LAILA,2010,CHHATTISGARH,GAURELA-PENDRA-MARWAHI,0.0,0.0,0.0,600000000
2010137N10090,LAILA,2010,CHHATTISGARH,SURAJPUR,0.0,0.0,0.0,600000000
2010137N10090,LAILA,2010,CHHATTISGARH,BALRAMPUR,0.0,0.0,0.0,600000000
2010137N10090,LAILA,2010,CHHATTISGARH,MUNGELI,0.0,0.0,0.0,600000000
2010137N10090,LAILA,2010,CHHATTISGARH,DAKSHIN BASTAR DANTEWARA,0.0,0.0,0.0,600000000
2010137N10090,LAILA,2010,CHHATTISGARH,BIJAPUR,0.0,0.0,0.0,600000000
2010137N10090,LAILA,2010,CHHATTISGARH,BASTAR,0.0,0.0,0.0,600000000
2010137N10090,LAILA,2010,CHHATTISGARH,SUKMA,0.0,0.0,0.0,600000000
2010137N10090,LAILA,2010,CHHATTISGARH,KONDAGAON,0.0,0.0,0.0,600000000
2010137N10090,LAILA,2010,CHHATTISGARH,NARAYANPUR,0.0,0.0,0.0,600000000
2010137N10090,LAILA,2010,CHHATTISGARH,UTTAR BASTAR KANKER,0.0,0.0,0.0,600000000
2010137N10090,LAILA,2010,CHHATTISGARH,GARIYABAND,0.0,0.0,0.0,600000000
2010137N10090,LAILA,2010,CHHATTISGARH,DHAMTARI,0.0,0.0,0.0,600000000
2010137N10090,LAILA,2010,CHHATTISGARH,BALOD,0.0,0.0,0.0,600000000
2010137N10090,LAILA,2010,CHHATTISGARH,MAHASAMUND,0.0,0.0,0.0,600000000
2010137N10090,LAILA,2010,CHHATTISGARH,DURG,0.0,0.0,0.0,600000000
2010137N10090,LAILA,2010,CHHATTISGARH,RAIPUR,0.0,0.0,0.0,600000000
2010137N10090,LAILA,2010,CHHATTISGARH,BEMETARA,0.0,0.0,0.0,600000000
2010137N10090,LAILA,2010,CHHATTISGARH,BILASPUR,0.0,0.0,0.0,600000000
2010137N10090,LAILA,2010,CHHATTISGARH,KORBA,0.0,0.0,0.0,600000000
2010137N10090,LAILA,2010,CHHATTISGARH,JASHPUR,0.0,0.0,0.0,600000000
2010137N10090,LAILA,2010,CHHATTISGARH,SURGUJA,0.0,0.0,0.0,600000000
2010137N10090,LAILA,2010,CHHATTISGARH,KHAIRGARH-CHHUIKHADAN-GANDAI,0.0,0.0,0.0,600000000
2010137N10090,LAILA,2010,CHHATTISGARH,RAJNANDGAON,0.0,0.0,0.0,600000000
2010137N10090,LAILA,2010,CHHATTISGARH,MOHLA-MANPUR-AMBAGARH CHOWKI,0.0,0.0,0.0,600000000
2010137N10090,LAILA,2010,CHHATTISGARH,JANJGIR - CHAMPA,0.0,0.0,0.0,600000000
2010137N10090,LAILA,2010,CHHATTISGARH,SAKTI,0.0,0.0,0.0,600000000
2010137N10090,LAILA,2010,CHHATTISGARH,RAIGARH,0.0,0.0,0.0,600000000
2010137N10090,LAILA,2010,CHHATTISGARH,KOREA,0.0,0.0,0.0,600000000
2010137N10090,LAILA,2010,CHHATTISGARH,MANENDRAGARH-CHIRMIRI-BHARATPUR,0.0,0.0,0.0,600000000
2010137N10090,LAILA,2010,CHHATTISGARH,SARANGARH-BILAIGARH,0.0,0.0,0.0,600000000
2010137N10090,LAILA,2010,CHHATTISGARH,BALODA BAZAR,0.0,0.0,0.0,600000000
2010137N10090,LAILA,2010,DELHI,NAZUL,0.0,0.0,0.0,600000000
2010137N10090,LAILA,2010,DELHI,SOUTH WEST,0.0,0.0,0.0,600000000
2010137N10090,LAILA,2010,DELHI,WEST,0.0,0.0,0.0,600000000
2010137N10090,LAILA,2010,DELHI,CENTRAL,0.0,0.0,0.0,600000000
2010137N10090,LAILA,2010,DELHI,EAST,0.0,0.0,0.0,600000000
2010137N10090,LAILA,2010,DELHI,NEW DELHI,0.0,0.0,0.0,600000000
2010137N10090,LAILA,2010,DELHI,NORTH,0.0,0.0,0.0,600000000
2010137N10090,LAILA,2010,DELHI,SHAHADARA,0.0,0.0,0.0,600000000
2010137N10090,LAILA,2010,DELHI,NORTH EAST,0.0,0.0,0.0,600000000
2010137N10090,LAILA,2010,DELHI,SOUTH EAST,0.0,0.0,0.0,600000000
2010137N10090,LAILA,2010,DELHI,SOUTH,0.0,0.0,0.0,600000000
2010137N10090,LAILA,2010,DELHI,NORTH WEST,0.0,0.0,0.0,600000000
2010137N10090,LAILA,2010,GOA,NORTH GOA,0.0,0.0,0.0,600000000
2010137N10090,LAILA,2010,GOA,SOUTH GOA,0.0,0.0,0.0,600000000
2010137N10090,LAILA,2010,DADRA & NAGAR HAVELI & DAMAN & DIU,DADRA AND NAGAR HAVELI,0.0,0.0,0.0,600000000
2010137N10090,LAILA,2010,DADRA & NAGAR HAVELI & DAMAN & DIU,DAMAN,0.0,0.0,0.0,600000000
2010137N10090,LAILA,2010,DADRA & NAGAR HAVELI & DAMAN & DIU,DIU,0.0,0.0,0.0,600000000
2010137N10090,LAILA,2010,GUJARAT,AHMADABAD,0.0,0.0,0.0,600000000
2010137N10090,LAILA,2010,GUJARAT,AMRELI,0.0,0.0,0.0,600000000
2010137N10090,LAILA,2010,GUJARAT,ANAND,0.0,0.0,0.0,600000000
2010137N10090,LAILA,2010,GUJARAT,ARVALLI,0.0,0.0,0.0,600000000
2010137N10090,LAILA,2010,GUJARAT,BANAS KANTHA,0.0,0.0,0.0,600000000
2010137N10090,LAILA,2010,GUJARAT,BHARUCH,0.0,0.0,0.0,600000000
2010137N10090,LAILA,2010,GUJARAT,BHAVNAGAR,0.0,0.0,0.0,600000000
2010137N10090,LAILA,2010,GUJARAT,BOTAD,0.0,0.0,0.0,600000000
2010137N10090,LAILA,2010,GUJARAT,CHHOTAUDEPUR,0.0,0.0,0.0,600000000
2010137N10090,LAILA,2010,GUJARAT,DAHOD,0.0,0.0,0.0,600000000
2010137N10090,LAILA,2010,GUJARAT,DANGS,0.0,0.0,0.0,600000000
2010137N10090,LAILA,2010,GUJARAT,DEVBHUMI DWARKA,0.0,0.0,0.0,600000000
2010137N10090,LAILA,2010,GUJARAT,GANDHINAGAR,0.0,0.0,0.0,600000000
2010137N10090,LAILA,2010,GUJARAT,GIR SOMNATH,0.0,0.0,0.0,600000000
2010137N10090,LAILA,2010,GUJARAT and DNH & DD ISLANDS,ISLAND,0.0,0.0,0.0,600000000
2010137N10090,LAILA,2010,GUJARAT,JAMNAGAR,0.0,0.0,0.0,600000000
2010137N10090,LAILA,2010,GUJARAT,JUNAGADH,0.0,0.0,0.0,600000000
2010137N10090,LAILA,2010,GUJARAT,KACHCHH,0.0,0.0,0.0,600000000
2010137N10090,LAILA,2010,GUJARAT,KHEDA,0.0,0.0,0.0,600000000
2010137N10090,LAILA,2010,GUJARAT,MAHESANA,0.0,0.0,0.0,600000000
2010137N10090,LAILA,2010,GUJARAT,MAHISAGAR,0.0,0.0,0.0,600000000
2010137N10090,LAILA,2010,GUJARAT,MORBI,0.0,0.0,0.0,600000000
2010137N10090,LAILA,2010,GUJARAT,NARMADA,0.0,0.0,0.0,600000000
2010137N10090,LAILA,2010,GUJARAT,NAVSARI,0.0,0.0,0.0,600000000
2010137N10090,LAILA,2010,GUJARAT,PANCH MAHALS,0.0,0.0,0.0,600000000
2010137N10090,LAILA,2010,GUJARAT,PATAN,0.0,0.0,0.0,600000000
2010137N10090,LAILA,2010,GUJARAT,PORBANDAR,0.0,0.0,0.0,600000000
2010137N10090,LAILA,2010,GUJARAT,RAJKOT,0.0,0.0,0.0,600000000
2010137N10090,LAILA,2010,GUJARAT,SABAR KANTHA,0.0,0.0,0.0,600000000
2010137N10090,LAILA,2010,GUJARAT,SURAT,0.0,0.0,0.0,600000000
2010137N10090,LAILA,2010,GUJARAT,SURENDRANAGAR,0.0,0.0,0.0,600000000
2010137N10090,LAILA,2010,GUJARAT,TAPI,0.0,0.0,0.0,600000000
2010137N10090,LAILA,2010,GUJARAT,VADODARA,0.0,0.0,0.0,600000000
2010137N10090,LAILA,2010,GUJARAT,VALSAD,0.0,0.0,0.0,600000000
2010137N10090,LAILA,2010,HARYANA,AMBALA,0.0,0.0,0.0,600000000
2010137N10090,LAILA,2010,HARYANA,BHIWANI,0.0,0.0,0.0,600000000
2010137N10090,LAILA,2010,HARYANA,CHARKI DADRI,0.0,0.0,0.0,600000000
2010137N10090,LAILA,2010,HARYANA,FARIDABAD,0.0,0.0,0.0,600000000
2010137N10090,LAILA,2010,HARYANA,FATEHABAD,0.0,0.0,0.0,600000000
2010137N10090,LAILA,2010,HARYANA,GURUGRAM,0.0,0.0,0.0,600000000
2010137N10090,LAILA,2010,HARYANA,HISAR,0.0,0.0,0.0,600000000
2010137N10090,LAILA,2010,HARYANA,JHAJJAR,0.0,0.0,0.0,600000000
2010137N10090,LAILA,2010,HARYANA,JIND,0.0,0.0,0.0,600000000
2010137N10090,LAILA,2010,HARYANA,KAITHAL,0.0,0.0,0.0,600000000
2010137N10090,LAILA,2010,HARYANA,KARNAL,0.0,0.0,0.0,600000000
2010137N10090,LAILA,2010,HARYANA,KURUKSHETRA,0.0,0.0,0.0,600000000
2010137N10090,LAILA,2010,HARYANA,MAHENDRAGARH,0.0,0.0,0.0,600000000
2010137N10090,LAILA,2010,HARYANA,NUH,0.0,0.0,0.0,600000000
2010137N10090,LAILA,2010,HARYANA,PALWAL,0.0,0.0,0.0,600000000
2010137N10090,LAILA,2010,HARYANA,PANCHKULA,0.0,0.0,0.0,600000000
2010137N10090,LAILA,2010,HARYANA,PANIPAT,0.0,0.0,0.0,600000000
2010137N10090,LAILA,2010,HARYANA,REWARI,0.0,0.0,0.0,600000000
2010137N10090,LAILA,2010,HARYANA,ROHTAK,0.0,0.0,0.0,600000000
2010137N10090,LAILA,2010,HARYANA,SIRSA,0.0,0.0,0.0,600000000
2010137N10090,LAILA,2010,HARYANA,SONIPAT,0.0,0.0,0.0,600000000
2010137N10090,LAILA,2010,HARYANA,YAMUNANAGAR,0.0,0.0,0.0,600000000
2010137N10090,LAILA,2010,HIMACHAL PRADESH,BIL>SPUR,0.0,0.0,0.0,600000000
2010137N10090,LAILA,2010,HIMACHAL PRADESH,SHIMLA,0.0,0.0,0.0,600000000
2010137N10090,LAILA,2010,HIMACHAL PRADESH,KINNAUR,0.0,0.0,0.0,600000000
2010137N10090,LAILA,2010,HIMACHAL PRADESH,SOLAN,0.0,0.0,0.0,600000000
2010137N10090,LAILA,2010,HIMACHAL PRADESH,SIRMAUR,0.0,0.0,0.0,600000000
2010137N10090,LAILA,2010,HIMACHAL PRADESH,KULLU,0.0,0.0,0.0,600000000
2010137N10090,LAILA,2010,HIMACHAL PRADESH,CHAMBA,0.0,0.0,0.0,600000000
2010137N10090,LAILA,2010,HIMACHAL PRADESH,MANDI,0.0,0.0,0.0,600000000
2010137N10090,LAILA,2010,HIMACHAL PRADESH,K>NGRA,0.0,0.0,0.0,600000000
2010137N10090,LAILA,2010,HIMACHAL PRADESH,HAM|RPUR,0.0,0.0,0.0,600000000
2010137N10090,LAILA,2010,HIMACHAL PRADESH,UNA,0.0,0.0,0.0,600000000
2010137N10090,LAILA,2010,HIMACHAL PRADESH,LAHUL & SPITI,0.0,0.0,0.0,600000000
2010137N10090,LAILA,2010,JAMMU AND KASHMIR,MIRPUR,0.0,0.0,0.0,600000000
2010137N10090,LAILA,2010,JAMMU AND KASHMIR,MUZAFFARABAD,0.0,0.0,0.0,600000000
2010137N10090,LAILA,2010,JAMMU AND KASHMIR,PUNCH,0.0,0.0,0.0,600000000
2010137N10090,LAILA,2010,JAMMU AND KASHMIR,ANANTNAG,0.0,0.0,0.0,600000000
2010137N10090,LAILA,2010,JAMMU AND KASHMIR,BARAMULA,0.0,0.0,0.0,600000000
2010137N10090,LAILA,2010,JAMMU AND KASHMIR,KATHUA,0.0,0.0,0.0,600000000
2010137N10090,LAILA,2010,JAMMU AND KASHMIR,UDHAMPUR,0.0,0.0,0.0,600000000
2010137N10090,LAILA,2010,JAMMU AND KASHMIR,BADGAM,0.0,0.0,0.0,600000000
2010137N10090,LAILA,2010,JAMMU AND KASHMIR,BANDIPURA,0.0,0.0,0.0,600000000
2010137N10090,LAILA,2010,JAMMU AND KASHMIR,GANDERBAL,0.0,0.0,0.0,600000000
2010137N10090,LAILA,2010,JAMMU AND KASHMIR,KULGAM,0.0,0.0,0.0,600000000
2010137N10090,LAILA,2010,JAMMU AND KASHMIR,KUPWARA,0.0,0.0,0.0,600000000
2010137N10090,LAILA,2010,JAMMU AND KASHMIR,PULWAMA,0.0,0.0,0.0,600000000
2010137N10090,LAILA,2010,JAMMU AND KASHMIR,RAJAURI,0.0,0.0,0.0,600000000
2010137N10090,LAILA,2010,JAMMU AND KASHMIR,RAMBAN,0.0,0.0,0.0,600000000
2010137N10090,LAILA,2010,JAMMU AND KASHMIR,RIASI,0.0,0.0,0.0,600000000
2010137N10090,LAILA,2010,JAMMU AND KASHMIR,SHUPIYAN,0.0,0.0,0.0,600000000
2010137N10090,LAILA,2010,JAMMU AND KASHMIR,SRINAGAR,0.0,0.0,0.0,600000000
2010137N10090,LAILA,2010,JAMMU AND KASHMIR,KISHTWAR,0.0,0.0,0.0,600000000
2010137N10090,LAILA,2010,JAMMU AND KASHMIR,DODA,0.0,0.0,0.0,600000000
2010137N10090,LAILA,2010,JAMMU AND KASHMIR,SAMBA,0.0,0.0,0.0,600000000
2010137N10090,LAILA,2010,JAMMU AND KASHMIR,JAMMU,0.0,0.0,0.0,600000000
2010137N10090,LAILA,2010,,NONE,0.0,0.0,0.0,600000000
2010137N10090,LAILA,2010,JHARKHAND,GARHWA,0.0,0.0,0.0,600000000
2010137N10090,LAILA,2010,JHARKHAND,CHATRA,0.0,0.0,0.0,600000000
2010137N10090,LAILA,2010,JHARKHAND,KODERMA,0.0,0.0,0.0,600000000
2010137N10090,LAILA,2010,JHARKHAND,GIRIDIH,0.0,0.0,0.0,600000000
2010137N10090,LAILA,2010,JHARKHAND,DEOGHAR,0.0,0.0,0.0,600000000
2010137N10090,LAILA,2010,JHARKHAND,GODDA,0.0,0.0,0.0,600000000
2010137N10090,LAILA,2010,JHARKHAND,SAHIBGANJ,0.0,0.0,0.0,600000000
2010137N10090,LAILA,2010,JHARKHAND,PAKUR,0.0,0.0,0.0,600000000
2010137N10090,LAILA,2010,JHARKHAND,DHANBAD,0.0,0.0,0.0,600000000
2010137N10090,LAILA,2010,JHARKHAND,BOKARO,0.0,0.0,0.0,600000000
2010137N10090,LAILA,2010,JHARKHAND,LOHARDAGA,0.0,0.0,0.0,600000000
2010137N10090,LAILA,2010,JHARKHAND,EAST SINGHBHUM,0.0,0.0,0.0,600000000
2010137N10090,LAILA,2010,JHARKHAND,PALAMU,0.0,0.0,0.0,600000000
2010137N10090,LAILA,2010,JHARKHAND,LATEHAR,0.0,0.0,0.0,600000000
2010137N10090,LAILA,2010,JHARKHAND,HAZARIBAGH,0.0,0.0,0.0,600000000
2010137N10090,LAILA,2010,JHARKHAND,RAMGARH,0.0,0.0,0.0,600000000
2010137N10090,LAILA,2010,JHARKHAND,DUMKA,0.0,0.0,0.0,600000000
2010137N10090,LAILA,2010,JHARKHAND,JAMTARA,0.0,0.0,0.0,600000000
2010137N10090,LAILA,2010,JHARKHAND,RANCHI,0.0,0.0,0.0,600000000
2010137N10090,LAILA,2010,JHARKHAND,KHUNTI,0.0,0.0,0.0,600000000
2010137N10090,LAILA,2010,JHARKHAND,GUMLA,0.0,0.0,0.0,600000000
2010137N10090,LAILA,2010,JHARKHAND,SIMDEGA,0.0,0.0,0.0,600000000
2010137N10090,LAILA,2010,JHARKHAND,WEST SINGHBHUM,0.0,0.0,0.0,600000000
2010137N10090,LAILA,2010,JHARKHAND,SARAIKELA-KHARSAWAN,0.0,0.0,0.0,600000000
2010137N10090,LAILA,2010,KARNATAKA,B,0.0,0.0,0.0,600000000
2010137N10090,LAILA,2010,KARNATAKA,BENGAL#RU (RURAL),0.0,0.0,0.0,600000000
2010137N10090,LAILA,2010,KARNATAKA,BELAG,0.0,0.0,0.0,600000000
2010137N10090,LAILA,2010,KARNATAKA,CHIKKAMAGAL#RU,0.0,0.0,0.0,600000000
2010137N10090,LAILA,2010,KARNATAKA,BALL,0.0,0.0,0.0,600000000
2010137N10090,LAILA,2010,KARNATAKA,CH,0.0,0.0,0.0,600000000
2010137N10090,LAILA,2010,KARNATAKA,CHITRADURGA,0.0,0.0,0.0,600000000
2010137N10090,LAILA,2010,KARNATAKA,KOPPAL,0.0,0.0,0.0,600000000
2010137N10090,LAILA,2010,KARNATAKA,VIJAYANAGARA,0.0,0.0,0.0,600000000
2010137N10090,LAILA,2010,KARNATAKA,RAICH#R,0.0,0.0,0.0,600000000
2010137N10090,LAILA,2010,KARNATAKA,CHIKKABALL,0.0,0.0,0.0,600000000
2010137N10090,LAILA,2010,KARNATAKA,D,0.0,0.0,0.0,600000000
2010137N10090,LAILA,2010,KARNATAKA,DH,0.0,0.0,0.0,600000000
2010137N10090,LAILA,2010,KARNATAKA,GADAG,0.0,0.0,0.0,600000000
2010137N10090,LAILA,2010,KARNATAKA,H,0.0,0.0,0.0,600000000
2010137N10090,LAILA,2010,KARNATAKA,KALABURAGI,0.0,0.0,0.0,600000000
2010137N10090,LAILA,2010,KARNATAKA,BENGAL#RU (URBAN),0.0,0.0,0.0,600000000
2010137N10090,LAILA,2010,KARNATAKA,KOL,0.0,0.0,0.0,600000000
2010137N10090,LAILA,2010,KARNATAKA,MANDYA,0.0,0.0,0.0,600000000
2010137N10090,LAILA,2010,KARNATAKA,MYS#RU,0.0,0.0,0.0,600000000
2010137N10090,LAILA,2010,KARNATAKA,SHIVAMOGGA,0.0,0.0,0.0,600000000
2010137N10090,LAILA,2010,KARNATAKA,DAKSHINA KANNADA,0.0,0.0,0.0,600000000
2010137N10090,LAILA,2010,KARNATAKA,UTTARA KANNADA,0.0,0.0,0.0,600000000
2010137N10090,LAILA,2010,KARNATAKA,VIJAYAPURA,0.0,0.0,0.0,600000000
2010137N10090,LAILA,2010,KARNATAKA,Y,0.0,0.0,0.0,600000000
2010137N10090,LAILA,2010,KARNATAKA,R,0.0,0.0,0.0,600000000
2010137N10090,LAILA,2010,KERALA,PALAKKAD,0.0,0.0,0.0,600000000
2010137N10090,LAILA,2010,KERALA,ALAPPUZHA,0.0,0.0,0.0,600000000
2010137N10090,LAILA,2010,KERALA,KOTTAYAM,0.0,0.0,0.0,600000000
2010137N10090,LAILA,2010,KERALA,KOLLAM,0.0,0.0,0.0,600000000
2010137N10090,LAILA,2010,KERALA,KOZHIKODE,0.0,0.0,0.0,600000000
2010137N10090,LAILA,2010,KERALA,KASARAGOD,0.0,0.0,0.0,600000000
2010137N10090,LAILA,2010,KERALA,MALAPPURAM,0.0,0.0,0.0,600000000
2010137N10090,LAILA,2010,KERALA,WAYANAD,0.0,0.0,0.0,600000000
2010137N10090,LAILA,2010,KERALA,PATHANAMTHITTA,0.0,0.0,0.0,600000000
2010137N10090,LAILA,2010,KERALA,IDUKKI,0.0,0.0,0.0,600000000
2010137N10090,LAILA,2010,KERALA,THRISSUR,0.0,0.0,0.0,600000000
2010137N10090,LAILA,2010,KERALA,ERNAKULAM,0.0,0.0,0.0,600000000
2010137N10090,LAILA,2010,KERALA,THIRUVANANTHAPURAM,0.0,0.0,0.0,600000000
2010137N10090,LAILA,2010,KERALA,KANNUR,0.0,0.0,0.0,600000000
2010137N10090,LAILA,2010,LADAKH,LEH,0.0,0.0,0.0,600000000
2010137N10090,LAILA,2010,LADAKH,KARGIL,0.0,0.0,0.0,600000000
2010137N10090,LAILA,2010,MADHYA PRADESH,AGAR MALWA,0.0,0.0,0.0,600000000
2010137N10090,LAILA,2010,MADHYA PRADESH,ALIRAJPUR,0.0,0.0,0.0,600000000
2010137N10090,LAILA,2010,MADHYA PRADESH,ANUPPUR,0.0,0.0,0.0,600000000
2010137N10090,LAILA,2010,MADHYA PRADESH,ASHOKNAGAR,0.0,0.0,0.0,600000000
2010137N10090,LAILA,2010,MADHYA PRADESH,BALAGHAT,0.0,0.0,0.0,600000000
2010137N10090,LAILA,2010,MADHYA PRADESH,BARWANI,0.0,0.0,0.0,600000000
2010137N10090,LAILA,2010,MADHYA PRADESH,BETUL,0.0,0.0,0.0,600000000
2010137N10090,LAILA,2010,MADHYA PRADESH,BHIND,0.0,0.0,0.0,600000000
2010137N10090,LAILA,2010,MADHYA PRADESH,BHOPAL,0.0,0.0,0.0,600000000
2010137N10090,LAILA,2010,MADHYA PRADESH,BURHANPUR,0.0,0.0,0.0,600000000
2010137N10090,LAILA,2010,MADHYA PRADESH,CHHATARPUR,0.0,0.0,0.0,600000000
2010137N10090,LAILA,2010,MADHYA PRADESH,CHHINDWARA,0.0,0.0,0.0,600000000
2010137N10090,LAILA,2010,MADHYA PRADESH,DAMOH,0.0,0.0,0.0,600000000
2010137N10090,LAILA,2010,MADHYA PRADESH,DEWAS,0.0,0.0,0.0,600000000
2010137N10090,LAILA,2010,MADHYA PRADESH,DHAR,0.0,0.0,0.0,600000000
2010137N10090,LAILA,2010,MADHYA PRADESH,DINDORI,0.0,0.0,0.0,600000000
2010137N10090,LAILA,2010,MADHYA PRADESH,GUNA,0.0,0.0,0.0,600000000
2010137N10090,LAILA,2010,MADHYA PRADESH,GWALIOR,0.0,0.0,0.0,600000000
2010137N10090,LAILA,2010,MADHYA PRADESH,HARDA,0.0,0.0,0.0,600000000
2010137N10090,LAILA,2010,MADHYA PRADESH,INDORE,0.0,0.0,0.0,600000000
2010137N10090,LAILA,2010,MADHYA PRADESH,JABALPUR,0.0,0.0,0.0,600000000
2010137N10090,LAILA,2010,MADHYA PRADESH,JHABUA,0.0,0.0,0.0,600000000
2010137N10090,LAILA,2010,MADHYA PRADESH,KATNI,0.0,0.0,0.0,600000000
2010137N10090,LAILA,2010,MADHYA PRADESH,KHANDWA,0.0,0.0,0.0,600000000
2010137N10090,LAILA,2010,MADHYA PRADESH,KHARGONE,0.0,0.0,0.0,600000000
2010137N10090,LAILA,2010,MADHYA PRADESH,MAIHAR,0.0,0.0,0.0,600000000
2010137N10090,LAILA,2010,MADHYA PRADESH,MANDLA,0.0,0.0,0.0,600000000
2010137N10090,LAILA,2010,MADHYA PRADESH,MANDSAUR,0.0,0.0,0.0,600000000
2010137N10090,LAILA,2010,MADHYA PRADESH,MAUGANJ,0.0,0.0,0.0,600000000
2010137N10090,LAILA,2010,MADHYA PRADESH,MORENA,0.0,0.0,0.0,600000000
2010137N10090,LAILA,2010,MADHYA PRADESH,NARMADAPURAM,0.0,0.0,0.0,600000000
2010137N10090,LAILA,2010,MADHYA PRADESH,NARSINGHPUR,0.0,0.0,0.0,600000000
2010137N10090,LAILA,2010,MADHYA PRADESH,NEEMUCH,0.0,0.0,0.0,600000000
2010137N10090,LAILA,2010,MADHYA PRADESH,NIWARI,0.0,0.0,0.0,600000000
2010137N10090,LAILA,2010,MADHYA PRADESH,PANDHURNA,0.0,0.0,0.0,600000000
2010137N10090,LAILA,2010,MADHYA PRADESH,PANNA,0.0,0.0,0.0,600000000
2010137N10090,LAILA,2010,MADHYA PRADESH,RAISEN,0.0,0.0,0.0,600000000
2010137N10090,LAILA,2010,MADHYA PRADESH,RAJGARH,0.0,0.0,0.0,600000000
2010137N10090,LAILA,2010,MADHYA PRADESH,RATLAM,0.0,0.0,0.0,600000000
2010137N10090,LAILA,2010,MADHYA PRADESH,REWA,0.0,0.0,0.0,600000000
2010137N10090,LAILA,2010,MADHYA PRADESH,SAGAR,0.0,0.0,0.0,600000000
2010137N10090,LAILA,2010,MADHYA PRADESH,SATNA,0.0,0.0,0.0,600000000
2010137N10090,LAILA,2010,MADHYA PRADESH,SEHORE,0.0,0.0,0.0,600000000
2010137N10090,LAILA,2010,MADHYA PRADESH,SEONI,0.0,0.0,0.0,600000000
2010137N10090,LAILA,2010,MADHYA PRADESH,SHAHDOL,0.0,0.0,0.0,600000000
2010137N10090,LAILA,2010,MADHYA PRADESH,SHAJAPUR,0.0,0.0,0.0,600000000
2010137N10090,LAILA,2010,MADHYA PRADESH,SHEOPUR,0.0,0.0,0.0,600000000
2010137N10090,LAILA,2010,MADHYA PRADESH,SHIVPURI,0.0,0.0,0.0,600000000
2010137N10090,LAILA,2010,MADHYA PRADESH,SINGRAULI,0.0,0.0,0.0,600000000
2010137N10090,LAILA,2010,MADHYA PRADESH,TIKAMGARH,0.0,0.0,0.0,600000000
2010137N10090,LAILA,2010,MADHYA PRADESH,UJJAIN,0.0,0.0,0.0,600000000
2010137N10090,LAILA,2010,MADHYA PRADESH,UMARIA,0.0,0.0,0.0,600000000
2010137N10090,LAILA,2010,MADHYA PRADESH,VIDISHA,0.0,0.0,0.0,600000000
2010137N10090,LAILA,2010,MAHARASHTRA,AHMEDNAGAR,0.0,0.0,0.0,600000000
2010137N10090,LAILA,2010,MAHARASHTRA,BEED,0.0,0.0,0.0,600000000
2010137N10090,LAILA,2010,MAHARASHTRA,BHANDARA,0.0,0.0,0.0,600000000
2010137N10090,LAILA,2010,MAHARASHTRA,CHANDRAPUR,0.0,0.0,0.0,600000000
2010137N10090,LAILA,2010,MAHARASHTRA,DHULE,0.0,0.0,0.0,600000000
2010137N10090,LAILA,2010,MAHARASHTRA,GADCHIROLI,0.0,0.0,0.0,600000000
2010137N10090,LAILA,2010,MAHARASHTRA,GONDIA,0.0,0.0,0.0,600000000
2010137N10090,LAILA,2010,MAHARASHTRA,HINGOLI,0.0,0.0,0.0,600000000
2010137N10090,LAILA,2010,MAHARASHTRA,JALGAON,0.0,0.0,0.0,600000000
2010137N10090,LAILA,2010,MAHARASHTRA,KOLHAPUR,0.0,0.0,0.0,600000000
2010137N10090,LAILA,2010,MAHARASHTRA,LATUR,0.0,0.0,0.0,600000000
2010137N10090,LAILA,2010,MAHARASHTRA,MUMBAI,0.0,0.0,0.0,600000000
2010137N10090,LAILA,2010,MAHARASHTRA,NAGPUR,0.0,0.0,0.0,600000000
2010137N10090,LAILA,2010,MAHARASHTRA,NANDED,0.0,0.0,0.0,600000000
2010137N10090,LAILA,2010,MAHARASHTRA,NASHIK,0.0,0.0,0.0,600000000
2010137N10090,LAILA,2010,MAHARASHTRA,NANDURBAR,0.0,0.0,0.0,600000000
2010137N10090,LAILA,2010,MAHARASHTRA,PALGHAR,0.0,0.0,0.0,600000000
2010137N10090,LAILA,2010,MAHARASHTRA,PUNE,0.0,0.0,0.0,600000000
2010137N10090,LAILA,2010,MAHARASHTRA,RATNAGIRI,0.0,0.0,0.0,600000000
2010137N10090,LAILA,2010,MAHARASHTRA,SANGLI,0.0,0.0,0.0,600000000
2010137N10090,LAILA,2010,MAHARASHTRA,SATARA,0.0,0.0,0.0,600000000
2010137N10090,LAILA,2010,MAHARASHTRA,SINDHUDURG,0.0,0.0,0.0,600000000
2010137N10090,LAILA,2010,MAHARASHTRA,SOLAPUR,0.0,0.0,0.0,600000000
2010137N10090,LAILA,2010,MAHARASHTRA,MUMBAI SUBURBAN,0.0,0.0,0.0,600000000
2010137N10090,LAILA,2010,MAHARASHTRA,THANE,0.0,0.0,0.0,600000000
2010137N10090,LAILA,2010,MAHARASHTRA,DHARASHIV,0.0,0.0,0.0,600000000
2010137N10090,LAILA,2010,MAHARASHTRA,WASHIM,0.0,0.0,0.0,600000000
2010137N10090,LAILA,2010,MAHARASHTRA,WARDHA,0.0,0.0,0.0,600000000
2010137N10090,LAILA,2010,MAHARASHTRA,YAVATMAL,0.0,0.0,0.0,600000000
2010137N10090,LAILA,2010,MAHARASHTRA,AKOLA,0.0,0.0,0.0,600000000
2010137N10090,LAILA,2010,MAHARASHTRA,AMRAVATI,0.0,0.0,0.0,600000000
2010137N10090,LAILA,2010,MAHARASHTRA,BULDHANA,0.0,0.0,0.0,600000000
2010137N10090,LAILA,2010,MAHARASHTRA,PARBHANI,0.0,0.0,0.0,600000000
2010137N10090,LAILA,2010,MAHARASHTRA,JALNA,0.0,0.0,0.0,600000000
2010137N10090,LAILA,2010,MAHARASHTRA,CHHATRAPATI SAMBHAJINAGAR,0.0,0.0,0.0,600000000
2010137N10090,LAILA,2010,MANIPUR,BISHNUPUR,0.0,0.0,0.0,600000000
2010137N10090,LAILA,2010,MANIPUR,CHANDEL,0.0,0.0,0.0,600000000
2010137N10090,LAILA,2010,MANIPUR,CHURACHANDPUR,0.0,0.0,0.0,600000000
2010137N10090,LAILA,2010,MANIPUR,IMPHAL EAST,0.0,0.0,0.0,600000000
2010137N10090,LAILA,2010,MANIPUR,IMPHAL WEST,0.0,0.0,0.0,600000000
2010137N10090,LAILA,2010,MANIPUR,JIRIBAM,0.0,0.0,0.0,600000000
2010137N10090,LAILA,2010,MANIPUR,KAKCHING,0.0,0.0,0.0,600000000
2010137N10090,LAILA,2010,MANIPUR,KAMJANG,0.0,0.0,0.0,600000000
2010137N10090,LAILA,2010,MANIPUR,KANGPOKPI,0.0,0.0,0.0,600000000
2010137N10090,LAILA,2010,MANIPUR,NONEY,0.0,0.0,0.0,600000000
2010137N10090,LAILA,2010,MANIPUR,PHERZAWL,0.0,0.0,0.0,600000000
2010137N10090,LAILA,2010,MANIPUR,SENAPATI,0.0,0.0,0.0,600000000
2010137N10090,LAILA,2010,MANIPUR,TAMENGLONG,0.0,0.0,0.0,600000000
2010137N10090,LAILA,2010,MANIPUR,TENGNOUPAL,0.0,0.0,0.0,600000000
2010137N10090,LAILA,2010,MANIPUR,THOUBAL,0.0,0.0,0.0,600000000
2010137N10090,LAILA,2010,MANIPUR,UKHRUL,0.0,0.0,0.0,600000000
2010137N10090,LAILA,2010,MEGHALAYA,EAST G>RO HILLS,0.0,0.0,0.0,600000000
2010137N10090,LAILA,2010,MEGHALAYA,EAST JAINTIA HILLS,0.0,0.0,0.0,600000000
2010137N10090,LAILA,2010,MEGHALAYA,EAST KH>SI HILLS,0.0,0.0,0.0,600000000
2010137N10090,LAILA,2010,MEGHALAYA,NORTH G>RO HILLS,0.0,0.0,0.0,600000000
2010137N10090,LAILA,2010,MEGHALAYA,RI-BHOI,0.0,0.0,0.0,600000000
2010137N10090,LAILA,2010,MEGHALAYA,SOUTH G>RO HILLS,0.0,0.0,0.0,600000000
2010137N10090,LAILA,2010,MEGHALAYA,SOUTH WEST G>RO HILLS,0.0,0.0,0.0,600000000
2010137N10090,LAILA,2010,MEGHALAYA,WEST G>RO HILLS,0.0,0.0,0.0,600000000
2010137N10090,LAILA,2010,MEGHALAYA,WEST JAINTIA HILLS,0.0,0.0,0.0,600000000
2010137N10090,LAILA,2010,MEGHALAYA,SOUTH WEST KH>SI HILLS,0.0,0.0,0.0,600000000
2010137N10090,LAILA,2010,MEGHALAYA,EASTERN WEST KHASI HILLS,0.0,0.0,0.0,600000000
2010137N10090,LAILA,2010,MEGHALAYA,WEST KHASI HILLS,0.0,0.0,0.0,600000000
2010137N10090,LAILA,2010,MIZORAM,CHAMPHAI,0.0,0.0,0.0,600000000
2010137N10090,LAILA,2010,MIZORAM,HNAHTHIAL,0.0,0.0,0.0,600000000
2010137N10090,LAILA,2010,MIZORAM,SERCHHIP,0.0,0.0,0.0,600000000
2010137N10090,LAILA,2010,MIZORAM,LUNGLEI,0.0,0.0,0.0,600000000
2010137N10090,LAILA,2010,MIZORAM,MAMIT,0.0,0.0,0.0,600000000
2010137N10090,LAILA,2010,MIZORAM,KOLASIB,0.0,0.0,0.0,600000000
2010137N10090,LAILA,2010,MIZORAM,AIZAWL,0.0,0.0,0.0,600000000
2010137N10090,LAILA,2010,MIZORAM,SAIHA,0.0,0.0,0.0,600000000
2010137N10090,LAILA,2010,MIZORAM,SAITUAL,0.0,0.0,0.0,600000000
2010137N10090,LAILA,2010,MIZORAM,LAWNGTLAI,0.0,0.0,0.0,600000000
2010137N10090,LAILA,2010,NAGALAND,LONGLENG,0.0,0.0,0.0,600000000
2010137N10090,LAILA,2010,NAGALAND,TUENSANG,0.0,0.0,0.0,600000000
2010137N10090,LAILA,2010,NAGALAND,SHAMATOR,0.0,0.0,0.0,600000000
2010137N10090,LAILA,2010,NAGALAND,DIMAPUR,0.0,0.0,0.0,600000000
2010137N10090,LAILA,2010,NAGALAND,CHUMOUKEDIMA,0.0,0.0,0.0,600000000
2010137N10090,LAILA,2010,NAGALAND,NIULAND,0.0,0.0,0.0,600000000
2010137N10090,LAILA,2010,NAGALAND,PEREN,0.0,0.0,0.0,600000000
2010137N10090,LAILA,2010,NAGALAND,KOHIMA,0.0,0.0,0.0,600000000
2010137N10090,LAILA,2010,NAGALAND,MON,0.0,0.0,0.0,600000000
2010137N10090,LAILA,2010,NAGALAND,KIPHIRE,0.0,0.0,0.0,600000000
2010137N10090,LAILA,2010,NAGALAND,PHEK,0.0,0.0,0.0,600000000
2010137N10090,LAILA,2010,NAGALAND,MOKOKCHUNG,0.0,0.0,0.0,600000000
2010137N10090,LAILA,2010,NAGALAND,ZUNHEBOTO,0.0,0.0,0.0,600000000
2010137N10090,LAILA,2010,NAGALAND,WOKHA,0.0,0.0,0.0,600000000
2010137N10090,LAILA,2010,NAGALAND,TSEMINYU,0.0,0.0,0.0,600000000
2010137N10090,LAILA,2010,NAGALAND,NOKLAK,0.0,0.0,0.0,600000000
2010137N10090,LAILA,2010,PUDUCHERRY,KARAIKAL,0.0,0.0,0.0,600000000
2010137N10090,LAILA,2010,PUDUCHERRY,MAHE,0.0,0.0,0.0,600000000
2010137N10090,LAILA,2010,PUDUCHERRY,PUDUCHERRY,0.0,0.0,0.0,600000000
2010137N10090,LAILA,2010,PUNJAB,FIROZPUR,0.0,0.0,0.0,600000000
2010137N10090,LAILA,2010,PUNJAB,LUDHIANA,0.0,0.0,0.0,600000000
2010137N10090,LAILA,2010,PUNJAB,RUPNAGAR,0.0,0.0,0.0,600000000
2010137N10090,LAILA,2010,PUNJAB,MANSA,0.0,0.0,0.0,600000000
2010137N10090,LAILA,2010,PUNJAB,SRI MUKTSAR SAHIB,0.0,0.0,0.0,600000000
2010137N10090,LAILA,2010,PUNJAB,SAS NAGAR (SAHIBZADA AJIT SINGH NAGAR),0.0,0.0,0.0,600000000
2010137N10090,LAILA,2010,PUNJAB,JALANDHAR,0.0,0.0,0.0,600000000
2010137N10090,LAILA,2010,PUNJAB,PATHANKOT,0.0,0.0,0.0,600000000
2010137N10090,LAILA,2010,PUNJAB,FARIDKOT,0.0,0.0,0.0,600000000
2010137N10090,LAILA,2010,PUNJAB,MOGA,0.0,0.0,0.0,600000000
2010137N10090,LAILA,2010,PUNJAB,HOSHIARPUR,0.0,0.0,0.0,600000000
2010137N10090,LAILA,2010,PUNJAB,BATHINDA,0.0,0.0,0.0,600000000
2010137N10090,LAILA,2010,PUNJAB,TARN TARAN,0.0,0.0,0.0,600000000
2010137N10090,LAILA,2010,PUNJAB,FAZILKA,0.0,0.0,0.0,600000000
2010137N10090,LAILA,2010,PUNJAB,PATIALA,0.0,0.0,0.0,600000000
2010137N10090,LAILA,2010,PUNJAB,SHAHID BHAGAT SINGH NAGAR,0.0,0.0,0.0,600000000
2010137N10090,LAILA,2010,PUNJAB,BARNALA,0.0,0.0,0.0,600000000
2010137N10090,LAILA,2010,PUNJAB,GURDASPUR,0.0,0.0,0.0,600000000
2010137N10090,LAILA,2010,PUNJAB,KAPURTHALA,0.0,0.0,0.0,600000000
2010137N10090,LAILA,2010,PUNJAB,FATEHGARH SAHIB,0.0,0.0,0.0,600000000
2010137N10090,LAILA,2010,PUNJAB,AMRITSAR,0.0,0.0,0.0,600000000
2010137N10090,LAILA,2010,PUNJAB,MALER KOTLA,0.0,0.0,0.0,600000000
2010137N10090,LAILA,2010,PUNJAB,SANGRUR,0.0,0.0,0.0,600000000
2010137N10090,LAILA,2010,RAJASTHAN,AJMER,0.0,0.0,0.0,600000000
2010137N10090,LAILA,2010,RAJASTHAN,ALWAR,0.0,0.0,0.0,600000000
2010137N10090,LAILA,2010,RAJASTHAN,ANOOPGARH,0.0,0.0,0.0,600000000
2010137N10090,LAILA,2010,RAJASTHAN,BALOTRA,0.0,0.0,0.0,600000000
2010137N10090,LAILA,2010,RAJASTHAN,BANSWARA,0.0,0.0,0.0,600000000
2010137N10090,LAILA,2010,RAJASTHAN,BARAN,0.0,0.0,0.0,600000000
2010137N10090,LAILA,2010,RAJASTHAN,BARMER,0.0,0.0,0.0,600000000
2010137N10090,LAILA,2010,RAJASTHAN,BEAWAR,0.0,0.0,0.0,600000000
2010137N10090,LAILA,2010,RAJASTHAN,BHARATPUR,0.0,0.0,0.0,600000000
2010137N10090,LAILA,2010,RAJASTHAN,BHILWARA,0.0,0.0,0.0,600000000
2010137N10090,LAILA,2010,RAJASTHAN,BIKANER,0.0,0.0,0.0,600000000
2010137N10090,LAILA,2010,RAJASTHAN,BUNDI,0.0,0.0,0.0,600000000
2010137N10090,LAILA,2010,RAJASTHAN,CHITTAURGARH,0.0,0.0,0.0,600000000
2010137N10090,LAILA,2010,RAJASTHAN,CHURU,0.0,0.0,0.0,600000000
2010137N10090,LAILA,2010,RAJASTHAN,DAUSA,0.0,0.0,0.0,600000000
2010137N10090,LAILA,2010,RAJASTHAN,DEEG,0.0,0.0,0.0,600000000
2010137N10090,LAILA,2010,RAJASTHAN,DHAULPUR,0.0,0.0,0.0,600000000
2010137N10090,LAILA,2010,RAJASTHAN,DIDWANA-KUCHAMAN,0.0,0.0,0.0,600000000
2010137N10090,LAILA,2010,RAJASTHAN,DUDU,0.0,0.0,0.0,600000000
2010137N10090,LAILA,2010,RAJASTHAN,DUNGARPUR,0.0,0.0,0.0,600000000
2010137N10090,LAILA,2010,RAJASTHAN,GANGANAGAR,0.0,0.0,0.0,600000000
2010137N10090,LAILA,2010,RAJASTHAN,GANGAPURCITY,0.0,0.0,0.0,600000000
2010137N10090,LAILA,2010,RAJASTHAN,HANUMANGARH,0.0,0.0,0.0,600000000
2010137N10090,LAILA,2010,RAJASTHAN,JAIPUR,0.0,0.0,0.0,600000000
2010137N10090,LAILA,2010,RAJASTHAN,JAIPUR(GRAMIN),0.0,0.0,0.0,600000000
2010137N10090,LAILA,2010,RAJASTHAN,JAISALMER,0.0,0.0,0.0,600000000
2010137N10090,LAILA,2010,RAJASTHAN,JALOR,0.0,0.0,0.0,600000000
2010137N10090,LAILA,2010,RAJASTHAN,JHALAWAR,0.0,0.0,0.0,600000000
2010137N10090,LAILA,2010,RAJASTHAN,JHUNJHUNUN,0.0,0.0,0.0,600000000
2010137N10090,LAILA,2010,RAJASTHAN,JODHPUR,0.0,0.0,0.0,600000000
2010137N10090,LAILA,2010,RAJASTHAN,JODHPUR GRAMIN,0.0,0.0,0.0,600000000
2010137N10090,LAILA,2010,RAJASTHAN,KARAULI,0.0,0.0,0.0,600000000
2010137N10090,LAILA,2010,RAJASTHAN,KEKRI,0.0,0.0,0.0,600000000
2010137N10090,LAILA,2010,RAJASTHAN,KHAIRTHAL-TIJARA,0.0,0.0,0.0,600000000
2010137N10090,LAILA,2010,RAJASTHAN,KOTA,0.0,0.0,0.0,600000000
2010137N10090,LAILA,2010,RAJASTHAN,KOTPUTLI-BEHROR,0.0,0.0,0.0,600000000
2010137N10090,LAILA,2010,RAJASTHAN,NAGAUR,0.0,0.0,0.0,600000000
2010137N10090,LAILA,2010,RAJASTHAN,NEEM-KA-THANA,0.0,0.0,0.0,600000000
2010137N10090,LAILA,2010,RAJASTHAN,PALI,0.0,0.0,0.0,600000000
2010137N10090,LAILA,2010,RAJASTHAN,PHALODI,0.0,0.0,0.0,600000000
2010137N10090,LAILA,2010,RAJASTHAN,PRATAPGARH,0.0,0.0,0.0,600000000
2010137N10090,LAILA,2010,RAJASTHAN,RAJSAMAND,0.0,0.0,0.0,600000000
2010137N10090,LAILA,2010,RAJASTHAN,SALUMBAR,0.0,0.0,0.0,600000000
2010137N10090,LAILA,2010,RAJASTHAN,SANCHORE,0.0,0.0,0.0,600000000
2010137N10090,LAILA,2010,RAJASTHAN,SAWAI MADHOPUR,0.0,0.0,0.0,600000000
2010137N10090,LAILA,2010,RAJASTHAN,SHAHPURA,0.0,0.0,0.0,600000000
2010137N10090,LAILA,2010,RAJASTHAN,SIKAR,0.0,0.0,0.0,600000000
2010137N10090,LAILA,2010,RAJASTHAN,SIROHI,0.0,0.0,0.0,600000000
2010137N10090,LAILA,2010,RAJASTHAN,TONK,0.0,0.0,0.0,600000000
2010137N10090,LAILA,2010,RAJASTHAN,UDAIPUR,0.0,0.0,0.0,600000000
2010137N10090,LAILA,2010,SIKKIM,GYALSHING,0.0,0.0,0.0,600000000
2010137N10090,LAILA,2010,SIKKIM,PAKYONG,0.0,0.0,0.0,600000000
2010137N10090,LAILA,2010,SIKKIM,NAMCHI,0.0,0.0,0.0,600000000
2010137N10090,LAILA,2010,SIKKIM,MANGAN,0.0,0.0,0.0,600000000
2010137N10090,LAILA,2010,SIKKIM,GANGTOK,0.0,0.0,0.0,600000000
2010137N10090,LAILA,2010,SIKKIM,SORENG,0.0,0.0,0.0,600000000
2010137N10090,LAILA,2010,TAMIL NADU,ARIYALUR,0.0,0.0,0.0,600000000
2010137N10090,LAILA,2010,TAMIL NADU,CHENGALPATTU,0.0,0.0,0.0,600000000
2010137N10090,LAILA,2010,TAMIL NADU,CHENNAI,0.0,0.0,0.0,600000000
2010137N10090,LAILA,2010,TAMIL NADU,COIMBATORE,0.0,0.0,0.0,600000000
2010137N10090,LAILA,2010,TAMIL NADU,CUDDALORE,0.0,0.0,0.0,600000000
2010137N10090,LAILA,2010,TAMIL NADU,DHARMAPURI,0.0,0.0,0.0,600000000
2010137N10090,LAILA,2010,TAMIL NADU,DINDIGUL,0.0,0.0,0.0,600000000
2010137N10090,LAILA,2010,TAMIL NADU,ERODE,0.0,0.0,0.0,600000000
2010137N10090,LAILA,2010,TAMIL NADU,KALLAKKURICHI,0.0,0.0,0.0,600000000
2010137N10090,LAILA,2010,TAMIL NADU,KANCHIPURAM,0.0,0.0,0.0,600000000
2010137N10090,LAILA,2010,TAMIL NADU,KANNIYAKUMARI,0.0,0.0,0.0,600000000
2010137N10090,LAILA,2010,TAMIL NADU,KARUR,0.0,0.0,0.0,600000000
2010137N10090,LAILA,2010,TAMIL NADU,KRISHNAGIRI,0.0,0.0,0.0,600000000
2010137N10090,LAILA,2010,TAMIL NADU,MADURAI,0.0,0.0,0.0,600000000
2010137N10090,LAILA,2010,TAMIL NADU,MAYILADUTHURAI,0.0,0.0,0.0,600000000
2010137N10090,LAILA,2010,TAMIL NADU,NAGAPATTINAM,0.0,0.0,0.0,600000000
2010137N10090,LAILA,2010,TAMIL NADU,NAMAKKAL,0.0,0.0,0.0,600000000
2010137N10090,LAILA,2010,TAMIL NADU,PERAMBALUR,0.0,0.0,0.0,600000000
2010137N10090,LAILA,2010,TAMIL NADU,PUDUKKOTTAI,0.0,0.0,0.0,600000000
2010137N10090,LAILA,2010,TAMIL NADU,RAMANATHAPURAM,0.0,0.0,0.0,600000000
2010137N10090,LAILA,2010,TAMIL NADU,RANIPET,0.0,0.0,0.0,600000000
2010137N10090,LAILA,2010,TAMIL NADU,SALEM,0.0,0.0,0.0,600000000
2010137N10090,LAILA,2010,TAMIL NADU,SIVAGANGA,0.0,0.0,0.0,600000000
2010137N10090,LAILA,2010,TAMIL NADU,TENKASI,0.0,0.0,0.0,600000000
2010137N10090,LAILA,2010,TAMIL NADU,THANJAVUR,0.0,0.0,0.0,600000000
2010137N10090,LAILA,2010,TAMIL NADU,THE NILGIRIS,0.0,0.0,0.0,600000000
2010137N10090,LAILA,2010,TAMIL NADU,THENI,0.0,0.0,0.0,600000000
2010137N10090,LAILA,2010,TAMIL NADU,THIRUVALLUR,0.0,0.0,0.0,600000000
2010137N10090,LAILA,2010,TAMIL NADU,THIRUVARUR,0.0,0.0,0.0,600000000
2010137N10090,LAILA,2010,TAMIL NADU,THOOTHUKUDI,0.0,0.0,0.0,600000000
2010137N10090,LAILA,2010,TAMIL NADU,TIRUCHIRAPPALLI,0.0,0.0,0.0,600000000
2010137N10090,LAILA,2010,TAMIL NADU,TIRUNELVELI,0.0,0.0,0.0,600000000
2010137N10090,LAILA,2010,TAMIL NADU,TIRUPATHUR,0.0,0.0,0.0,600000000
2010137N10090,LAILA,2010,TAMIL NADU,TIRUPPUR,0.0,0.0,0.0,600000000
2010137N10090,LAILA,2010,TAMIL NADU,TIRUVANNAMALAI,0.0,0.0,0.0,600000000
2010137N10090,LAILA,2010,TAMIL NADU,VELLORE,0.0,0.0,0.0,600000000
2010137N10090,LAILA,2010,TAMIL NADU,VILUPPURAM,0.0,0.0,0.0,600000000
2010137N10090,LAILA,2010,TAMIL NADU,VIRUDHUNAGAR,0.0,0.0,0.0,600000000
2010137N10090,LAILA,2010,TELANGANA,ADILABAD,0.0,0.0,0.0,600000000
2010137N10090,LAILA,2010,TELANGANA,BHADRADRI KOTHAGUDEM,0.0,0.0,0.0,600000000
2010137N10090,LAILA,2010,TELANGANA,HANUMAKONDA,0.0,0.0,0.0,600000000
2010137N10090,LAILA,2010,TELANGANA,HYDERABAD,0.0,0.0,0.0,600000000
2010137N10090,LAILA,2010,TELANGANA,JAGTIAL,0.0,0.0,0.0,600000000
2010137N10090,LAILA,2010,TELANGANA,JANGOAN,0.0,0.0,0.0,600000000
2010137N10090,LAILA,2010,TELANGANA,JAYASHANKAR BHUPALPALLI,0.0,0.0,0.0,600000000
2010137N10090,LAILA,2010,TELANGANA,JOGULAMBA GADWAL,0.0,0.0,0.0,600000000
2010137N10090,LAILA,2010,TELANGANA,KAMAREDDY,0.0,0.0,0.0,600000000
2010137N10090,LAILA,2010,TELANGANA,KARIMNAGAR,0.0,0.0,0.0,600000000
2010137N10090,LAILA,2010,TELANGANA,KHAMMAM,0.0,0.0,0.0,600000000
2010137N10090,LAILA,2010,TELANGANA,KOMARRAM BHEEM,0.0,0.0,0.0,600000000
2010137N10090,LAILA,2010,TELANGANA,MAHABUBABAD,0.0,0.0,0.0,600000000
2010137N10090,LAILA,2010,TELANGANA,MAHABUBNAGAR,0.0,0.0,0.0,600000000
2010137N10090,LAILA,2010,TELANGANA,MANCHERIAL,0.0,0.0,0.0,600000000
2010137N10090,LAILA,2010,TELANGANA,MEDAK,0.0,0.0,0.0,600000000
2010137N10090,LAILA,2010,TELANGANA,MEDCHAL_MALKAJGIRI,0.0,0.0,0.0,600000000
2010137N10090,LAILA,2010,TELANGANA,MULUGU,0.0,0.0,0.0,600000000
2010137N10090,LAILA,2010,TELANGANA,NAGARKURNOOL,0.0,0.0,0.0,600000000
2010137N10090,LAILA,2010,TELANGANA,NALGONDA,0.0,0.0,0.0,600000000
2010137N10090,LAILA,2010,TELANGANA,NARAYANPET,0.0,0.0,0.0,600000000
2010137N10090,LAILA,2010,TELANGANA,NIRMAL,0.0,0.0,0.0,600000000
2010137N10090,LAILA,2010,TELANGANA,NIZAMABAD,0.0,0.0,0.0,600000000
2010137N10090,LAILA,2010,TELANGANA,PEDDAPALLI,0.0,0.0,0.0,600000000
2010137N10090,LAILA,2010,TELANGANA,RAJANNA SIRCILLA,0.0,0.0,0.0,600000000
2010137N10090,LAILA,2010,TELANGANA,RANGA REDDY,0.0,0.0,0.0,600000000
2010137N10090,LAILA,2010,TELANGANA,SANGAREDDY,0.0,0.0,0.0,600000000
2010137N10090,LAILA,2010,TELANGANA,SIDDIPET,0.0,0.0,0.0,600000000
2010137N10090,LAILA,2010,TELANGANA,SURIYAPET,0.0,0.0,0.0,600000000
2010137N10090,LAILA,2010,TELANGANA,VIKARABAD,0.0,0.0,0.0,600000000
2010137N10090,LAILA,2010,TELANGANA,WANPARTI,0.0,0.0,0.0,600000000
2010137N10090,LAILA,2010,TELANGANA,WARANGAL,0.0,0.0,0.0,600000000
2010137N10090,LAILA,2010,TELANGANA,YADADRI BHUVANAGIRI,0.0,0.0,0.0,600000000
2010137N10090,LAILA,2010,TRIPURA,SOUTH TRIPURA,0.0,0.0,0.0,600000000
2010137N10090,LAILA,2010,TRIPURA,WEST TRIPURA,0.0,0.0,0.0,600000000
2010137N10090,LAILA,2010,TRIPURA,DHALAI,0.0,0.0,0.0,600000000
2010137N10090,LAILA,2010,TRIPURA,KHOWAI,0.0,0.0,0.0,600000000
2010137N10090,LAILA,2010,TRIPURA,UNAKOTI,0.0,0.0,0.0,600000000
2010137N10090,LAILA,2010,TRIPURA,NORTH TRIPURA,0.0,0.0,0.0,600000000
2010137N10090,LAILA,2010,TRIPURA,SEPAHIJALA,0.0,0.0,0.0,600000000
2010137N10090,LAILA,2010,TRIPURA,GOMTI,0.0,0.0,0.0,600000000
2010137N10090,LAILA,2010,UTTARAKHAND,B>GESHWAR,0.0,0.0,0.0,600000000
2010137N10090,LAILA,2010,UTTARAKHAND,CHAMP>WAT,0.0,0.0,0.0,600000000
2010137N10090,LAILA,2010,UTTARAKHAND,HARIDW>R,0.0,0.0,0.0,600000000
2010137N10090,LAILA,2010,UTTARAKHAND,NAINIT>L,0.0,0.0,0.0,600000000
2010137N10090,LAILA,2010,UTTARAKHAND,PAURI GARHW>L,0.0,0.0,0.0,600000000
2010137N10090,LAILA,2010,UTTARAKHAND,RUDRAPRAY>G,0.0,0.0,0.0,600000000
2010137N10090,LAILA,2010,UTTARAKHAND,TEHRI GARHW>L,0.0,0.0,0.0,600000000
2010137N10090,LAILA,2010,UTTARAKHAND,UDHAM SINGH NAGAR,0.0,0.0,0.0,600000000
2010137N10090,LAILA,2010,UTTARAKHAND,CHAMOLI,0.0,0.0,0.0,600000000
2010137N10090,LAILA,2010,UTTARAKHAND,PITHOR>GARH,0.0,0.0,0.0,600000000
2010137N10090,LAILA,2010,UTTARAKHAND,UTTARK>SHI,0.0,0.0,0.0,600000000
2010137N10090,LAILA,2010,WEST BENGAL,MURSHID>B>D,0.0,0.0,0.0,600000000
2010137N10090,LAILA,2010,WEST BENGAL,SOUTH 24PARGANAS,0.0,0.0,0.0,600000000
2010137N10090,LAILA,2010,WEST BENGAL,PURULIYA,0.0,0.0,0.0,600000000
2010137N10090,LAILA,2010,WEST BENGAL,PASCHIM MEDIN|PUR,0.0,0.0,0.0,600000000
2010137N10090,LAILA,2010,WEST BENGAL,PASCHIM BARDDHAM>N,0.0,0.0,0.0,600000000
2010137N10090,LAILA,2010,WEST BENGAL,NORTH TWENTY-FOUR PARGANAS,0.0,0.0,0.0,600000000
2010137N10090,LAILA,2010,WEST BENGAL,KOCH BIH>R,0.0,0.0,0.0,600000000
2010137N10090,LAILA,2010,WEST BENGAL,JHARGRAM,0.0,0.0,0.0,600000000
2010137N10090,LAILA,2010,WEST BENGAL,JALP>IGURI,0.0,0.0,0.0,600000000
2010137N10090,LAILA,2010,WEST BENGAL,HUGLI,0.0,0.0,0.0,600000000
2010137N10090,LAILA,2010,WEST BENGAL,B>NKURA,0.0,0.0,0.0,600000000
2010137N10090,LAILA,2010,WEST BENGAL,>L|PUR DU>R,0.0,0.0,0.0,600000000
2010137N10090,LAILA,2010,WEST BENGAL,UTTAR DIN>JPUR,0.0,0.0,0.0,600000000
2010137N10090,LAILA,2010,WEST BENGAL,PURBA MEDIN|PUR,0.0,0.0,0.0,600000000
2010137N10090,LAILA,2010,WEST BENGAL,PURBA BARDDHAM>N,0.0,0.0,0.0,600000000
2010137N10090,LAILA,2010,WEST BENGAL,NADIA,0.0,0.0,0.0,600000000
2010137N10090,LAILA,2010,WEST BENGAL,M>LDAH,0.0,0.0,0.0,600000000
2010137N10090,LAILA,2010,WEST BENGAL,K>LIMPONG,0.0,0.0,0.0,600000000
2010137N10090,LAILA,2010,WEST BENGAL,H>ORA,0.0,0.0,0.0,600000000
2010137N10090,LAILA,2010,WEST BENGAL,D>RJILING,0.0,0.0,0.0,600000000
2010137N10090,LAILA,2010,WEST BENGAL,DAKSHIN DIN>JPUR,0.0,0.0,0.0,600000000
2010137N10090,LAILA,2010,WEST BENGAL,B|RBH@M,0.0,0.0,0.0,600000000
2010137N10090,LAILA,2010,WEST BENGAL,P@RBA MEDIN|PUR,0.0,0.0,0.0,600000000
2010137N10090,LAILA,2010,KARNATAKA,UDUPI,0.0,0.0,0.0,600000000
2010137N10090,LAILA,2010,ODISHA,KENDRAPARA,0.0,0.0,0.0,600000000
2010137N10090,LAILA,2010,ODISHA,BHADRAK,0.0,0.0,0.0,600000000
2010137N10090,LAILA,2010,ODISHA,BARGARH,0.0,0.0,0.0,600000000
2010137N10090,LAILA,2010,ODISHA,KEONJHAR (KENDUJHAR),0.0,0.0,0.0,600000000
2010137N10090,LAILA,2010,ODISHA,ANUGUL,0.0,0.0,0.0,600000000
2010137N10090,LAILA,2010,ODISHA,BALANGIR,0.0,0.0,0.0,600000000
2010137N10090,LAILA,2010,ODISHA,BALASORE,0.0,0.0,0.0,600000000
2010137N10090,LAILA,2010,ODISHA,DHENKANAL,0.0,0.0,0.0,600000000
2010137N10090,LAILA,2010,ODISHA,JHARSUGUDA,0.0,0.0,0.0,600000000
2010137N10090,LAILA,2010,ODISHA,MAYURBHANJ,0.0,0.0,0.0,600000000
2010137N10090,LAILA,2010,ODISHA,JAGATSINGHPUR,0.0,0.0,0.0,600000000
2010137N10090,LAILA,2010,ODISHA,KANDHAMAL,0.0,0.0,0.0,600000000
2010137N10090,LAILA,2010,ODISHA,CUTTACK,0.0,0.0,0.0,600000000
2010137N10090,LAILA,2010,ODISHA,KORAPUT,0.0,0.0,0.0,600000000
2010137N10090,LAILA,2010,ODISHA,NABARANGAPUR,0.0,0.0,0.0,600000000
2010137N10090,LAILA,2010,ODISHA,PURI,0.0,0.0,0.0,600000000
2010137N10090,LAILA,2010,ODISHA,SAMBALPUR,0.0,0.0,0.0,600000000
2010137N10090,LAILA,2010,ODISHA,GAJAPATI,0.0,0.0,0.0,600000000
2010137N10090,LAILA,2010,ODISHA,GANJAM,0.0,0.0,0.0,600000000
2010137N10090,LAILA,2010,ODISHA,MALKANGIRI,0.0,0.0,0.0,600000000
2010137N10090,LAILA,2010,ODISHA,KHORDHA,0.0,0.0,0.0,600000000
2010137N10090,LAILA,2010,ODISHA,BOUDH,0.0,0.0,0.0,600000000
2010137N10090,LAILA,2010,ODISHA,DEOGARH,0.0,0.0,0.0,600000000
2010137N10090,LAILA,2010,ODISHA,NUAPARHA,0.0,0.0,0.0,600000000
2010137N10090,LAILA,2010,ODISHA,JAJAPUR,0.0,0.0,0.0,600000000
2010137N10090,LAILA,2010,ODISHA,SUNDARGARH,0.0,0.0,0.0,600000000
2010137N10090,LAILA,2010,ODISHA,KALAHANDI,0.0,0.0,0.0,600000000
2010137N10090,LAILA,2010,ODISHA,SUBARNAPUR,0.0,0.0,0.0,600000000
2010137N10090,LAILA,2010,ODISHA,RAYAGARHA,0.0,0.0,0.0,600000000
2010137N10090,LAILA,2010,ODISHA,NAYAGARH,0.0,0.0,0.0,600000000
2010137N10090,LAILA,2010,CHANDIGARH,CHANDIGARH,0.0,0.0,0.0,600000000
2010137N10090,LAILA,2010,UTTARAKHAND,ALMORA,0.0,0.0,0.0,600000000
2010137N10090,LAILA,2010,UTTARAKHAND,DEHRAD@N,0.0,0.0,0.0,600000000
2010137N10090,LAILA,2010,KARNATAKA,TUMAK#RU,0.0,0.0,0.0,600000000
2010137N10090,LAILA,2010,KARNATAKA,B\DAR,0.0,0.0,0.0,600000000
2010137N10090,LAILA,2010,MADHYA PRADESH,SIDHI,0.0,0.0,0.0,600000000
2010137N10090,LAILA,2010,KARNATAKA,KODAGU,0.0,0.0,0.0,600000000
2010137N10090,LAILA,2010,MADHYA PRADESH,DATIA,0.0,0.0,0.0,600000000
2010137N10090,LAILA,2010,UTTAR PRADESH,AGRA,0.0,0.0,0.0,600000000
2010137N10090,LAILA,2010,UTTAR PRADESH,ALIGARH,0.0,0.0,0.0,600000000
2010137N10090,LAILA,2010,UTTAR PRADESH,AMBEDKAR NAGAR,0.0,0.0,0.0,600000000
2010137N10090,LAILA,2010,UTTAR PRADESH,AMETHI,0.0,0.0,0.0,600000000
2010137N10090,LAILA,2010,UTTAR PRADESH,AMROHA,0.0,0.0,0.0,600000000
2010137N10090,LAILA,2010,UTTAR PRADESH,AURAIYA,0.0,0.0,0.0,600000000
2010137N10090,LAILA,2010,UTTAR PRADESH,AYODHYA,0.0,0.0,0.0,600000000
2010137N10090,LAILA,2010,UTTAR PRADESH,AZAMGARH,0.0,0.0,0.0,600000000
2010137N10090,LAILA,2010,UTTAR PRADESH,BAGHPAT,0.0,0.0,0.0,600000000
2010137N10090,LAILA,2010,UTTAR PRADESH,BAHRAICH,0.0,0.0,0.0,600000000
2010137N10090,LAILA,2010,UTTAR PRADESH,BALLIA,0.0,0.0,0.0,600000000
2010137N10090,LAILA,2010,UTTAR PRADESH,BARA BANKI,0.0,0.0,0.0,600000000
2010137N10090,LAILA,2010,UTTAR PRADESH,BAREILLY,0.0,0.0,0.0,600000000
2010137N10090,LAILA,2010,UTTAR PRADESH,BASTI,0.0,0.0,0.0,600000000
2010137N10090,LAILA,2010,UTTAR PRADESH,BHADOHI,0.0,0.0,0.0,600000000
2010137N10090,LAILA,2010,UTTAR PRADESH,BIJNOR,0.0,0.0,0.0,600000000
2010137N10090,LAILA,2010,UTTAR PRADESH,BUDAUN,0.0,0.0,0.0,600000000
2010137N10090,LAILA,2010,UTTAR PRADESH,BULANDSHAHR,0.0,0.0,0.0,600000000
2010137N10090,LAILA,2010,UTTAR PRADESH,CHANDAULI,0.0,0.0,0.0,600000000
2010137N10090,LAILA,2010,UTTAR PRADESH,CHITRAKOOT,0.0,0.0,0.0,600000000
2010137N10090,LAILA,2010,UTTAR PRADESH,DEORIA,0.0,0.0,0.0,600000000
2010137N10090,LAILA,2010,UTTAR PRADESH,ETAH,0.0,0.0,0.0,600000000
2010137N10090,LAILA,2010,UTTAR PRADESH,ETAWAH,0.0,0.0,0.0,600000000
2010137N10090,LAILA,2010,UTTAR PRADESH,FARRUKHABAD,0.0,0.0,0.0,600000000
2010137N10090,LAILA,2010,UTTAR PRADESH,FATEHPUR,0.0,0.0,0.0,600000000
2010137N10090,LAILA,2010,UTTAR PRADESH,FIROZABAD,0.0,0.0,0.0,600000000
2010137N10090,LAILA,2010,UTTAR PRADESH,GAUTAM BUDDHA NAGAR,0.0,0.0,0.0,600000000
2010137N10090,LAILA,2010,UTTAR PRADESH,GHAZIABAD,0.0,0.0,0.0,600000000
2010137N10090,LAILA,2010,UTTAR PRADESH,GHAZIPUR,0.0,0.0,0.0,600000000
2010137N10090,LAILA,2010,UTTAR PRADESH,GONDA,0.0,0.0,0.0,600000000
2010137N10090,LAILA,2010,UTTAR PRADESH,GORAKHPUR,0.0,0.0,0.0,600000000
2010137N10090,LAILA,2010,UTTAR PRADESH,HAMIRPUR,0.0,0.0,0.0,600000000
2010137N10090,LAILA,2010,UTTAR PRADESH,HAPUR,0.0,0.0,0.0,600000000
2010137N10090,LAILA,2010,UTTAR PRADESH,HARDOI,0.0,0.0,0.0,600000000
2010137N10090,LAILA,2010,UTTAR PRADESH,HATHRAS,0.0,0.0,0.0,600000000
2010137N10090,LAILA,2010,UTTAR PRADESH,JALAUN,0.0,0.0,0.0,600000000
2010137N10090,LAILA,2010,UTTAR PRADESH,JAUNPUR,0.0,0.0,0.0,600000000
2010137N10090,LAILA,2010,UTTAR PRADESH,JHANSI,0.0,0.0,0.0,600000000
2010137N10090,LAILA,2010,UTTAR PRADESH,KANNAUJ,0.0,0.0,0.0,600000000
2010137N10090,LAILA,2010,UTTAR PRADESH,KANPUR DEHAT,0.0,0.0,0.0,600000000
2010137N10090,LAILA,2010,UTTAR PRADESH,KANPUR NAGAR,0.0,0.0,0.0,600000000
2010137N10090,LAILA,2010,UTTAR PRADESH,KASGANJ,0.0,0.0,0.0,600000000
2010137N10090,LAILA,2010,UTTAR PRADESH,KAUSHAMBI,0.0,0.0,0.0,600000000
2010137N10090,LAILA,2010,UTTAR PRADESH,KHERI,0.0,0.0,0.0,600000000
2010137N10090,LAILA,2010,UTTAR PRADESH,KUSHINAGAR,0.0,0.0,0.0,600000000
2010137N10090,LAILA,2010,UTTAR PRADESH,LALITPUR,0.0,0.0,0.0,600000000
2010137N10090,LAILA,2010,UTTAR PRADESH,LUCKNOW,0.0,0.0,0.0,600000000
2010137N10090,LAILA,2010,UTTAR PRADESH,MAHOBA,0.0,0.0,0.0,600000000
2010137N10090,LAILA,2010,UTTAR PRADESH,MAHRAJGANJ,0.0,0.0,0.0,600000000
2010137N10090,LAILA,2010,UTTAR PRADESH,MAINPURI,0.0,0.0,0.0,600000000
2010137N10090,LAILA,2010,UTTAR PRADESH,MATHURA,0.0,0.0,0.0,600000000
2010137N10090,LAILA,2010,UTTAR PRADESH,MAU,0.0,0.0,0.0,600000000
2010137N10090,LAILA,2010,UTTAR PRADESH,MEERUT,0.0,0.0,0.0,600000000
2010137N10090,LAILA,2010,UTTAR PRADESH,MIRZAPUR,0.0,0.0,0.0,600000000
2010137N10090,LAILA,2010,UTTAR PRADESH,MORADABAD,0.0,0.0,0.0,600000000
2010137N10090,LAILA,2010,UTTAR PRADESH,MUZAFFARNAGAR,0.0,0.0,0.0,600000000
2010137N10090,LAILA,2010,UTTAR PRADESH,PILIBHIT,0.0,0.0,0.0,600000000
2010137N10090,LAILA,2010,UTTAR PRADESH,PRAYAGRAJ,0.0,0.0,0.0,600000000
2010137N10090,LAILA,2010,UTTAR PRADESH,RAE BARELI,0.0,0.0,0.0,600000000
2010137N10090,LAILA,2010,UTTAR PRADESH,RAMPUR,0.0,0.0,0.0,600000000
2010137N10090,LAILA,2010,UTTAR PRADESH,SAHARANPUR,0.0,0.0,0.0,600000000
2010137N10090,LAILA,2010,UTTAR PRADESH,SAMBHAL,0.0,0.0,0.0,600000000
2010137N10090,LAILA,2010,UTTAR PRADESH,SANT KABIR NAGAR,0.0,0.0,0.0,600000000
2010137N10090,LAILA,2010,UTTAR PRADESH,SHAHJAHANPUR,0.0,0.0,0.0,600000000
2010137N10090,LAILA,2010,UTTAR PRADESH,SHAMLI,0.0,0.0,0.0,600000000
2010137N10090,LAILA,2010,UTTAR PRADESH,SHRAWASTI,0.0,0.0,0.0,600000000
2010137N10090,LAILA,2010,UTTAR PRADESH,SIDDHARTHNAGAR,0.0,0.0,0.0,600000000
2010137N10090,LAILA,2010,UTTAR PRADESH,SITAPUR,0.0,0.0,0.0,600000000
2010137N10090,LAILA,2010,UTTAR PRADESH,SONBHADRA,0.0,0.0,0.0,600000000
2010137N10090,LAILA,2010,UTTAR PRADESH,SULTANPUR,0.0,0.0,0.0,600000000
2010137N10090,LAILA,2010,UTTAR PRADESH,UNNAO,0.0,0.0,0.0,600000000
2010137N10090,LAILA,2010,UTTAR PRADESH,VARANASI,0.0,0.0,0.0,600000000
2010137N10090,LAILA,2010,UTTAR PRADESH,BANDA,0.0,0.0,0.0,600000000
2010137N10090,LAILA,2010,WEST BENGAL,KOLK>TA,0.0,0.0,0.0,600000000
2010137N10090,LAILA,2010,MIZORAM,KHAWZAWL,0.0,0.0,0.0,600000000
2010137N10090,LAILA,2010,ARUNACHAL PRADESH,LOHIT,0.0,0.0,0.0,600000000
2010137N10090,LAILA,2010,LAKSHADWEEP,LAKSHADWEEP,0.0,0.0,0.0,600000000
2013322N13090,HELEN,2013,ANDHRA PRADESH,ALLURI SITHARAMA RAJU,0.0,0.0,0.0,500000000
2013322N13090,HELEN,2013,ANDHRA PRADESH,ANAKAPALLI,0.0,0.0,0.0,500000000
2013322N13090,HELEN,2013,ANDHRA PRADESH,ANANTHAPURAMU,0.0,0.0,0.0,500000000
2013322N13090,HELEN,2013,ANDHRA PRADESH,ANNAMAYYA,0.0,0.0,0.0,500000000
2013322N13090,HELEN,2013,ANDHRA PRADESH,BAPATLA,213301.8448513959,0.0,0.0,500000000
2013322N13090,HELEN,2013,ANDHRA PRADESH,CHITTOOR,0.0,0.0,0.0,500000000
2013322N13090,HELEN,2013,ANDHRA PRADESH,DR.B.R.AMBEDKAR KONASEEMA,120011966.26105492,0.0,0.0,500000000
2013322N13090,HELEN,2013,ANDHRA PRADESH,EAST GODAVARI,6848514.239899918,0.0,0.0,500000000
2013322N13090,HELEN,2013,ANDHRA PRADESH,ELURU,37293184.07732263,0.0,0.0,500000000
2013322N13090,HELEN,2013,ANDHRA PRADESH,GUNTUR,121450.42999582324,0.0,0.0,500000000
2013322N13090,HELEN,2013,ANDHRA PRADESH,KAKINADA,6260813.377874163,0.0,0.0,500000000
2013322N13090,HELEN,2013,ANDHRA PRADESH,KRISHNA,37042271.78127875,0.0,0.0,500000000
2013322N13090,HELEN,2013,ANDHRA PRADESH,KURNOOL,0.0,0.0,0.0,500000000
2013322N13090,HELEN,2013,ANDHRA PRADESH,NANDYAL,0.0,0.0,0.0,500000000
2013322N13090,HELEN,2013,ANDHRA PRADESH,NTR,479063.6805781653,0.0,0.0,500000000
2013322N13090,HELEN,2013,ANDHRA PRADESH,PALNADU,0.0,0.0,0.0,500000000
2013322N13090,HELEN,2013,ANDHRA PRADESH,PARVATHIPURAM MANYAM,0.0,0.0,0.0,500000000
2013322N13090,HELEN,2013,ANDHRA PRADESH,PRAKASAM,0.0,0.0,0.0,500000000
2013322N13090,HELEN,2013,ANDHRA PRADESH,SRI POTTI SRIRAMULU NELLORE,0.0,0.0,0.0,500000000
2013322N13090,HELEN,2013,ANDHRA PRADESH,SRI SATHYA SAI,0.0,0.0,0.0,500000000
2013322N13090,HELEN,2013,ANDHRA PRADESH,SRIKAKULAM,0.0,0.0,0.0,500000000
2013322N13090,HELEN,2013,ANDHRA PRADESH,TIRUPATI,0.0,0.0,0.0,500000000
2013322N13090,HELEN,2013,ANDHRA PRADESH,VISAKHAPATNAM,0.0,0.0,0.0,500000000
2013322N13090,HELEN,2013,ANDHRA PRADESH,VIZIANAGARAM,0.0,0.0,0.0,500000000
2013322N13090,HELEN,2013,ANDHRA PRADESH,WEST GODAVARI,84821501.10353912,0.0,0.0,500000000
2013322N13090,HELEN,2013,PUDUCHERRY,YANAM,824912.6631482424,0.0,0.0,500000000
2013322N13090,HELEN,2013,ANDHRA PRADESH,YSR KADAPA,0.0,0.0,0.0,500000000
2013322N13090,HELEN,2013,ANDAMAN AND NICOBAR ISLANDS,NICOBARS,0.0,0.0,0.0,500000000
2013322N13090,HELEN,2013,ANDAMAN AND NICOBAR ISLANDS,NORTH AND MIDDLE ANDAMAN,0.0,0.0,0.0,500000000
2013322N13090,HELEN,2013,ANDAMAN AND NICOBAR ISLANDS,SOUTH ANDAMANS,0.0,0.0,0.0,500000000
2013322N13090,HELEN,2013,ARUNACHAL PRADESH,>NJ>W,0.0,0.0,0.0,500000000
2013322N13090,HELEN,2013,ARUNACHAL PRADESH,CH>NGL>NG,0.0,0.0,0.0,500000000
2013322N13090,HELEN,2013,ARUNACHAL PRADESH,DIB>NG VALLEY,0.0,0.0,0.0,500000000
2013322N13090,HELEN,2013,ARUNACHAL PRADESH,EAST KAMENG,0.0,0.0,0.0,500000000
2013322N13090,HELEN,2013,ARUNACHAL PRADESH,EAST SIANG,0.0,0.0,0.0,500000000
2013322N13090,HELEN,2013,ARUNACHAL PRADESH,KURUNG KUMEY,0.0,0.0,0.0,500000000
2013322N13090,HELEN,2013,ARUNACHAL PRADESH,LOWER DIB>NG VALLEY,0.0,0.0,0.0,500000000
2013322N13090,HELEN,2013,ARUNACHAL PRADESH,PAPUMPARE,0.0,0.0,0.0,500000000
2013322N13090,HELEN,2013,ARUNACHAL PRADESH,TAWANG,0.0,0.0,0.0,500000000
2013322N13090,HELEN,2013,ARUNACHAL PRADESH,TIR>P,0.0,0.0,0.0,500000000
2013322N13090,HELEN,2013,ARUNACHAL PRADESH,UPPER SIANG,0.0,0.0,0.0,500000000
2013322N13090,HELEN,2013,ARUNACHAL PRADESH,UPPER SUBANSIRI,0.0,0.0,0.0,500000000
2013322N13090,HELEN,2013,ARUNACHAL PRADESH,WEST KAMENG,0.0,0.0,0.0,500000000
2013322N13090,HELEN,2013,ARUNACHAL PRADESH,SHI YOMI,0.0,0.0,0.0,500000000
2013322N13090,HELEN,2013,ARUNACHAL PRADESH,NAMSAI,0.0,0.0,0.0,500000000
2013322N13090,HELEN,2013,ARUNACHAL PRADESH,WEST SIANG,0.0,0.0,0.0,500000000
2013322N13090,HELEN,2013,ARUNACHAL PRADESH,SIANG,0.0,0.0,0.0,500000000
2013322N13090,HELEN,2013,ARUNACHAL PRADESH,LONGDING,0.0,0.0,0.0,500000000
2013322N13090,HELEN,2013,ARUNACHAL PRADESH,PAKKE KESSANG,0.0,0.0,0.0,500000000
2013322N13090,HELEN,2013,ARUNACHAL PRADESH,LOWER SIANG,0.0,0.0,0.0,500000000
2013322N13090,HELEN,2013,ARUNACHAL PRADESH,LEPA RADA,0.0,0.0,0.0,500000000
2013322N13090,HELEN,2013,ARUNACHAL PRADESH,BICHOM,0.0,0.0,0.0,500000000
2013322N13090,HELEN,2013,ARUNACHAL PRADESH,KRA DAADI,0.0,0.0,0.0,500000000
2013322N13090,HELEN,2013,ARUNACHAL PRADESH,KAMLE,0.0,0.0,0.0,500000000
2013322N13090,HELEN,2013,ARUNACHAL PRADESH,KEYI PANYOR,0.0,0.0,0.0,500000000
2013322N13090,HELEN,2013,ARUNACHAL PRADESH,LOWER SUBANSIRI,0.0,0.0,0.0,500000000
2013322N13090,HELEN,2013,ASSAM,KOKRAJHAR,0.0,0.0,0.0,500000000
2013322N13090,HELEN,2013,ASSAM,CHIRANG,0.0,0.0,0.0,500000000
2013322N13090,HELEN,2013,ASSAM,UDALGURI,0.0,0.0,0.0,500000000
2013322N13090,HELEN,2013,ASSAM,BAKSA,0.0,0.0,0.0,500000000
2013322N13090,HELEN,2013,ASSAM,DHUBRI,0.0,0.0,0.0,500000000
2013322N13090,HELEN,2013,ASSAM,DARANG,0.0,0.0,0.0,500000000
2013322N13090,HELEN,2013,ASSAM,KARBI ANGLONG,0.0,0.0,0.0,500000000
2013322N13090,HELEN,2013,ASSAM,DIMA HASAO,0.0,0.0,0.0,500000000
2013322N13090,HELEN,2013,ASSAM,CACHAR,0.0,0.0,0.0,500000000
2013322N13090,HELEN,2013,ASSAM,KARIMGANJ,0.0,0.0,0.0,500000000
2013322N13090,HELEN,2013,ASSAM,HAILAKANDI,0.0,0.0,0.0,500000000
2013322N13090,HELEN,2013,ASSAM,WEST KARBI ANGLONG,0.0,0.0,0.0,500000000
2013322N13090,HELEN,2013,ASSAM,JORHAT,0.0,0.0,0.0,500000000
2013322N13090,HELEN,2013,ASSAM,GOLAGHAT,0.0,0.0,0.0,500000000
2013322N13090,HELEN,2013,ASSAM,SONITPUR,0.0,0.0,0.0,500000000
2013322N13090,HELEN,2013,ASSAM,DHEMAJI,0.0,0.0,0.0,500000000
2013322N13090,HELEN,2013,ASSAM,CHARAIDEO,0.0,0.0,0.0,500000000
2013322N13090,HELEN,2013,ASSAM,TINSUKIA,0.0,0.0,0.0,500000000
2013322N13090,HELEN,2013,ASSAM,LAKHIMPUR,0.0,0.0,0.0,500000000
2013322N13090,HELEN,2013,ASSAM,MAJULI,0.0,0.0,0.0,500000000
2013322N13090,HELEN,2013,ASSAM,SIBSAGAR,0.0,0.0,0.0,500000000
2013322N13090,HELEN,2013,ASSAM,NAGAON,0.0,0.0,0.0,500000000
2013322N13090,HELEN,2013,ASSAM,MARIGAON,0.0,0.0,0.0,500000000
2013322N13090,HELEN,2013,ASSAM,KAMRUP METRO,0.0,0.0,0.0,500000000
2013322N13090,HELEN,2013,ASSAM,NALBARI,0.0,0.0,0.0,500000000
2013322N13090,HELEN,2013,ASSAM,GOALPARA,0.0,0.0,0.0,500000000
2013322N13090,HELEN,2013,ASSAM,BONGAIGAON,0.0,0.0,0.0,500000000
2013322N13090,HELEN,2013,ASSAM,KAMRUP RURAL,0.0,0.0,0.0,500000000
2013322N13090,HELEN,2013,ASSAM,DIBRUGARH,0.0,0.0,0.0,500000000
2013322N13090,HELEN,2013,ASSAM,HOJAI,0.0,0.0,0.0,500000000
2013322N13090,HELEN,2013,ASSAM,TAMULPUR,0.0,0.0,0.0,500000000
2013322N13090,HELEN,2013,ASSAM,BISWANATH,0.0,0.0,0.0,500000000
2013322N13090,HELEN,2013,ASSAM,BARPETA,0.0,0.0,0.0,500000000
2013322N13090,HELEN,2013,ASSAM,BAJALI,0.0,0.0,0.0,500000000
2013322N13090,HELEN,2013,ASSAM,SOUTH SALMARA MANCACHAR,0.0,0.0,0.0,500000000
2013322N13090,HELEN,2013,BIHAR,ARARIA,0.0,0.0,0.0,500000000
2013322N13090,HELEN,2013,BIHAR,ARWAL,0.0,0.0,0.0,500000000
2013322N13090,HELEN,2013,BIHAR,AURANGABAD,0.0,0.0,0.0,500000000
2013322N13090,HELEN,2013,BIHAR,BANKA,0.0,0.0,0.0,500000000
2013322N13090,HELEN,2013,BIHAR,BEGUSARAI,0.0,0.0,0.0,500000000
2013322N13090,HELEN,2013,BIHAR,BHAGALPUR,0.0,0.0,0.0,500000000
2013322N13090,HELEN,2013,BIHAR,BHOJPUR,0.0,0.0,0.0,500000000
2013322N13090,HELEN,2013,BIHAR,BUXAR,0.0,0.0,0.0,500000000
2013322N13090,HELEN,2013,BIHAR,DARBHANGA,0.0,0.0,0.0,500000000
2013322N13090,HELEN,2013,BIHAR,GAYA,0.0,0.0,0.0,500000000
2013322N13090,HELEN,2013,BIHAR,GOPALGANJ,0.0,0.0,0.0,500000000
2013322N13090,HELEN,2013,BIHAR,JAHANABAD,0.0,0.0,0.0,500000000
2013322N13090,HELEN,2013,BIHAR,JAMUI,0.0,0.0,0.0,500000000
2013322N13090,HELEN,2013,BIHAR,KAIMUR,0.0,0.0,0.0,500000000
2013322N13090,HELEN,2013,BIHAR,KATIHAR,0.0,0.0,0.0,500000000
2013322N13090,HELEN,2013,BIHAR,KHAGARIA,0.0,0.0,0.0,500000000
2013322N13090,HELEN,2013,BIHAR,KISHANGANJ,0.0,0.0,0.0,500000000
2013322N13090,HELEN,2013,BIHAR,LAKHISARAI,0.0,0.0,0.0,500000000
2013322N13090,HELEN,2013,BIHAR,MADHEPURA,0.0,0.0,0.0,500000000
2013322N13090,HELEN,2013,BIHAR,MADHUBANI,0.0,0.0,0.0,500000000
2013322N13090,HELEN,2013,BIHAR,MUNGER,0.0,0.0,0.0,500000000
2013322N13090,HELEN,2013,BIHAR,MUZAFFARPUR,0.0,0.0,0.0,500000000
2013322N13090,HELEN,2013,BIHAR,NALANDA,0.0,0.0,0.0,500000000
2013322N13090,HELEN,2013,BIHAR,NAWADA,0.0,0.0,0.0,500000000
2013322N13090,HELEN,2013,BIHAR,PASHCHIMI CHAMPARAN,0.0,0.0,0.0,500000000
2013322N13090,HELEN,2013,BIHAR,PATNA,0.0,0.0,0.0,500000000
2013322N13090,HELEN,2013,BIHAR,PURBI CHAMPARAN,0.0,0.0,0.0,500000000
2013322N13090,HELEN,2013,BIHAR,PURNIA,0.0,0.0,0.0,500000000
2013322N13090,HELEN,2013,BIHAR,ROHTAS,0.0,0.0,0.0,500000000
2013322N13090,HELEN,2013,BIHAR,SAHARSA,0.0,0.0,0.0,500000000
2013322N13090,HELEN,2013,BIHAR,SAMASTIPUR,0.0,0.0,0.0,500000000
2013322N13090,HELEN,2013,BIHAR,SARAN,0.0,0.0,0.0,500000000
2013322N13090,HELEN,2013,BIHAR,SHEIKHPURA,0.0,0.0,0.0,500000000
2013322N13090,HELEN,2013,BIHAR,SHEOHAR,0.0,0.0,0.0,500000000
2013322N13090,HELEN,2013,BIHAR,SITAMARHI,0.0,0.0,0.0,500000000
2013322N13090,HELEN,2013,BIHAR,SIWAN,0.0,0.0,0.0,500000000
2013322N13090,HELEN,2013,BIHAR,SUPAUL,0.0,0.0,0.0,500000000
2013322N13090,HELEN,2013,BIHAR,VAISHALI,0.0,0.0,0.0,500000000
2013322N13090,HELEN,2013,CHHATTISGARH,KAWARDHA (KABIRDHAM),0.0,0.0,0.0,500000000
2013322N13090,HELEN,2013,CHHATTISGARH,GAURELA-PENDRA-MARWAHI,0.0,0.0,0.0,500000000
2013322N13090,HELEN,2013,CHHATTISGARH,SURAJPUR,0.0,0.0,0.0,500000000
2013322N13090,HELEN,2013,CHHATTISGARH,BALRAMPUR,0.0,0.0,0.0,500000000
2013322N13090,HELEN,2013,CHHATTISGARH,MUNGELI,0.0,0.0,0.0,500000000
2013322N13090,HELEN,2013,CHHATTISGARH,DAKSHIN BASTAR DANTEWARA,0.0,0.0,0.0,500000000
2013322N13090,HELEN,2013,CHHATTISGARH,BIJAPUR,0.0,0.0,0.0,500000000
2013322N13090,HELEN,2013,CHHATTISGARH,BASTAR,0.0,0.0,0.0,500000000
2013322N13090,HELEN,2013,CHHATTISGARH,SUKMA,0.0,0.0,0.0,500000000
2013322N13090,HELEN,2013,CHHATTISGARH,KONDAGAON,0.0,0.0,0.0,500000000
2013322N13090,HELEN,2013,CHHATTISGARH,NARAYANPUR,0.0,0.0,0.0,500000000
2013322N13090,HELEN,2013,CHHATTISGARH,UTTAR BASTAR KANKER,0.0,0.0,0.0,500000000
2013322N13090,HELEN,2013,CHHATTISGARH,GARIYABAND,0.0,0.0,0.0,500000000
2013322N13090,HELEN,2013,CHHATTISGARH,DHAMTARI,0.0,0.0,0.0,500000000
2013322N13090,HELEN,2013,CHHATTISGARH,BALOD,0.0,0.0,0.0,500000000
2013322N13090,HELEN,2013,CHHATTISGARH,MAHASAMUND,0.0,0.0,0.0,500000000
2013322N13090,HELEN,2013,CHHATTISGARH,DURG,0.0,0.0,0.0,500000000
2013322N13090,HELEN,2013,CHHATTISGARH,RAIPUR,0.0,0.0,0.0,500000000
2013322N13090,HELEN,2013,CHHATTISGARH,BEMETARA,0.0,0.0,0.0,500000000
2013322N13090,HELEN,2013,CHHATTISGARH,BILASPUR,0.0,0.0,0.0,500000000
2013322N13090,HELEN,2013,CHHATTISGARH,KORBA,0.0,0.0,0.0,500000000
2013322N13090,HELEN,2013,CHHATTISGARH,JASHPUR,0.0,0.0,0.0,500000000
2013322N13090,HELEN,2013,CHHATTISGARH,SURGUJA,0.0,0.0,0.0,500000000
2013322N13090,HELEN,2013,CHHATTISGARH,KHAIRGARH-CHHUIKHADAN-GANDAI,0.0,0.0,0.0,500000000
2013322N13090,HELEN,2013,CHHATTISGARH,RAJNANDGAON,0.0,0.0,0.0,500000000
2013322N13090,HELEN,2013,CHHATTISGARH,MOHLA-MANPUR-AMBAGARH CHOWKI,0.0,0.0,0.0,500000000
2013322N13090,HELEN,2013,CHHATTISGARH,JANJGIR - CHAMPA,0.0,0.0,0.0,500000000
2013322N13090,HELEN,2013,CHHATTISGARH,SAKTI,0.0,0.0,0.0,500000000
2013322N13090,HELEN,2013,CHHATTISGARH,RAIGARH,0.0,0.0,0.0,500000000
2013322N13090,HELEN,2013,CHHATTISGARH,KOREA,0.0,0.0,0.0,500000000
2013322N13090,HELEN,2013,CHHATTISGARH,MANENDRAGARH-CHIRMIRI-BHARATPUR,0.0,0.0,0.0,500000000
2013322N13090,HELEN,2013,CHHATTISGARH,SARANGARH-BILAIGARH,0.0,0.0,0.0,500000000
2013322N13090,HELEN,2013,CHHATTISGARH,BALODA BAZAR,0.0,0.0,0.0,500000000
2013322N13090,HELEN,2013,DELHI,NAZUL,0.0,0.0,0.0,500000000
2013322N13090,HELEN,2013,DELHI,SOUTH WEST,0.0,0.0,0.0,500000000
2013322N13090,HELEN,2013,DELHI,WEST,0.0,0.0,0.0,500000000
2013322N13090,HELEN,2013,DELHI,CENTRAL,0.0,0.0,0.0,500000000
2013322N13090,HELEN,2013,DELHI,EAST,0.0,0.0,0.0,500000000
2013322N13090,HELEN,2013,DELHI,NEW DELHI,0.0,0.0,0.0,500000000
2013322N13090,HELEN,2013,DELHI,NORTH,0.0,0.0,0.0,500000000
2013322N13090,HELEN,2013,DELHI,SHAHADARA,0.0,0.0,0.0,500000000
2013322N13090,HELEN,2013,DELHI,NORTH EAST,0.0,0.0,0.0,500000000
2013322N13090,HELEN,2013,DELHI,SOUTH EAST,0.0,0.0,0.0,500000000
2013322N13090,HELEN,2013,DELHI,SOUTH,0.0,0.0,0.0,500000000
2013322N13090,HELEN,2013,DELHI,NORTH WEST,0.0,0.0,0.0,500000000
2013322N13090,HELEN,2013,GOA,NORTH GOA,0.0,0.0,0.0,500000000
2013322N13090,HELEN,2013,GOA,SOUTH GOA,0.0,0.0,0.0,500000000
2013322N13090,HELEN,2013,DADRA & NAGAR HAVELI & DAMAN & DIU,DADRA AND NAGAR HAVELI,0.0,0.0,0.0,500000000
2013322N13090,HELEN,2013,DADRA & NAGAR HAVELI & DAMAN & DIU,DAMAN,0.0,0.0,0.0,500000000
2013322N13090,HELEN,2013,DADRA & NAGAR HAVELI & DAMAN & DIU,DIU,0.0,0.0,0.0,500000000
2013322N13090,HELEN,2013,GUJARAT,AHMADABAD,0.0,0.0,0.0,500000000
2013322N13090,HELEN,2013,GUJARAT,AMRELI,0.0,0.0,0.0,500000000
2013322N13090,HELEN,2013,GUJARAT,ANAND,0.0,0.0,0.0,500000000
2013322N13090,HELEN,2013,GUJARAT,ARVALLI,0.0,0.0,0.0,500000000
2013322N13090,HELEN,2013,GUJARAT,BANAS KANTHA,0.0,0.0,0.0,500000000
2013322N13090,HELEN,2013,GUJARAT,BHARUCH,0.0,0.0,0.0,500000000
2013322N13090,HELEN,2013,GUJARAT,BHAVNAGAR,0.0,0.0,0.0,500000000
2013322N13090,HELEN,2013,GUJARAT,BOTAD,0.0,0.0,0.0,500000000
2013322N13090,HELEN,2013,GUJARAT,CHHOTAUDEPUR,0.0,0.0,0.0,500000000
2013322N13090,HELEN,2013,GUJARAT,DAHOD,0.0,0.0,0.0,500000000
2013322N13090,HELEN,2013,GUJARAT,DANGS,0.0,0.0,0.0,500000000
2013322N13090,HELEN,2013,GUJARAT,DEVBHUMI DWARKA,0.0,0.0,0.0,500000000
2013322N13090,HELEN,2013,GUJARAT,GANDHINAGAR,0.0,0.0,0.0,500000000
2013322N13090,HELEN,2013,GUJARAT,GIR SOMNATH,0.0,0.0,0.0,500000000
2013322N13090,HELEN,2013,GUJARAT and DNH & DD ISLANDS,ISLAND,0.0,0.0,0.0,500000000
2013322N13090,HELEN,2013,GUJARAT,JAMNAGAR,0.0,0.0,0.0,500000000
2013322N13090,HELEN,2013,GUJARAT,JUNAGADH,0.0,0.0,0.0,500000000
2013322N13090,HELEN,2013,GUJARAT,KACHCHH,0.0,0.0,0.0,500000000
2013322N13090,HELEN,2013,GUJARAT,KHEDA,0.0,0.0,0.0,500000000
2013322N13090,HELEN,2013,GUJARAT,MAHESANA,0.0,0.0,0.0,500000000
2013322N13090,HELEN,2013,GUJARAT,MAHISAGAR,0.0,0.0,0.0,500000000
2013322N13090,HELEN,2013,GUJARAT,MORBI,0.0,0.0,0.0,500000000
2013322N13090,HELEN,2013,GUJARAT,NARMADA,0.0,0.0,0.0,500000000
2013322N13090,HELEN,2013,GUJARAT,NAVSARI,0.0,0.0,0.0,500000000
2013322N13090,HELEN,2013,GUJARAT,PANCH MAHALS,0.0,0.0,0.0,500000000
2013322N13090,HELEN,2013,GUJARAT,PATAN,0.0,0.0,0.0,500000000
2013322N13090,HELEN,2013,GUJARAT,PORBANDAR,0.0,0.0,0.0,500000000
2013322N13090,HELEN,2013,GUJARAT,RAJKOT,0.0,0.0,0.0,500000000
2013322N13090,HELEN,2013,GUJARAT,SABAR KANTHA,0.0,0.0,0.0,500000000
2013322N13090,HELEN,2013,GUJARAT,SURAT,0.0,0.0,0.0,500000000
2013322N13090,HELEN,2013,GUJARAT,SURENDRANAGAR,0.0,0.0,0.0,500000000
2013322N13090,HELEN,2013,GUJARAT,TAPI,0.0,0.0,0.0,500000000
2013322N13090,HELEN,2013,GUJARAT,VADODARA,0.0,0.0,0.0,500000000
2013322N13090,HELEN,2013,GUJARAT,VALSAD,0.0,0.0,0.0,500000000
2013322N13090,HELEN,2013,HARYANA,AMBALA,0.0,0.0,0.0,500000000
2013322N13090,HELEN,2013,HARYANA,BHIWANI,0.0,0.0,0.0,500000000
2013322N13090,HELEN,2013,HARYANA,CHARKI DADRI,0.0,0.0,0.0,500000000
2013322N13090,HELEN,2013,HARYANA,FARIDABAD,0.0,0.0,0.0,500000000
2013322N13090,HELEN,2013,HARYANA,FATEHABAD,0.0,0.0,0.0,500000000
2013322N13090,HELEN,2013,HARYANA,GURUGRAM,0.0,0.0,0.0,500000000
2013322N13090,HELEN,2013,HARYANA,HISAR,0.0,0.0,0.0,500000000
2013322N13090,HELEN,2013,HARYANA,JHAJJAR,0.0,0.0,0.0,500000000
2013322N13090,HELEN,2013,HARYANA,JIND,0.0,0.0,0.0,500000000
2013322N13090,HELEN,2013,HARYANA,KAITHAL,0.0,0.0,0.0,500000000
2013322N13090,HELEN,2013,HARYANA,KARNAL,0.0,0.0,0.0,500000000
2013322N13090,HELEN,2013,HARYANA,KURUKSHETRA,0.0,0.0,0.0,500000000
2013322N13090,HELEN,2013,HARYANA,MAHENDRAGARH,0.0,0.0,0.0,500000000
2013322N13090,HELEN,2013,HARYANA,NUH,0.0,0.0,0.0,500000000
2013322N13090,HELEN,2013,HARYANA,PALWAL,0.0,0.0,0.0,500000000
2013322N13090,HELEN,2013,HARYANA,PANCHKULA,0.0,0.0,0.0,500000000
2013322N13090,HELEN,2013,HARYANA,PANIPAT,0.0,0.0,0.0,500000000
2013322N13090,HELEN,2013,HARYANA,REWARI,0.0,0.0,0.0,500000000
2013322N13090,HELEN,2013,HARYANA,ROHTAK,0.0,0.0,0.0,500000000
2013322N13090,HELEN,2013,HARYANA,SIRSA,0.0,0.0,0.0,500000000
2013322N13090,HELEN,2013,HARYANA,SONIPAT,0.0,0.0,0.0,500000000
2013322N13090,HELEN,2013,HARYANA,YAMUNANAGAR,0.0,0.0,0.0,500000000
2013322N13090,HELEN,2013,HIMACHAL PRADESH,BIL>SPUR,0.0,0.0,0.0,500000000
2013322N13090,HELEN,2013,HIMACHAL PRADESH,SHIMLA,0.0,0.0,0.0,500000000
2013322N13090,HELEN,2013,HIMACHAL PRADESH,KINNAUR,0.0,0.0,0.0,500000000
2013322N13090,HELEN,2013,HIMACHAL PRADESH,SOLAN,0.0,0.0,0.0,500000000
2013322N13090,HELEN,2013,HIMACHAL PRADESH,SIRMAUR,0.0,0.0,0.0,500000000
2013322N13090,HELEN,2013,HIMACHAL PRADESH,KULLU,0.0,0.0,0.0,500000000
2013322N13090,HELEN,2013,HIMACHAL PRADESH,CHAMBA,0.0,0.0,0.0,500000000
2013322N13090,HELEN,2013,HIMACHAL PRADESH,MANDI,0.0,0.0,0.0,500000000
2013322N13090,HELEN,2013,HIMACHAL PRADESH,K>NGRA,0.0,0.0,0.0,500000000
2013322N13090,HELEN,2013,HIMACHAL PRADESH,HAM|RPUR,0.0,0.0,0.0,500000000
2013322N13090,HELEN,2013,HIMACHAL PRADESH,UNA,0.0,0.0,0.0,500000000
2013322N13090,HELEN,2013,HIMACHAL PRADESH,LAHUL & SPITI,0.0,0.0,0.0,500000000
2013322N13090,HELEN,2013,JAMMU AND KASHMIR,MIRPUR,0.0,0.0,0.0,500000000
2013322N13090,HELEN,2013,JAMMU AND KASHMIR,MUZAFFARABAD,0.0,0.0,0.0,500000000
2013322N13090,HELEN,2013,JAMMU AND KASHMIR,PUNCH,0.0,0.0,0.0,500000000
2013322N13090,HELEN,2013,JAMMU AND KASHMIR,ANANTNAG,0.0,0.0,0.0,500000000
2013322N13090,HELEN,2013,JAMMU AND KASHMIR,BARAMULA,0.0,0.0,0.0,500000000
2013322N13090,HELEN,2013,JAMMU AND KASHMIR,KATHUA,0.0,0.0,0.0,500000000
2013322N13090,HELEN,2013,JAMMU AND KASHMIR,UDHAMPUR,0.0,0.0,0.0,500000000
2013322N13090,HELEN,2013,JAMMU AND KASHMIR,BADGAM,0.0,0.0,0.0,500000000
2013322N13090,HELEN,2013,JAMMU AND KASHMIR,BANDIPURA,0.0,0.0,0.0,500000000
2013322N13090,HELEN,2013,JAMMU AND KASHMIR,GANDERBAL,0.0,0.0,0.0,500000000
2013322N13090,HELEN,2013,JAMMU AND KASHMIR,KULGAM,0.0,0.0,0.0,500000000
2013322N13090,HELEN,2013,JAMMU AND KASHMIR,KUPWARA,0.0,0.0,0.0,500000000
2013322N13090,HELEN,2013,JAMMU AND KASHMIR,PULWAMA,0.0,0.0,0.0,500000000
2013322N13090,HELEN,2013,JAMMU AND KASHMIR,RAJAURI,0.0,0.0,0.0,500000000
2013322N13090,HELEN,2013,JAMMU AND KASHMIR,RAMBAN,0.0,0.0,0.0,500000000
2013322N13090,HELEN,2013,JAMMU AND KASHMIR,RIASI,0.0,0.0,0.0,500000000
2013322N13090,HELEN,2013,JAMMU AND KASHMIR,SHUPIYAN,0.0,0.0,0.0,500000000
2013322N13090,HELEN,2013,JAMMU AND KASHMIR,SRINAGAR,0.0,0.0,0.0,500000000
2013322N13090,HELEN,2013,JAMMU AND KASHMIR,KISHTWAR,0.0,0.0,0.0,500000000
2013322N13090,HELEN,2013,JAMMU AND KASHMIR,DODA,0.0,0.0,0.0,500000000
2013322N13090,HELEN,2013,JAMMU AND KASHMIR,SAMBA,0.0,0.0,0.0,500000000
2013322N13090,HELEN,2013,JAMMU AND KASHMIR,JAMMU,0.0,0.0,0.0,500000000
2013322N13090,HELEN,2013,,NONE,0.0,0.0,0.0,500000000
2013322N13090,HELEN,2013,JHARKHAND,GARHWA,0.0,0.0,0.0,500000000
2013322N13090,HELEN,2013,JHARKHAND,CHATRA,0.0,0.0,0.0,500000000
2013322N13090,HELEN,2013,JHARKHAND,KODERMA,0.0,0.0,0.0,500000000
2013322N13090,HELEN,2013,JHARKHAND,GIRIDIH,0.0,0.0,0.0,500000000
2013322N13090,HELEN,2013,JHARKHAND,DEOGHAR,0.0,0.0,0.0,500000000
2013322N13090,HELEN,2013,JHARKHAND,GODDA,0.0,0.0,0.0,500000000
2013322N13090,HELEN,2013,JHARKHAND,SAHIBGANJ,0.0,0.0,0.0,500000000
2013322N13090,HELEN,2013,JHARKHAND,PAKUR,0.0,0.0,0.0,500000000
2013322N13090,HELEN,2013,JHARKHAND,DHANBAD,0.0,0.0,0.0,500000000
2013322N13090,HELEN,2013,JHARKHAND,BOKARO,0.0,0.0,0.0,500000000
2013322N13090,HELEN,2013,JHARKHAND,LOHARDAGA,0.0,0.0,0.0,500000000
2013322N13090,HELEN,2013,JHARKHAND,EAST SINGHBHUM,0.0,0.0,0.0,500000000
2013322N13090,HELEN,2013,JHARKHAND,PALAMU,0.0,0.0,0.0,500000000
2013322N13090,HELEN,2013,JHARKHAND,LATEHAR,0.0,0.0,0.0,500000000
2013322N13090,HELEN,2013,JHARKHAND,HAZARIBAGH,0.0,0.0,0.0,500000000
2013322N13090,HELEN,2013,JHARKHAND,RAMGARH,0.0,0.0,0.0,500000000
2013322N13090,HELEN,2013,JHARKHAND,DUMKA,0.0,0.0,0.0,500000000
2013322N13090,HELEN,2013,JHARKHAND,JAMTARA,0.0,0.0,0.0,500000000
2013322N13090,HELEN,2013,JHARKHAND,RANCHI,0.0,0.0,0.0,500000000
2013322N13090,HELEN,2013,JHARKHAND,KHUNTI,0.0,0.0,0.0,500000000
2013322N13090,HELEN,2013,JHARKHAND,GUMLA,0.0,0.0,0.0,500000000
2013322N13090,HELEN,2013,JHARKHAND,SIMDEGA,0.0,0.0,0.0,500000000
2013322N13090,HELEN,2013,JHARKHAND,WEST SINGHBHUM,0.0,0.0,0.0,500000000
2013322N13090,HELEN,2013,JHARKHAND,SARAIKELA-KHARSAWAN,0.0,0.0,0.0,500000000
2013322N13090,HELEN,2013,KARNATAKA,B,0.0,0.0,0.0,500000000
2013322N13090,HELEN,2013,KARNATAKA,BENGAL#RU (RURAL),0.0,0.0,0.0,500000000
2013322N13090,HELEN,2013,KARNATAKA,BELAG,0.0,0.0,0.0,500000000
2013322N13090,HELEN,2013,KARNATAKA,CHIKKAMAGAL#RU,0.0,0.0,0.0,500000000
2013322N13090,HELEN,2013,KARNATAKA,BALL,0.0,0.0,0.0,500000000
2013322N13090,HELEN,2013,KARNATAKA,CH,0.0,0.0,0.0,500000000
2013322N13090,HELEN,2013,KARNATAKA,CHITRADURGA,0.0,0.0,0.0,500000000
2013322N13090,HELEN,2013,KARNATAKA,KOPPAL,0.0,0.0,0.0,500000000
2013322N13090,HELEN,2013,KARNATAKA,VIJAYANAGARA,0.0,0.0,0.0,500000000
2013322N13090,HELEN,2013,KARNATAKA,RAICH#R,0.0,0.0,0.0,500000000
2013322N13090,HELEN,2013,KARNATAKA,CHIKKABALL,0.0,0.0,0.0,500000000
2013322N13090,HELEN,2013,KARNATAKA,D,0.0,0.0,0.0,500000000
2013322N13090,HELEN,2013,KARNATAKA,DH,0.0,0.0,0.0,500000000
2013322N13090,HELEN,2013,KARNATAKA,GADAG,0.0,0.0,0.0,500000000
2013322N13090,HELEN,2013,KARNATAKA,H,0.0,0.0,0.0,500000000
2013322N13090,HELEN,2013,KARNATAKA,KALABURAGI,0.0,0.0,0.0,500000000
2013322N13090,HELEN,2013,KARNATAKA,BENGAL#RU (URBAN),0.0,0.0,0.0,500000000
2013322N13090,HELEN,2013,KARNATAKA,KOL,0.0,0.0,0.0,500000000
2013322N13090,HELEN,2013,KARNATAKA,MANDYA,0.0,0.0,0.0,500000000
2013322N13090,HELEN,2013,KARNATAKA,MYS#RU,0.0,0.0,0.0,500000000
2013322N13090,HELEN,2013,KARNATAKA,SHIVAMOGGA,0.0,0.0,0.0,500000000
2013322N13090,HELEN,2013,KARNATAKA,DAKSHINA KANNADA,0.0,0.0,0.0,500000000
2013322N13090,HELEN,2013,KARNATAKA,UTTARA KANNADA,0.0,0.0,0.0,500000000
2013322N13090,HELEN,2013,KARNATAKA,VIJAYAPURA,0.0,0.0,0.0,500000000
2013322N13090,HELEN,2013,KARNATAKA,Y,0.0,0.0,0.0,500000000
2013322N13090,HELEN,2013,KARNATAKA,R,0.0,0.0,0.0,500000000
2013322N13090,HELEN,2013,KERALA,PALAKKAD,0.0,0.0,0.0,500000000
2013322N13090,HELEN,2013,KERALA,ALAPPUZHA,0.0,0.0,0.0,500000000
2013322N13090,HELEN,2013,KERALA,KOTTAYAM,0.0,0.0,0.0,500000000
2013322N13090,HELEN,2013,KERALA,KOLLAM,0.0,0.0,0.0,500000000
2013322N13090,HELEN,2013,KERALA,KOZHIKODE,0.0,0.0,0.0,500000000
2013322N13090,HELEN,2013,KERALA,KASARAGOD,0.0,0.0,0.0,500000000
2013322N13090,HELEN,2013,KERALA,MALAPPURAM,0.0,0.0,0.0,500000000
2013322N13090,HELEN,2013,KERALA,WAYANAD,0.0,0.0,0.0,500000000
2013322N13090,HELEN,2013,KERALA,PATHANAMTHITTA,0.0,0.0,0.0,500000000
2013322N13090,HELEN,2013,KERALA,IDUKKI,0.0,0.0,0.0,500000000
2013322N13090,HELEN,2013,KERALA,THRISSUR,0.0,0.0,0.0,500000000
2013322N13090,HELEN,2013,KERALA,ERNAKULAM,0.0,0.0,0.0,500000000
2013322N13090,HELEN,2013,KERALA,THIRUVANANTHAPURAM,0.0,0.0,0.0,500000000
2013322N13090,HELEN,2013,KERALA,KANNUR,0.0,0.0,0.0,500000000
2013322N13090,HELEN,2013,LADAKH,LEH,0.0,0.0,0.0,500000000
2013322N13090,HELEN,2013,LADAKH,KARGIL,0.0,0.0,0.0,500000000
2013322N13090,HELEN,2013,MADHYA PRADESH,AGAR MALWA,0.0,0.0,0.0,500000000
2013322N13090,HELEN,2013,MADHYA PRADESH,ALIRAJPUR,0.0,0.0,0.0,500000000
2013322N13090,HELEN,2013,MADHYA PRADESH,ANUPPUR,0.0,0.0,0.0,500000000
2013322N13090,HELEN,2013,MADHYA PRADESH,ASHOKNAGAR,0.0,0.0,0.0,500000000
2013322N13090,HELEN,2013,MADHYA PRADESH,BALAGHAT,0.0,0.0,0.0,500000000
2013322N13090,HELEN,2013,MADHYA PRADESH,BARWANI,0.0,0.0,0.0,500000000
2013322N13090,HELEN,2013,MADHYA PRADESH,BETUL,0.0,0.0,0.0,500000000
2013322N13090,HELEN,2013,MADHYA PRADESH,BHIND,0.0,0.0,0.0,500000000
2013322N13090,HELEN,2013,MADHYA PRADESH,BHOPAL,0.0,0.0,0.0,500000000
2013322N13090,HELEN,2013,MADHYA PRADESH,BURHANPUR,0.0,0.0,0.0,500000000
2013322N13090,HELEN,2013,MADHYA PRADESH,CHHATARPUR,0.0,0.0,0.0,500000000
2013322N13090,HELEN,2013,MADHYA PRADESH,CHHINDWARA,0.0,0.0,0.0,500000000
2013322N13090,HELEN,2013,MADHYA PRADESH,DAMOH,0.0,0.0,0.0,500000000
2013322N13090,HELEN,2013,MADHYA PRADESH,DEWAS,0.0,0.0,0.0,500000000
2013322N13090,HELEN,2013,MADHYA PRADESH,DHAR,0.0,0.0,0.0,500000000
2013322N13090,HELEN,2013,MADHYA PRADESH,DINDORI,0.0,0.0,0.0,500000000
2013322N13090,HELEN,2013,MADHYA PRADESH,GUNA,0.0,0.0,0.0,500000000
2013322N13090,HELEN,2013,MADHYA PRADESH,GWALIOR,0.0,0.0,0.0,500000000
2013322N13090,HELEN,2013,MADHYA PRADESH,HARDA,0.0,0.0,0.0,500000000
2013322N13090,HELEN,2013,MADHYA PRADESH,INDORE,0.0,0.0,0.0,500000000
2013322N13090,HELEN,2013,MADHYA PRADESH,JABALPUR,0.0,0.0,0.0,500000000
2013322N13090,HELEN,2013,MADHYA PRADESH,JHABUA,0.0,0.0,0.0,500000000
2013322N13090,HELEN,2013,MADHYA PRADESH,KATNI,0.0,0.0,0.0,500000000
2013322N13090,HELEN,2013,MADHYA PRADESH,KHANDWA,0.0,0.0,0.0,500000000
2013322N13090,HELEN,2013,MADHYA PRADESH,KHARGONE,0.0,0.0,0.0,500000000
2013322N13090,HELEN,2013,MADHYA PRADESH,MAIHAR,0.0,0.0,0.0,500000000
2013322N13090,HELEN,2013,MADHYA PRADESH,MANDLA,0.0,0.0,0.0,500000000
2013322N13090,HELEN,2013,MADHYA PRADESH,MANDSAUR,0.0,0.0,0.0,500000000
2013322N13090,HELEN,2013,MADHYA PRADESH,MAUGANJ,0.0,0.0,0.0,500000000
2013322N13090,HELEN,2013,MADHYA PRADESH,MORENA,0.0,0.0,0.0,500000000
2013322N13090,HELEN,2013,MADHYA PRADESH,NARMADAPURAM,0.0,0.0,0.0,500000000
2013322N13090,HELEN,2013,MADHYA PRADESH,NARSINGHPUR,0.0,0.0,0.0,500000000
2013322N13090,HELEN,2013,MADHYA PRADESH,NEEMUCH,0.0,0.0,0.0,500000000
2013322N13090,HELEN,2013,MADHYA PRADESH,NIWARI,0.0,0.0,0.0,500000000
2013322N13090,HELEN,2013,MADHYA PRADESH,PANDHURNA,0.0,0.0,0.0,500000000
2013322N13090,HELEN,2013,MADHYA PRADESH,PANNA,0.0,0.0,0.0,500000000
2013322N13090,HELEN,2013,MADHYA PRADESH,RAISEN,0.0,0.0,0.0,500000000
2013322N13090,HELEN,2013,MADHYA PRADESH,RAJGARH,0.0,0.0,0.0,500000000
2013322N13090,HELEN,2013,MADHYA PRADESH,RATLAM,0.0,0.0,0.0,500000000
2013322N13090,HELEN,2013,MADHYA PRADESH,REWA,0.0,0.0,0.0,500000000
2013322N13090,HELEN,2013,MADHYA PRADESH,SAGAR,0.0,0.0,0.0,500000000
2013322N13090,HELEN,2013,MADHYA PRADESH,SATNA,0.0,0.0,0.0,500000000
2013322N13090,HELEN,2013,MADHYA PRADESH,SEHORE,0.0,0.0,0.0,500000000
2013322N13090,HELEN,2013,MADHYA PRADESH,SEONI,0.0,0.0,0.0,500000000
2013322N13090,HELEN,2013,MADHYA PRADESH,SHAHDOL,0.0,0.0,0.0,500000000
2013322N13090,HELEN,2013,MADHYA PRADESH,SHAJAPUR,0.0,0.0,0.0,500000000
2013322N13090,HELEN,2013,MADHYA PRADESH,SHEOPUR,0.0,0.0,0.0,500000000
2013322N13090,HELEN,2013,MADHYA PRADESH,SHIVPURI,0.0,0.0,0.0,500000000
2013322N13090,HELEN,2013,MADHYA PRADESH,SINGRAULI,0.0,0.0,0.0,500000000
2013322N13090,HELEN,2013,MADHYA PRADESH,TIKAMGARH,0.0,0.0,0.0,500000000
2013322N13090,HELEN,2013,MADHYA PRADESH,UJJAIN,0.0,0.0,0.0,500000000
2013322N13090,HELEN,2013,MADHYA PRADESH,UMARIA,0.0,0.0,0.0,500000000
2013322N13090,HELEN,2013,MADHYA PRADESH,VIDISHA,0.0,0.0,0.0,500000000
2013322N13090,HELEN,2013,MAHARASHTRA,AHMEDNAGAR,0.0,0.0,0.0,500000000
2013322N13090,HELEN,2013,MAHARASHTRA,BEED,0.0,0.0,0.0,500000000
2013322N13090,HELEN,2013,MAHARASHTRA,BHANDARA,0.0,0.0,0.0,500000000
2013322N13090,HELEN,2013,MAHARASHTRA,CHANDRAPUR,0.0,0.0,0.0,500000000
2013322N13090,HELEN,2013,MAHARASHTRA,DHULE,0.0,0.0,0.0,500000000
2013322N13090,HELEN,2013,MAHARASHTRA,GADCHIROLI,0.0,0.0,0.0,500000000
2013322N13090,HELEN,2013,MAHARASHTRA,GONDIA,0.0,0.0,0.0,500000000
2013322N13090,HELEN,2013,MAHARASHTRA,HINGOLI,0.0,0.0,0.0,500000000
2013322N13090,HELEN,2013,MAHARASHTRA,JALGAON,0.0,0.0,0.0,500000000
2013322N13090,HELEN,2013,MAHARASHTRA,KOLHAPUR,0.0,0.0,0.0,500000000
2013322N13090,HELEN,2013,MAHARASHTRA,LATUR,0.0,0.0,0.0,500000000
2013322N13090,HELEN,2013,MAHARASHTRA,MUMBAI,0.0,0.0,0.0,500000000
2013322N13090,HELEN,2013,MAHARASHTRA,NAGPUR,0.0,0.0,0.0,500000000
2013322N13090,HELEN,2013,MAHARASHTRA,NANDED,0.0,0.0,0.0,500000000
2013322N13090,HELEN,2013,MAHARASHTRA,NASHIK,0.0,0.0,0.0,500000000
2013322N13090,HELEN,2013,MAHARASHTRA,NANDURBAR,0.0,0.0,0.0,500000000
2013322N13090,HELEN,2013,MAHARASHTRA,PALGHAR,0.0,0.0,0.0,500000000
2013322N13090,HELEN,2013,MAHARASHTRA,PUNE,0.0,0.0,0.0,500000000
2013322N13090,HELEN,2013,MAHARASHTRA,RATNAGIRI,0.0,0.0,0.0,500000000
2013322N13090,HELEN,2013,MAHARASHTRA,SANGLI,0.0,0.0,0.0,500000000
2013322N13090,HELEN,2013,MAHARASHTRA,SATARA,0.0,0.0,0.0,500000000
2013322N13090,HELEN,2013,MAHARASHTRA,SINDHUDURG,0.0,0.0,0.0,500000000
2013322N13090,HELEN,2013,MAHARASHTRA,SOLAPUR,0.0,0.0,0.0,500000000
2013322N13090,HELEN,2013,MAHARASHTRA,MUMBAI SUBURBAN,0.0,0.0,0.0,500000000
2013322N13090,HELEN,2013,MAHARASHTRA,THANE,0.0,0.0,0.0,500000000
2013322N13090,HELEN,2013,MAHARASHTRA,DHARASHIV,0.0,0.0,0.0,500000000
2013322N13090,HELEN,2013,MAHARASHTRA,WASHIM,0.0,0.0,0.0,500000000
2013322N13090,HELEN,2013,MAHARASHTRA,WARDHA,0.0,0.0,0.0,500000000
2013322N13090,HELEN,2013,MAHARASHTRA,YAVATMAL,0.0,0.0,0.0,500000000
2013322N13090,HELEN,2013,MAHARASHTRA,AKOLA,0.0,0.0,0.0,500000000
2013322N13090,HELEN,2013,MAHARASHTRA,AMRAVATI,0.0,0.0,0.0,500000000
2013322N13090,HELEN,2013,MAHARASHTRA,BULDHANA,0.0,0.0,0.0,500000000
2013322N13090,HELEN,2013,MAHARASHTRA,PARBHANI,0.0,0.0,0.0,500000000
2013322N13090,HELEN,2013,MAHARASHTRA,JALNA,0.0,0.0,0.0,500000000
2013322N13090,HELEN,2013,MAHARASHTRA,CHHATRAPATI SAMBHAJINAGAR,0.0,0.0,0.0,500000000
2013322N13090,HELEN,2013,MANIPUR,BISHNUPUR,0.0,0.0,0.0,500000000
2013322N13090,HELEN,2013,MANIPUR,CHANDEL,0.0,0.0,0.0,500000000
2013322N13090,HELEN,2013,MANIPUR,CHURACHANDPUR,0.0,0.0,0.0,500000000
2013322N13090,HELEN,2013,MANIPUR,IMPHAL EAST,0.0,0.0,0.0,500000000
2013322N13090,HELEN,2013,MANIPUR,IMPHAL WEST,0.0,0.0,0.0,500000000
2013322N13090,HELEN,2013,MANIPUR,JIRIBAM,0.0,0.0,0.0,500000000
2013322N13090,HELEN,2013,MANIPUR,KAKCHING,0.0,0.0,0.0,500000000
2013322N13090,HELEN,2013,MANIPUR,KAMJANG,0.0,0.0,0.0,500000000
2013322N13090,HELEN,2013,MANIPUR,KANGPOKPI,0.0,0.0,0.0,500000000
2013322N13090,HELEN,2013,MANIPUR,NONEY,0.0,0.0,0.0,500000000
2013322N13090,HELEN,2013,MANIPUR,PHERZAWL,0.0,0.0,0.0,500000000
2013322N13090,HELEN,2013,MANIPUR,SENAPATI,0.0,0.0,0.0,500000000
2013322N13090,HELEN,2013,MANIPUR,TAMENGLONG,0.0,0.0,0.0,500000000
2013322N13090,HELEN,2013,MANIPUR,TENGNOUPAL,0.0,0.0,0.0,500000000
2013322N13090,HELEN,2013,MANIPUR,THOUBAL,0.0,0.0,0.0,500000000
2013322N13090,HELEN,2013,MANIPUR,UKHRUL,0.0,0.0,0.0,500000000
2013322N13090,HELEN,2013,MEGHALAYA,EAST G>RO HILLS,0.0,0.0,0.0,500000000
2013322N13090,HELEN,2013,MEGHALAYA,EAST JAINTIA HILLS,0.0,0.0,0.0,500000000
2013322N13090,HELEN,2013,MEGHALAYA,EAST KH>SI HILLS,0.0,0.0,0.0,500000000
2013322N13090,HELEN,2013,MEGHALAYA,NORTH G>RO HILLS,0.0,0.0,0.0,500000000
2013322N13090,HELEN,2013,MEGHALAYA,RI-BHOI,0.0,0.0,0.0,500000000
2013322N13090,HELEN,2013,MEGHALAYA,SOUTH G>RO HILLS,0.0,0.0,0.0,500000000
2013322N13090,HELEN,2013,MEGHALAYA,SOUTH WEST G>RO HILLS,0.0,0.0,0.0,500000000
2013322N13090,HELEN,2013,MEGHALAYA,WEST G>RO HILLS,0.0,0.0,0.0,500000000
2013322N13090,HELEN,2013,MEGHALAYA,WEST JAINTIA HILLS,0.0,0.0,0.0,500000000
2013322N13090,HELEN,2013,MEGHALAYA,SOUTH WEST KH>SI HILLS,0.0,0.0,0.0,500000000
2013322N13090,HELEN,2013,MEGHALAYA,EASTERN WEST KHASI HILLS,0.0,0.0,0.0,500000000
2013322N13090,HELEN,2013,MEGHALAYA,WEST KHASI HILLS,0.0,0.0,0.0,500000000
2013322N13090,HELEN,2013,MIZORAM,CHAMPHAI,0.0,0.0,0.0,500000000
2013322N13090,HELEN,2013,MIZORAM,HNAHTHIAL,0.0,0.0,0.0,500000000
2013322N13090,HELEN,2013,MIZORAM,SERCHHIP,0.0,0.0,0.0,500000000
2013322N13090,HELEN,2013,MIZORAM,LUNGLEI,0.0,0.0,0.0,500000000
2013322N13090,HELEN,2013,MIZORAM,MAMIT,0.0,0.0,0.0,500000000
2013322N13090,HELEN,2013,MIZORAM,KOLASIB,0.0,0.0,0.0,500000000
2013322N13090,HELEN,2013,MIZORAM,AIZAWL,0.0,0.0,0.0,500000000
2013322N13090,HELEN,2013,MIZORAM,SAIHA,0.0,0.0,0.0,500000000
2013322N13090,HELEN,2013,MIZORAM,SAITUAL,0.0,0.0,0.0,500000000
2013322N13090,HELEN,2013,MIZORAM,LAWNGTLAI,0.0,0.0,0.0,500000000
2013322N13090,HELEN,2013,NAGALAND,LONGLENG,0.0,0.0,0.0,500000000
2013322N13090,HELEN,2013,NAGALAND,TUENSANG,0.0,0.0,0.0,500000000
2013322N13090,HELEN,2013,NAGALAND,SHAMATOR,0.0,0.0,0.0,500000000
2013322N13090,HELEN,2013,NAGALAND,DIMAPUR,0.0,0.0,0.0,500000000
2013322N13090,HELEN,2013,NAGALAND,CHUMOUKEDIMA,0.0,0.0,0.0,500000000
2013322N13090,HELEN,2013,NAGALAND,NIULAND,0.0,0.0,0.0,500000000
2013322N13090,HELEN,2013,NAGALAND,PEREN,0.0,0.0,0.0,500000000
2013322N13090,HELEN,2013,NAGALAND,KOHIMA,0.0,0.0,0.0,500000000
2013322N13090,HELEN,2013,NAGALAND,MON,0.0,0.0,0.0,500000000
2013322N13090,HELEN,2013,NAGALAND,KIPHIRE,0.0,0.0,0.0,500000000
2013322N13090,HELEN,2013,NAGALAND,PHEK,0.0,0.0,0.0,500000000
2013322N13090,HELEN,2013,NAGALAND,MOKOKCHUNG,0.0,0.0,0.0,500000000
2013322N13090,HELEN,2013,NAGALAND,ZUNHEBOTO,0.0,0.0,0.0,500000000
2013322N13090,HELEN,2013,NAGALAND,WOKHA,0.0,0.0,0.0,500000000
2013322N13090,HELEN,2013,NAGALAND,TSEMINYU,0.0,0.0,0.0,500000000
2013322N13090,HELEN,2013,NAGALAND,NOKLAK,0.0,0.0,0.0,500000000
2013322N13090,HELEN,2013,PUDUCHERRY,KARAIKAL,0.0,0.0,0.0,500000000
2013322N13090,HELEN,2013,PUDUCHERRY,MAHE,0.0,0.0,0.0,500000000
2013322N13090,HELEN,2013,PUDUCHERRY,PUDUCHERRY,0.0,0.0,0.0,500000000
2013322N13090,HELEN,2013,PUNJAB,FIROZPUR,0.0,0.0,0.0,500000000
2013322N13090,HELEN,2013,PUNJAB,LUDHIANA,0.0,0.0,0.0,500000000
2013322N13090,HELEN,2013,PUNJAB,RUPNAGAR,0.0,0.0,0.0,500000000
2013322N13090,HELEN,2013,PUNJAB,MANSA,0.0,0.0,0.0,500000000
2013322N13090,HELEN,2013,PUNJAB,SRI MUKTSAR SAHIB,0.0,0.0,0.0,500000000
2013322N13090,HELEN,2013,PUNJAB,SAS NAGAR (SAHIBZADA AJIT SINGH NAGAR),0.0,0.0,0.0,500000000
2013322N13090,HELEN,2013,PUNJAB,JALANDHAR,0.0,0.0,0.0,500000000
2013322N13090,HELEN,2013,PUNJAB,PATHANKOT,0.0,0.0,0.0,500000000
2013322N13090,HELEN,2013,PUNJAB,FARIDKOT,0.0,0.0,0.0,500000000
2013322N13090,HELEN,2013,PUNJAB,MOGA,0.0,0.0,0.0,500000000
2013322N13090,HELEN,2013,PUNJAB,HOSHIARPUR,0.0,0.0,0.0,500000000
2013322N13090,HELEN,2013,PUNJAB,BATHINDA,0.0,0.0,0.0,500000000
2013322N13090,HELEN,2013,PUNJAB,TARN TARAN,0.0,0.0,0.0,500000000
2013322N13090,HELEN,2013,PUNJAB,FAZILKA,0.0,0.0,0.0,500000000
2013322N13090,HELEN,2013,PUNJAB,PATIALA,0.0,0.0,0.0,500000000
2013322N13090,HELEN,2013,PUNJAB,SHAHID BHAGAT SINGH NAGAR,0.0,0.0,0.0,500000000
2013322N13090,HELEN,2013,PUNJAB,BARNALA,0.0,0.0,0.0,500000000
2013322N13090,HELEN,2013,PUNJAB,GURDASPUR,0.0,0.0,0.0,500000000
2013322N13090,HELEN,2013,PUNJAB,KAPURTHALA,0.0,0.0,0.0,500000000
2013322N13090,HELEN,2013,PUNJAB,FATEHGARH SAHIB,0.0,0.0,0.0,500000000
2013322N13090,HELEN,2013,PUNJAB,AMRITSAR,0.0,0.0,0.0,500000000
2013322N13090,HELEN,2013,PUNJAB,MALER KOTLA,0.0,0.0,0.0,500000000
2013322N13090,HELEN,2013,PUNJAB,SANGRUR,0.0,0.0,0.0,500000000
2013322N13090,HELEN,2013,RAJASTHAN,AJMER,0.0,0.0,0.0,500000000
2013322N13090,HELEN,2013,RAJASTHAN,ALWAR,0.0,0.0,0.0,500000000
2013322N13090,HELEN,2013,RAJASTHAN,ANOOPGARH,0.0,0.0,0.0,500000000
2013322N13090,HELEN,2013,RAJASTHAN,BALOTRA,0.0,0.0,0.0,500000000
2013322N13090,HELEN,2013,RAJASTHAN,BANSWARA,0.0,0.0,0.0,500000000
2013322N13090,HELEN,2013,RAJASTHAN,BARAN,0.0,0.0,0.0,500000000
2013322N13090,HELEN,2013,RAJASTHAN,BARMER,0.0,0.0,0.0,500000000
2013322N13090,HELEN,2013,RAJASTHAN,BEAWAR,0.0,0.0,0.0,500000000
2013322N13090,HELEN,2013,RAJASTHAN,BHARATPUR,0.0,0.0,0.0,500000000
2013322N13090,HELEN,2013,RAJASTHAN,BHILWARA,0.0,0.0,0.0,500000000
2013322N13090,HELEN,2013,RAJASTHAN,BIKANER,0.0,0.0,0.0,500000000
2013322N13090,HELEN,2013,RAJASTHAN,BUNDI,0.0,0.0,0.0,500000000
2013322N13090,HELEN,2013,RAJASTHAN,CHITTAURGARH,0.0,0.0,0.0,500000000
2013322N13090,HELEN,2013,RAJASTHAN,CHURU,0.0,0.0,0.0,500000000
2013322N13090,HELEN,2013,RAJASTHAN,DAUSA,0.0,0.0,0.0,500000000
2013322N13090,HELEN,2013,RAJASTHAN,DEEG,0.0,0.0,0.0,500000000
2013322N13090,HELEN,2013,RAJASTHAN,DHAULPUR,0.0,0.0,0.0,500000000
2013322N13090,HELEN,2013,RAJASTHAN,DIDWANA-KUCHAMAN,0.0,0.0,0.0,500000000
2013322N13090,HELEN,2013,RAJASTHAN,DUDU,0.0,0.0,0.0,500000000
2013322N13090,HELEN,2013,RAJASTHAN,DUNGARPUR,0.0,0.0,0.0,500000000
2013322N13090,HELEN,2013,RAJASTHAN,GANGANAGAR,0.0,0.0,0.0,500000000
2013322N13090,HELEN,2013,RAJASTHAN,GANGAPURCITY,0.0,0.0,0.0,500000000
2013322N13090,HELEN,2013,RAJASTHAN,HANUMANGARH,0.0,0.0,0.0,500000000
2013322N13090,HELEN,2013,RAJASTHAN,JAIPUR,0.0,0.0,0.0,500000000
2013322N13090,HELEN,2013,RAJASTHAN,JAIPUR(GRAMIN),0.0,0.0,0.0,500000000
2013322N13090,HELEN,2013,RAJASTHAN,JAISALMER,0.0,0.0,0.0,500000000
2013322N13090,HELEN,2013,RAJASTHAN,JALOR,0.0,0.0,0.0,500000000
2013322N13090,HELEN,2013,RAJASTHAN,JHALAWAR,0.0,0.0,0.0,500000000
2013322N13090,HELEN,2013,RAJASTHAN,JHUNJHUNUN,0.0,0.0,0.0,500000000
2013322N13090,HELEN,2013,RAJASTHAN,JODHPUR,0.0,0.0,0.0,500000000
2013322N13090,HELEN,2013,RAJASTHAN,JODHPUR GRAMIN,0.0,0.0,0.0,500000000
2013322N13090,HELEN,2013,RAJASTHAN,KARAULI,0.0,0.0,0.0,500000000
2013322N13090,HELEN,2013,RAJASTHAN,KEKRI,0.0,0.0,0.0,500000000
2013322N13090,HELEN,2013,RAJASTHAN,KHAIRTHAL-TIJARA,0.0,0.0,0.0,500000000
2013322N13090,HELEN,2013,RAJASTHAN,KOTA,0.0,0.0,0.0,500000000
2013322N13090,HELEN,2013,RAJASTHAN,KOTPUTLI-BEHROR,0.0,0.0,0.0,500000000
2013322N13090,HELEN,2013,RAJASTHAN,NAGAUR,0.0,0.0,0.0,500000000
2013322N13090,HELEN,2013,RAJASTHAN,NEEM-KA-THANA,0.0,0.0,0.0,500000000
2013322N13090,HELEN,2013,RAJASTHAN,PALI,0.0,0.0,0.0,500000000
2013322N13090,HELEN,2013,RAJASTHAN,PHALODI,0.0,0.0,0.0,500000000
2013322N13090,HELEN,2013,RAJASTHAN,PRATAPGARH,0.0,0.0,0.0,500000000
2013322N13090,HELEN,2013,RAJASTHAN,RAJSAMAND,0.0,0.0,0.0,500000000
2013322N13090,HELEN,2013,RAJASTHAN,SALUMBAR,0.0,0.0,0.0,500000000
2013322N13090,HELEN,2013,RAJASTHAN,SANCHORE,0.0,0.0,0.0,500000000
2013322N13090,HELEN,2013,RAJASTHAN,SAWAI MADHOPUR,0.0,0.0,0.0,500000000
2013322N13090,HELEN,2013,RAJASTHAN,SHAHPURA,0.0,0.0,0.0,500000000
2013322N13090,HELEN,2013,RAJASTHAN,SIKAR,0.0,0.0,0.0,500000000
2013322N13090,HELEN,2013,RAJASTHAN,SIROHI,0.0,0.0,0.0,500000000
2013322N13090,HELEN,2013,RAJASTHAN,TONK,0.0,0.0,0.0,500000000
2013322N13090,HELEN,2013,RAJASTHAN,UDAIPUR,0.0,0.0,0.0,500000000
2013322N13090,HELEN,2013,SIKKIM,GYALSHING,0.0,0.0,0.0,500000000
2013322N13090,HELEN,2013,SIKKIM,PAKYONG,0.0,0.0,0.0,500000000
2013322N13090,HELEN,2013,SIKKIM,NAMCHI,0.0,0.0,0.0,500000000
2013322N13090,HELEN,2013,SIKKIM,MANGAN,0.0,0.0,0.0,500000000
2013322N13090,HELEN,2013,SIKKIM,GANGTOK,0.0,0.0,0.0,500000000
2013322N13090,HELEN,2013,SIKKIM,SORENG,0.0,0.0,0.0,500000000
2013322N13090,HELEN,2013,TAMIL NADU,ARIYALUR,0.0,0.0,0.0,500000000
2013322N13090,HELEN,2013,TAMIL NADU,CHENGALPATTU,0.0,0.0,0.0,500000000
2013322N13090,HELEN,2013,TAMIL NADU,CHENNAI,0.0,0.0,0.0,500000000
2013322N13090,HELEN,2013,TAMIL NADU,COIMBATORE,0.0,0.0,0.0,500000000
2013322N13090,HELEN,2013,TAMIL NADU,CUDDALORE,0.0,0.0,0.0,500000000
2013322N13090,HELEN,2013,TAMIL NADU,DHARMAPURI,0.0,0.0,0.0,500000000
2013322N13090,HELEN,2013,TAMIL NADU,DINDIGUL,0.0,0.0,0.0,500000000
2013322N13090,HELEN,2013,TAMIL NADU,ERODE,0.0,0.0,0.0,500000000
2013322N13090,HELEN,2013,TAMIL NADU,KALLAKKURICHI,0.0,0.0,0.0,500000000
2013322N13090,HELEN,2013,TAMIL NADU,KANCHIPURAM,0.0,0.0,0.0,500000000
2013322N13090,HELEN,2013,TAMIL NADU,KANNIYAKUMARI,0.0,0.0,0.0,500000000
2013322N13090,HELEN,2013,TAMIL NADU,KARUR,0.0,0.0,0.0,500000000
2013322N13090,HELEN,2013,TAMIL NADU,KRISHNAGIRI,0.0,0.0,0.0,500000000
2013322N13090,HELEN,2013,TAMIL NADU,MADURAI,0.0,0.0,0.0,500000000
2013322N13090,HELEN,2013,TAMIL NADU,MAYILADUTHURAI,0.0,0.0,0.0,500000000
2013322N13090,HELEN,2013,TAMIL NADU,NAGAPATTINAM,0.0,0.0,0.0,500000000
2013322N13090,HELEN,2013,TAMIL NADU,NAMAKKAL,0.0,0.0,0.0,500000000
2013322N13090,HELEN,2013,TAMIL NADU,PERAMBALUR,0.0,0.0,0.0,500000000
2013322N13090,HELEN,2013,TAMIL NADU,PUDUKKOTTAI,0.0,0.0,0.0,500000000
2013322N13090,HELEN,2013,TAMIL NADU,RAMANATHAPURAM,0.0,0.0,0.0,500000000
2013322N13090,HELEN,2013,TAMIL NADU,RANIPET,0.0,0.0,0.0,500000000
2013322N13090,HELEN,2013,TAMIL NADU,SALEM,0.0,0.0,0.0,500000000
2013322N13090,HELEN,2013,TAMIL NADU,SIVAGANGA,0.0,0.0,0.0,500000000
2013322N13090,HELEN,2013,TAMIL NADU,TENKASI,0.0,0.0,0.0,500000000
2013322N13090,HELEN,2013,TAMIL NADU,THANJAVUR,0.0,0.0,0.0,500000000
2013322N13090,HELEN,2013,TAMIL NADU,THE NILGIRIS,0.0,0.0,0.0,500000000
2013322N13090,HELEN,2013,TAMIL NADU,THENI,0.0,0.0,0.0,500000000
2013322N13090,HELEN,2013,TAMIL NADU,THIRUVALLUR,0.0,0.0,0.0,500000000
2013322N13090,HELEN,2013,TAMIL NADU,THIRUVARUR,0.0,0.0,0.0,500000000
2013322N13090,HELEN,2013,TAMIL NADU,THOOTHUKUDI,0.0,0.0,0.0,500000000
2013322N13090,HELEN,2013,TAMIL NADU,TIRUCHIRAPPALLI,0.0,0.0,0.0,500000000
2013322N13090,HELEN,2013,TAMIL NADU,TIRUNELVELI,0.0,0.0,0.0,500000000
2013322N13090,HELEN,2013,TAMIL NADU,TIRUPATHUR,0.0,0.0,0.0,500000000
2013322N13090,HELEN,2013,TAMIL NADU,TIRUPPUR,0.0,0.0,0.0,500000000
2013322N13090,HELEN,2013,TAMIL NADU,TIRUVANNAMALAI,0.0,0.0,0.0,500000000
2013322N13090,HELEN,2013,TAMIL NADU,VELLORE,0.0,0.0,0.0,500000000
2013322N13090,HELEN,2013,TAMIL NADU,VILUPPURAM,0.0,0.0,0.0,500000000
2013322N13090,HELEN,2013,TAMIL NADU,VIRUDHUNAGAR,0.0,0.0,0.0,500000000
2013322N13090,HELEN,2013,TELANGANA,ADILABAD,0.0,0.0,0.0,500000000
2013322N13090,HELEN,2013,TELANGANA,BHADRADRI KOTHAGUDEM,0.0,0.0,0.0,500000000
2013322N13090,HELEN,2013,TELANGANA,HANUMAKONDA,0.0,0.0,0.0,500000000
2013322N13090,HELEN,2013,TELANGANA,HYDERABAD,0.0,0.0,0.0,500000000
2013322N13090,HELEN,2013,TELANGANA,JAGTIAL,0.0,0.0,0.0,500000000
2013322N13090,HELEN,2013,TELANGANA,JANGOAN,0.0,0.0,0.0,500000000
2013322N13090,HELEN,2013,TELANGANA,JAYASHANKAR BHUPALPALLI,0.0,0.0,0.0,500000000
2013322N13090,HELEN,2013,TELANGANA,JOGULAMBA GADWAL,0.0,0.0,0.0,500000000
2013322N13090,HELEN,2013,TELANGANA,KAMAREDDY,0.0,0.0,0.0,500000000
2013322N13090,HELEN,2013,TELANGANA,KARIMNAGAR,0.0,0.0,0.0,500000000
2013322N13090,HELEN,2013,TELANGANA,KHAMMAM,0.0,0.0,0.0,500000000
2013322N13090,HELEN,2013,TELANGANA,KOMARRAM BHEEM,0.0,0.0,0.0,500000000
2013322N13090,HELEN,2013,TELANGANA,MAHABUBABAD,0.0,0.0,0.0,500000000
2013322N13090,HELEN,2013,TELANGANA,MAHABUBNAGAR,0.0,0.0,0.0,500000000
2013322N13090,HELEN,2013,TELANGANA,MANCHERIAL,0.0,0.0,0.0,500000000
2013322N13090,HELEN,2013,TELANGANA,MEDAK,0.0,0.0,0.0,500000000
2013322N13090,HELEN,2013,TELANGANA,MEDCHAL_MALKAJGIRI,0.0,0.0,0.0,500000000
2013322N13090,HELEN,2013,TELANGANA,MULUGU,0.0,0.0,0.0,500000000
2013322N13090,HELEN,2013,TELANGANA,NAGARKURNOOL,0.0,0.0,0.0,500000000
2013322N13090,HELEN,2013,TELANGANA,NALGONDA,0.0,0.0,0.0,500000000
2013322N13090,HELEN,2013,TELANGANA,NARAYANPET,0.0,0.0,0.0,500000000
2013322N13090,HELEN,2013,TELANGANA,NIRMAL,0.0,0.0,0.0,500000000
2013322N13090,HELEN,2013,TELANGANA,NIZAMABAD,0.0,0.0,0.0,500000000
2013322N13090,HELEN,2013,TELANGANA,PEDDAPALLI,0.0,0.0,0.0,500000000
2013322N13090,HELEN,2013,TELANGANA,RAJANNA SIRCILLA,0.0,0.0,0.0,500000000
2013322N13090,HELEN,2013,TELANGANA,RANGA REDDY,0.0,0.0,0.0,500000000
2013322N13090,HELEN,2013,TELANGANA,SANGAREDDY,0.0,0.0,0.0,500000000
2013322N13090,HELEN,2013,TELANGANA,SIDDIPET,0.0,0.0,0.0,500000000
2013322N13090,HELEN,2013,TELANGANA,SURIYAPET,0.0,0.0,0.0,500000000
2013322N13090,HELEN,2013,TELANGANA,VIKARABAD,0.0,0.0,0.0,500000000
2013322N13090,HELEN,2013,TELANGANA,WANPARTI,0.0,0.0,0.0,500000000
2013322N13090,HELEN,2013,TELANGANA,WARANGAL,0.0,0.0,0.0,500000000
2013322N13090,HELEN,2013,TELANGANA,YADADRI BHUVANAGIRI,0.0,0.0,0.0,500000000
2013322N13090,HELEN,2013,TRIPURA,SOUTH TRIPURA,0.0,0.0,0.0,500000000
2013322N13090,HELEN,2013,TRIPURA,WEST TRIPURA,0.0,0.0,0.0,500000000
2013322N13090,HELEN,2013,TRIPURA,DHALAI,0.0,0.0,0.0,500000000
2013322N13090,HELEN,2013,TRIPURA,KHOWAI,0.0,0.0,0.0,500000000
2013322N13090,HELEN,2013,TRIPURA,UNAKOTI,0.0,0.0,0.0,500000000
2013322N13090,HELEN,2013,TRIPURA,NORTH TRIPURA,0.0,0.0,0.0,500000000
2013322N13090,HELEN,2013,TRIPURA,SEPAHIJALA,0.0,0.0,0.0,500000000
2013322N13090,HELEN,2013,TRIPURA,GOMTI,0.0,0.0,0.0,500000000
2013322N13090,HELEN,2013,UTTARAKHAND,B>GESHWAR,0.0,0.0,0.0,500000000
2013322N13090,HELEN,2013,UTTARAKHAND,CHAMP>WAT,0.0,0.0,0.0,500000000
2013322N13090,HELEN,2013,UTTARAKHAND,HARIDW>R,0.0,0.0,0.0,500000000
2013322N13090,HELEN,2013,UTTARAKHAND,NAINIT>L,0.0,0.0,0.0,500000000
2013322N13090,HELEN,2013,UTTARAKHAND,PAURI GARHW>L,0.0,0.0,0.0,500000000
2013322N13090,HELEN,2013,UTTARAKHAND,RUDRAPRAY>G,0.0,0.0,0.0,500000000
2013322N13090,HELEN,2013,UTTARAKHAND,TEHRI GARHW>L,0.0,0.0,0.0,500000000
2013322N13090,HELEN,2013,UTTARAKHAND,UDHAM SINGH NAGAR,0.0,0.0,0.0,500000000
2013322N13090,HELEN,2013,UTTARAKHAND,CHAMOLI,0.0,0.0,0.0,500000000
2013322N13090,HELEN,2013,UTTARAKHAND,PITHOR>GARH,0.0,0.0,0.0,500000000
2013322N13090,HELEN,2013,UTTARAKHAND,UTTARK>SHI,0.0,0.0,0.0,500000000
2013322N13090,HELEN,2013,WEST BENGAL,MURSHID>B>D,0.0,0.0,0.0,500000000
2013322N13090,HELEN,2013,WEST BENGAL,SOUTH 24PARGANAS,0.0,0.0,0.0,500000000
2013322N13090,HELEN,2013,WEST BENGAL,PURULIYA,0.0,0.0,0.0,500000000
2013322N13090,HELEN,2013,WEST BENGAL,PASCHIM MEDIN|PUR,0.0,0.0,0.0,500000000
2013322N13090,HELEN,2013,WEST BENGAL,PASCHIM BARDDHAM>N,0.0,0.0,0.0,500000000
2013322N13090,HELEN,2013,WEST BENGAL,NORTH TWENTY-FOUR PARGANAS,0.0,0.0,0.0,500000000
2013322N13090,HELEN,2013,WEST BENGAL,KOCH BIH>R,0.0,0.0,0.0,500000000
2013322N13090,HELEN,2013,WEST BENGAL,JHARGRAM,0.0,0.0,0.0,500000000
2013322N13090,HELEN,2013,WEST BENGAL,JALP>IGURI,0.0,0.0,0.0,500000000
2013322N13090,HELEN,2013,WEST BENGAL,HUGLI,0.0,0.0,0.0,500000000
2013322N13090,HELEN,2013,WEST BENGAL,B>NKURA,0.0,0.0,0.0,500000000
2013322N13090,HELEN,2013,WEST BENGAL,>L|PUR DU>R,0.0,0.0,0.0,500000000
2013322N13090,HELEN,2013,WEST BENGAL,UTTAR DIN>JPUR,0.0,0.0,0.0,500000000
2013322N13090,HELEN,2013,WEST BENGAL,PURBA MEDIN|PUR,0.0,0.0,0.0,500000000
2013322N13090,HELEN,2013,WEST BENGAL,PURBA BARDDHAM>N,0.0,0.0,0.0,500000000
2013322N13090,HELEN,2013,WEST BENGAL,NADIA,0.0,0.0,0.0,500000000
2013322N13090,HELEN,2013,WEST BENGAL,M>LDAH,0.0,0.0,0.0,500000000
2013322N13090,HELEN,2013,WEST BENGAL,K>LIMPONG,0.0,0.0,0.0,500000000
2013322N13090,HELEN,2013,WEST BENGAL,H>ORA,0.0,0.0,0.0,500000000
2013322N13090,HELEN,2013,WEST BENGAL,D>RJILING,0.0,0.0,0.0,500000000
2013322N13090,HELEN,2013,WEST BENGAL,DAKSHIN DIN>JPUR,0.0,0.0,0.0,500000000
2013322N13090,HELEN,2013,WEST BENGAL,B|RBH@M,0.0,0.0,0.0,500000000
2013322N13090,HELEN,2013,WEST BENGAL,P@RBA MEDIN|PUR,0.0,0.0,0.0,500000000
2013322N13090,HELEN,2013,KARNATAKA,UDUPI,0.0,0.0,0.0,500000000
2013322N13090,HELEN,2013,ODISHA,KENDRAPARA,0.0,0.0,0.0,500000000
2013322N13090,HELEN,2013,ODISHA,BHADRAK,0.0,0.0,0.0,500000000
2013322N13090,HELEN,2013,ODISHA,BARGARH,0.0,0.0,0.0,500000000
2013322N13090,HELEN,2013,ODISHA,KEONJHAR (KENDUJHAR),0.0,0.0,0.0,500000000
2013322N13090,HELEN,2013,ODISHA,ANUGUL,0.0,0.0,0.0,500000000
2013322N13090,HELEN,2013,ODISHA,BALANGIR,0.0,0.0,0.0,500000000
2013322N13090,HELEN,2013,ODISHA,BALASORE,0.0,0.0,0.0,500000000
2013322N13090,HELEN,2013,ODISHA,DHENKANAL,0.0,0.0,0.0,500000000
2013322N13090,HELEN,2013,ODISHA,JHARSUGUDA,0.0,0.0,0.0,500000000
2013322N13090,HELEN,2013,ODISHA,MAYURBHANJ,0.0,0.0,0.0,500000000
2013322N13090,HELEN,2013,ODISHA,JAGATSINGHPUR,0.0,0.0,0.0,500000000
2013322N13090,HELEN,2013,ODISHA,KANDHAMAL,0.0,0.0,0.0,500000000
2013322N13090,HELEN,2013,ODISHA,CUTTACK,0.0,0.0,0.0,500000000
2013322N13090,HELEN,2013,ODISHA,KORAPUT,0.0,0.0,0.0,500000000
2013322N13090,HELEN,2013,ODISHA,NABARANGAPUR,0.0,0.0,0.0,500000000
2013322N13090,HELEN,2013,ODISHA,PURI,0.0,0.0,0.0,500000000
2013322N13090,HELEN,2013,ODISHA,SAMBALPUR,0.0,0.0,0.0,500000000
2013322N13090,HELEN,2013,ODISHA,GAJAPATI,0.0,0.0,0.0,500000000
2013322N13090,HELEN,2013,ODISHA,GANJAM,0.0,0.0,0.0,500000000
2013322N13090,HELEN,2013,ODISHA,MALKANGIRI,0.0,0.0,0.0,500000000
2013322N13090,HELEN,2013,ODISHA,KHORDHA,0.0,0.0,0.0,500000000
2013322N13090,HELEN,2013,ODISHA,BOUDH,0.0,0.0,0.0,500000000
2013322N13090,HELEN,2013,ODISHA,DEOGARH,0.0,0.0,0.0,500000000
2013322N13090,HELEN,2013,ODISHA,NUAPARHA,0.0,0.0,0.0,500000000
2013322N13090,HELEN,2013,ODISHA,JAJAPUR,0.0,0.0,0.0,500000000
2013322N13090,HELEN,2013,ODISHA,SUNDARGARH,0.0,0.0,0.0,500000000
2013322N13090,HELEN,2013,ODISHA,KALAHANDI,0.0,0.0,0.0,500000000
2013322N13090,HELEN,2013,ODISHA,SUBARNAPUR,0.0,0.0,0.0,500000000
2013322N13090,HELEN,2013,ODISHA,RAYAGARHA,0.0,0.0,0.0,500000000
2013322N13090,HELEN,2013,ODISHA,NAYAGARH,0.0,0.0,0.0,500000000
2013322N13090,HELEN,2013,CHANDIGARH,CHANDIGARH,0.0,0.0,0.0,500000000
2013322N13090,HELEN,2013,UTTARAKHAND,ALMORA,0.0,0.0,0.0,500000000
2013322N13090,HELEN,2013,UTTARAKHAND,DEHRAD@N,0.0,0.0,0.0,500000000
2013322N13090,HELEN,2013,KARNATAKA,TUMAK#RU,0.0,0.0,0.0,500000000
2013322N13090,HELEN,2013,KARNATAKA,B\DAR,0.0,0.0,0.0,500000000
2013322N13090,HELEN,2013,MADHYA PRADESH,SIDHI,0.0,0.0,0.0,500000000
2013322N13090,HELEN,2013,KARNATAKA,KODAGU,0.0,0.0,0.0,500000000
2013322N13090,HELEN,2013,MADHYA PRADESH,DATIA,0.0,0.0,0.0,500000000
2013322N13090,HELEN,2013,UTTAR PRADESH,AGRA,0.0,0.0,0.0,500000000
2013322N13090,HELEN,2013,UTTAR PRADESH,ALIGARH,0.0,0.0,0.0,500000000
2013322N13090,HELEN,2013,UTTAR PRADESH,AMBEDKAR NAGAR,0.0,0.0,0.0,500000000
2013322N13090,HELEN,2013,UTTAR PRADESH,AMETHI,0.0,0.0,0.0,500000000
2013322N13090,HELEN,2013,UTTAR PRADESH,AMROHA,0.0,0.0,0.0,500000000
2013322N13090,HELEN,2013,UTTAR PRADESH,AURAIYA,0.0,0.0,0.0,500000000
2013322N13090,HELEN,2013,UTTAR PRADESH,AYODHYA,0.0,0.0,0.0,500000000
2013322N13090,HELEN,2013,UTTAR PRADESH,AZAMGARH,0.0,0.0,0.0,500000000
2013322N13090,HELEN,2013,UTTAR PRADESH,BAGHPAT,0.0,0.0,0.0,500000000
2013322N13090,HELEN,2013,UTTAR PRADESH,BAHRAICH,0.0,0.0,0.0,500000000
2013322N13090,HELEN,2013,UTTAR PRADESH,BALLIA,0.0,0.0,0.0,500000000
2013322N13090,HELEN,2013,UTTAR PRADESH,BARA BANKI,0.0,0.0,0.0,500000000
2013322N13090,HELEN,2013,UTTAR PRADESH,BAREILLY,0.0,0.0,0.0,500000000
2013322N13090,HELEN,2013,UTTAR PRADESH,BASTI,0.0,0.0,0.0,500000000
2013322N13090,HELEN,2013,UTTAR PRADESH,BHADOHI,0.0,0.0,0.0,500000000
2013322N13090,HELEN,2013,UTTAR PRADESH,BIJNOR,0.0,0.0,0.0,500000000
2013322N13090,HELEN,2013,UTTAR PRADESH,BUDAUN,0.0,0.0,0.0,500000000
2013322N13090,HELEN,2013,UTTAR PRADESH,BULANDSHAHR,0.0,0.0,0.0,500000000
2013322N13090,HELEN,2013,UTTAR PRADESH,CHANDAULI,0.0,0.0,0.0,500000000
2013322N13090,HELEN,2013,UTTAR PRADESH,CHITRAKOOT,0.0,0.0,0.0,500000000
2013322N13090,HELEN,2013,UTTAR PRADESH,DEORIA,0.0,0.0,0.0,500000000
2013322N13090,HELEN,2013,UTTAR PRADESH,ETAH,0.0,0.0,0.0,500000000
2013322N13090,HELEN,2013,UTTAR PRADESH,ETAWAH,0.0,0.0,0.0,500000000
2013322N13090,HELEN,2013,UTTAR PRADESH,FARRUKHABAD,0.0,0.0,0.0,500000000
2013322N13090,HELEN,2013,UTTAR PRADESH,FATEHPUR,0.0,0.0,0.0,500000000
2013322N13090,HELEN,2013,UTTAR PRADESH,FIROZABAD,0.0,0.0,0.0,500000000
2013322N13090,HELEN,2013,UTTAR PRADESH,GAUTAM BUDDHA NAGAR,0.0,0.0,0.0,500000000
2013322N13090,HELEN,2013,UTTAR PRADESH,GHAZIABAD,0.0,0.0,0.0,500000000
2013322N13090,HELEN,2013,UTTAR PRADESH,GHAZIPUR,0.0,0.0,0.0,500000000
2013322N13090,HELEN,2013,UTTAR PRADESH,GONDA,0.0,0.0,0.0,500000000
2013322N13090,HELEN,2013,UTTAR PRADESH,GORAKHPUR,0.0,0.0,0.0,500000000
2013322N13090,HELEN,2013,UTTAR PRADESH,HAMIRPUR,0.0,0.0,0.0,500000000
2013322N13090,HELEN,2013,UTTAR PRADESH,HAPUR,0.0,0.0,0.0,500000000
2013322N13090,HELEN,2013,UTTAR PRADESH,HARDOI,0.0,0.0,0.0,500000000
2013322N13090,HELEN,2013,UTTAR PRADESH,HATHRAS,0.0,0.0,0.0,500000000
2013322N13090,HELEN,2013,UTTAR PRADESH,JALAUN,0.0,0.0,0.0,500000000
2013322N13090,HELEN,2013,UTTAR PRADESH,JAUNPUR,0.0,0.0,0.0,500000000
2013322N13090,HELEN,2013,UTTAR PRADESH,JHANSI,0.0,0.0,0.0,500000000
2013322N13090,HELEN,2013,UTTAR PRADESH,KANNAUJ,0.0,0.0,0.0,500000000
2013322N13090,HELEN,2013,UTTAR PRADESH,KANPUR DEHAT,0.0,0.0,0.0,500000000
2013322N13090,HELEN,2013,UTTAR PRADESH,KANPUR NAGAR,0.0,0.0,0.0,500000000
2013322N13090,HELEN,2013,UTTAR PRADESH,KASGANJ,0.0,0.0,0.0,500000000
2013322N13090,HELEN,2013,UTTAR PRADESH,KAUSHAMBI,0.0,0.0,0.0,500000000
2013322N13090,HELEN,2013,UTTAR PRADESH,KHERI,0.0,0.0,0.0,500000000
2013322N13090,HELEN,2013,UTTAR PRADESH,KUSHINAGAR,0.0,0.0,0.0,500000000
2013322N13090,HELEN,2013,UTTAR PRADESH,LALITPUR,0.0,0.0,0.0,500000000
2013322N13090,HELEN,2013,UTTAR PRADESH,LUCKNOW,0.0,0.0,0.0,500000000
2013322N13090,HELEN,2013,UTTAR PRADESH,MAHOBA,0.0,0.0,0.0,500000000
2013322N13090,HELEN,2013,UTTAR PRADESH,MAHRAJGANJ,0.0,0.0,0.0,500000000
2013322N13090,HELEN,2013,UTTAR PRADESH,MAINPURI,0.0,0.0,0.0,500000000
2013322N13090,HELEN,2013,UTTAR PRADESH,MATHURA,0.0,0.0,0.0,500000000
2013322N13090,HELEN,2013,UTTAR PRADESH,MAU,0.0,0.0,0.0,500000000
2013322N13090,HELEN,2013,UTTAR PRADESH,MEERUT,0.0,0.0,0.0,500000000
2013322N13090,HELEN,2013,UTTAR PRADESH,MIRZAPUR,0.0,0.0,0.0,500000000
2013322N13090,HELEN,2013,UTTAR PRADESH,MORADABAD,0.0,0.0,0.0,500000000
2013322N13090,HELEN,2013,UTTAR PRADESH,MUZAFFARNAGAR,0.0,0.0,0.0,500000000
2013322N13090,HELEN,2013,UTTAR PRADESH,PILIBHIT,0.0,0.0,0.0,500000000
2013322N13090,HELEN,2013,UTTAR PRADESH,PRAYAGRAJ,0.0,0.0,0.0,500000000
2013322N13090,HELEN,2013,UTTAR PRADESH,RAE BARELI,0.0,0.0,0.0,500000000
2013322N13090,HELEN,2013,UTTAR PRADESH,RAMPUR,0.0,0.0,0.0,500000000
2013322N13090,HELEN,2013,UTTAR PRADESH,SAHARANPUR,0.0,0.0,0.0,500000000
2013322N13090,HELEN,2013,UTTAR PRADESH,SAMBHAL,0.0,0.0,0.0,500000000
2013322N13090,HELEN,2013,UTTAR PRADESH,SANT KABIR NAGAR,0.0,0.0,0.0,500000000
2013322N13090,HELEN,2013,UTTAR PRADESH,SHAHJAHANPUR,0.0,0.0,0.0,500000000
2013322N13090,HELEN,2013,UTTAR PRADESH,SHAMLI,0.0,0.0,0.0,500000000
2013322N13090,HELEN,2013,UTTAR PRADESH,SHRAWASTI,0.0,0.0,0.0,500000000
2013322N13090,HELEN,2013,UTTAR PRADESH,SIDDHARTHNAGAR,0.0,0.0,0.0,500000000
2013322N13090,HELEN,2013,UTTAR PRADESH,SITAPUR,0.0,0.0,0.0,500000000
2013322N13090,HELEN,2013,UTTAR PRADESH,SONBHADRA,0.0,0.0,0.0,500000000
2013322N13090,HELEN,2013,UTTAR PRADESH,SULTANPUR,0.0,0.0,0.0,500000000
2013322N13090,HELEN,2013,UTTAR PRADESH,UNNAO,0.0,0.0,0.0,500000000
2013322N13090,HELEN,2013,UTTAR PRADESH,VARANASI,0.0,0.0,0.0,500000000
2013322N13090,HELEN,2013,UTTAR PRADESH,BANDA,0.0,0.0,0.0,500000000
2013322N13090,HELEN,2013,WEST BENGAL,KOLK>TA,0.0,0.0,0.0,500000000
2013322N13090,HELEN,2013,MIZORAM,KHAWZAWL,0.0,0.0,0.0,500000000
2013322N13090,HELEN,2013,ARUNACHAL PRADESH,LOHIT,0.0,0.0,0.0,500000000
2013322N13090,HELEN,2013,LAKSHADWEEP,LAKSHADWEEP,0.0,0.0,0.0,500000000
